date,facility_id,service_level,parcel_volume,weather_severity,promotion_index,holiday_flag,day_of_week,opening_backlog
2024-01-01,NORTH-01,standard,7903,0.217,0.067,1,0,529
2024-01-01,NORTH-01,priority,7190,0.0,0.046,1,0,357
2024-01-01,NORTH-01,economy,6771,0.178,0.082,1,0,476
2024-01-01,NORTH-02,standard,8457,0.188,0.24,1,0,330
2024-01-01,NORTH-02,priority,7768,0.224,0.073,1,0,407
2024-01-01,NORTH-02,economy,7380,0.158,0.096,1,0,382
2024-01-01,CENTRAL-01,standard,8820,0.129,0.122,1,0,488
2024-01-01,CENTRAL-01,priority,8863,0.23,0.184,1,0,397
2024-01-01,CENTRAL-01,economy,7578,0.119,0.085,1,0,542
2024-01-01,SOUTH-01,standard,8597,0.166,0.083,1,0,515
2024-01-01,SOUTH-01,priority,8090,0.269,0.193,1,0,450
2024-01-01,SOUTH-01,economy,8150,0.194,0.167,1,0,451
2024-01-01,SOUTH-02,standard,9500,0.261,0.155,1,0,540
2024-01-01,SOUTH-02,priority,8753,0.005,0.124,1,0,365
2024-01-01,SOUTH-02,economy,8021,0.147,0.27,1,0,536
2024-01-01,WEST-01,standard,10072,0.0,0.123,1,0,552
2024-01-01,WEST-01,priority,9111,0.265,0.213,1,0,397
2024-01-01,WEST-01,economy,7987,0.283,0.135,1,0,283
2024-01-02,NORTH-01,standard,6335,0.07,0.19,0,1,452
2024-01-02,NORTH-01,priority,5831,0.129,0.163,0,1,317
2024-01-02,NORTH-01,economy,4618,0.235,0.097,0,1,272
2024-01-02,NORTH-02,standard,6537,0.036,0.189,0,1,377
2024-01-02,NORTH-02,priority,6209,0.238,0.186,0,1,354
2024-01-02,NORTH-02,economy,4645,0.129,0.144,0,1,145
2024-01-02,CENTRAL-01,standard,7197,0.021,0.07,0,1,287
2024-01-02,CENTRAL-01,priority,6388,0.135,0.254,0,1,460
2024-01-02,CENTRAL-01,economy,5428,0.068,0.134,0,1,302
2024-01-02,SOUTH-01,standard,7335,0.281,0.012,0,1,428
2024-01-02,SOUTH-01,priority,6746,0.109,0.034,0,1,318
2024-01-02,SOUTH-01,economy,6826,0.208,0.152,0,1,356
2024-01-02,SOUTH-02,standard,8067,0.057,0.164,0,1,585
2024-01-02,SOUTH-02,priority,7786,0.28,0.179,0,1,270
2024-01-02,SOUTH-02,economy,6419,0.103,0.076,0,1,207
2024-01-02,WEST-01,standard,7568,0.256,0.132,0,1,285
2024-01-02,WEST-01,priority,8545,0.218,0.217,0,1,786
2024-01-02,WEST-01,economy,5997,0.23,0.071,0,1,392
2024-01-03,NORTH-01,standard,5017,0.082,0.117,0,2,313
2024-01-03,NORTH-01,priority,4442,0.308,0.163,0,2,188
2024-01-03,NORTH-01,economy,4079,0.0,0.111,0,2,514
2024-01-03,NORTH-02,standard,5532,0.196,0.229,0,2,203
2024-01-03,NORTH-02,priority,5963,0.064,0.092,0,2,260
2024-01-03,NORTH-02,economy,4628,0.281,0.078,0,2,365
2024-01-03,CENTRAL-01,standard,5826,0.161,0.147,0,2,408
2024-01-03,CENTRAL-01,priority,4858,0.125,0.052,0,2,346
2024-01-03,CENTRAL-01,economy,4643,0.369,0.163,0,2,353
2024-01-03,SOUTH-01,standard,6226,0.337,0.168,0,2,499
2024-01-03,SOUTH-01,priority,6082,0.231,0.273,0,2,215
2024-01-03,SOUTH-01,economy,6315,0.016,0.282,0,2,347
2024-01-03,SOUTH-02,standard,6670,0.134,0.267,0,2,272
2024-01-03,SOUTH-02,priority,6217,0.257,0.118,0,2,346
2024-01-03,SOUTH-02,economy,5850,0.221,0.263,0,2,432
2024-01-03,WEST-01,standard,7181,0.0,0.146,0,2,249
2024-01-03,WEST-01,priority,7204,0.075,0.123,0,2,236
2024-01-03,WEST-01,economy,5948,0.184,0.111,0,2,478
2024-01-04,NORTH-01,standard,5240,0.245,0.257,0,3,253
2024-01-04,NORTH-01,priority,4732,0.153,0.169,0,3,191
2024-01-04,NORTH-01,economy,5060,0.191,0.168,0,3,557
2024-01-04,NORTH-02,standard,5108,0.078,0.127,0,3,262
2024-01-04,NORTH-02,priority,4819,0.218,0.246,0,3,246
2024-01-04,NORTH-02,economy,4119,0.0,0.137,0,3,240
2024-01-04,CENTRAL-01,standard,5436,0.075,0.142,0,3,167
2024-01-04,CENTRAL-01,priority,4650,0.436,0.047,0,3,539
2024-01-04,CENTRAL-01,economy,4264,0.529,0.056,0,3,348
2024-01-04,SOUTH-01,standard,6131,0.387,0.071,0,3,457
2024-01-04,SOUTH-01,priority,5758,0.232,0.12,0,3,187
2024-01-04,SOUTH-01,economy,5376,0.151,0.129,0,3,274
2024-01-04,SOUTH-02,standard,7065,0.237,0.231,0,3,434
2024-01-04,SOUTH-02,priority,6020,0.186,0.15,0,3,398
2024-01-04,SOUTH-02,economy,6590,0.168,0.317,0,3,424
2024-01-04,WEST-01,standard,7851,0.088,0.061,0,3,447
2024-01-04,WEST-01,priority,6922,0.238,0.01,0,3,442
2024-01-04,WEST-01,economy,6323,0.047,0.112,0,3,375
2024-01-05,NORTH-01,standard,5146,0.145,0.142,0,4,352
2024-01-05,NORTH-01,priority,4165,0.357,0.0,0,4,326
2024-01-05,NORTH-01,economy,3184,0.216,0.12,0,4,314
2024-01-05,NORTH-02,standard,5683,0.387,0.027,0,4,311
2024-01-05,NORTH-02,priority,4801,0.173,0.066,0,4,480
2024-01-05,NORTH-02,economy,5025,0.25,0.289,0,4,383
2024-01-05,CENTRAL-01,standard,6294,0.389,0.185,0,4,333
2024-01-05,CENTRAL-01,priority,5809,0.188,0.094,0,4,212
2024-01-05,CENTRAL-01,economy,5239,0.274,0.135,0,4,427
2024-01-05,SOUTH-01,standard,5737,0.398,0.208,0,4,344
2024-01-05,SOUTH-01,priority,6610,0.039,0.109,0,4,454
2024-01-05,SOUTH-01,economy,5268,0.096,0.069,0,4,192
2024-01-05,SOUTH-02,standard,7540,0.099,0.175,0,4,479
2024-01-05,SOUTH-02,priority,6553,0.0,0.174,0,4,426
2024-01-05,SOUTH-02,economy,5100,0.374,0.0,0,4,403
2024-01-05,WEST-01,standard,7845,0.0,0.268,0,4,516
2024-01-05,WEST-01,priority,7352,0.111,0.215,0,4,428
2024-01-05,WEST-01,economy,5780,0.208,0.172,0,4,335
2024-01-06,NORTH-01,standard,5707,0.162,0.181,0,5,224
2024-01-06,NORTH-01,priority,4461,0.165,0.269,0,5,215
2024-01-06,NORTH-01,economy,4059,0.204,0.218,0,5,461
2024-01-06,NORTH-02,standard,5886,0.283,0.217,0,5,635
2024-01-06,NORTH-02,priority,5550,0.155,0.0,0,5,291
2024-01-06,NORTH-02,economy,3868,0.193,0.255,0,5,145
2024-01-06,CENTRAL-01,standard,6359,0.0,0.086,0,5,433
2024-01-06,CENTRAL-01,priority,4331,0.213,0.037,0,5,316
2024-01-06,CENTRAL-01,economy,5244,0.123,0.187,0,5,353
2024-01-06,SOUTH-01,standard,6685,0.271,0.168,0,5,295
2024-01-06,SOUTH-01,priority,6286,0.158,0.166,0,5,321
2024-01-06,SOUTH-01,economy,5150,0.243,0.129,0,5,434
2024-01-06,SOUTH-02,standard,6362,0.0,0.046,0,5,90
2024-01-06,SOUTH-02,priority,6361,0.099,0.21,0,5,394
2024-01-06,SOUTH-02,economy,5698,0.311,0.256,0,5,513
2024-01-06,WEST-01,standard,7039,0.191,0.083,0,5,213
2024-01-06,WEST-01,priority,7160,0.073,0.121,0,5,601
2024-01-06,WEST-01,economy,5894,0.014,0.181,0,5,413
2024-01-07,NORTH-01,standard,5454,0.164,0.004,0,6,271
2024-01-07,NORTH-01,priority,4289,0.116,0.064,0,6,360
2024-01-07,NORTH-01,economy,4199,0.157,0.176,0,6,464
2024-01-07,NORTH-02,standard,6001,0.139,0.032,0,6,320
2024-01-07,NORTH-02,priority,4906,0.314,0.181,0,6,369
2024-01-07,NORTH-02,economy,4450,0.414,0.316,0,6,332
2024-01-07,CENTRAL-01,standard,6032,0.309,0.082,0,6,357
2024-01-07,CENTRAL-01,priority,4689,0.218,0.083,0,6,71
2024-01-07,CENTRAL-01,economy,4805,0.046,0.113,0,6,556
2024-01-07,SOUTH-01,standard,6454,0.313,0.073,0,6,324
2024-01-07,SOUTH-01,priority,6213,0.146,0.165,0,6,325
2024-01-07,SOUTH-01,economy,5057,0.308,0.059,0,6,643
2024-01-07,SOUTH-02,standard,7111,0.207,0.265,0,6,463
2024-01-07,SOUTH-02,priority,5995,0.173,0.136,0,6,411
2024-01-07,SOUTH-02,economy,6328,0.078,0.203,0,6,413
2024-01-07,WEST-01,standard,7330,0.146,0.186,0,6,512
2024-01-07,WEST-01,priority,6056,0.0,0.123,0,6,182
2024-01-07,WEST-01,economy,5783,0.344,0.222,0,6,173
2024-01-08,NORTH-01,standard,7259,0.0,0.107,0,0,449
2024-01-08,NORTH-01,priority,4966,0.113,0.187,0,0,293
2024-01-08,NORTH-01,economy,5208,0.192,0.143,0,0,377
2024-01-08,NORTH-02,standard,6801,0.26,0.095,0,0,579
2024-01-08,NORTH-02,priority,6522,0.064,0.079,0,0,352
2024-01-08,NORTH-02,economy,5740,0.348,0.115,0,0,367
2024-01-08,CENTRAL-01,standard,6971,0.211,0.275,0,0,276
2024-01-08,CENTRAL-01,priority,5811,0.126,0.186,0,0,430
2024-01-08,CENTRAL-01,economy,4922,0.115,0.242,0,0,233
2024-01-08,SOUTH-01,standard,7608,0.0,0.084,0,0,386
2024-01-08,SOUTH-01,priority,6902,0.15,0.137,0,0,266
2024-01-08,SOUTH-01,economy,6336,0.265,0.203,0,0,436
2024-01-08,SOUTH-02,standard,7990,0.216,0.313,0,0,382
2024-01-08,SOUTH-02,priority,6690,0.09,0.067,0,0,274
2024-01-08,SOUTH-02,economy,6677,0.172,0.177,0,0,288
2024-01-08,WEST-01,standard,8194,0.288,0.209,0,0,347
2024-01-08,WEST-01,priority,7016,0.246,0.165,0,0,382
2024-01-08,WEST-01,economy,7006,0.211,0.078,0,0,215
2024-01-09,NORTH-01,standard,6011,0.34,0.25,0,1,403
2024-01-09,NORTH-01,priority,5439,0.0,0.057,0,1,214
2024-01-09,NORTH-01,economy,4525,0.266,0.31,0,1,215
2024-01-09,NORTH-02,standard,6188,0.208,0.279,0,1,395
2024-01-09,NORTH-02,priority,5046,0.399,0.018,0,1,280
2024-01-09,NORTH-02,economy,5565,0.118,0.215,0,1,133
2024-01-09,CENTRAL-01,standard,7418,0.242,0.104,0,1,327
2024-01-09,CENTRAL-01,priority,6819,0.104,0.193,0,1,438
2024-01-09,CENTRAL-01,economy,5538,0.0,0.193,0,1,374
2024-01-09,SOUTH-01,standard,7286,0.009,0.186,0,1,244
2024-01-09,SOUTH-01,priority,6495,0.266,0.169,0,1,548
2024-01-09,SOUTH-01,economy,6350,0.127,0.153,0,1,296
2024-01-09,SOUTH-02,standard,7579,0.237,0.107,0,1,570
2024-01-09,SOUTH-02,priority,7838,0.055,0.0,0,1,721
2024-01-09,SOUTH-02,economy,6342,0.131,0.0,0,1,335
2024-01-09,WEST-01,standard,8439,0.157,0.061,0,1,496
2024-01-09,WEST-01,priority,8760,0.001,0.206,0,1,463
2024-01-09,WEST-01,economy,7327,0.14,0.139,0,1,192
2024-01-10,NORTH-01,standard,5957,0.2,0.119,0,2,337
2024-01-10,NORTH-01,priority,4574,0.38,0.062,0,2,355
2024-01-10,NORTH-01,economy,4618,0.076,0.164,0,2,279
2024-01-10,NORTH-02,standard,5449,0.0,0.149,0,2,302
2024-01-10,NORTH-02,priority,4207,0.17,0.014,0,2,364
2024-01-10,NORTH-02,economy,4626,0.117,0.0,0,2,351
2024-01-10,CENTRAL-01,standard,6394,0.094,0.045,0,2,413
2024-01-10,CENTRAL-01,priority,5425,0.466,0.184,0,2,322
2024-01-10,CENTRAL-01,economy,5358,0.278,0.2,0,2,278
2024-01-10,SOUTH-01,standard,6859,0.128,0.112,0,2,565
2024-01-10,SOUTH-01,priority,6047,0.125,0.116,0,2,331
2024-01-10,SOUTH-01,economy,4650,0.294,0.0,0,2,225
2024-01-10,SOUTH-02,standard,6639,0.0,0.073,0,2,355
2024-01-10,SOUTH-02,priority,5760,0.314,0.13,0,2,345
2024-01-10,SOUTH-02,economy,5124,0.306,0.072,0,2,400
2024-01-10,WEST-01,standard,7471,0.153,0.202,0,2,488
2024-01-10,WEST-01,priority,6790,0.056,0.149,0,2,237
2024-01-10,WEST-01,economy,6231,0.0,0.205,0,2,244
2024-01-11,NORTH-01,standard,4404,0.168,0.24,0,3,132
2024-01-11,NORTH-01,priority,4983,0.069,0.267,0,3,421
2024-01-11,NORTH-01,economy,4198,0.043,0.06,0,3,312
2024-01-11,NORTH-02,standard,5708,0.246,0.135,0,3,370
2024-01-11,NORTH-02,priority,4365,0.273,0.215,0,3,41
2024-01-11,NORTH-02,economy,4011,0.3,0.245,0,3,77
2024-01-11,CENTRAL-01,standard,6936,0.192,0.224,0,3,450
2024-01-11,CENTRAL-01,priority,5435,0.135,0.079,0,3,307
2024-01-11,CENTRAL-01,economy,5923,0.058,0.314,0,3,494
2024-01-11,SOUTH-01,standard,6983,0.069,0.218,0,3,442
2024-01-11,SOUTH-01,priority,6148,0.33,0.201,0,3,440
2024-01-11,SOUTH-01,economy,5109,0.221,0.007,0,3,266
2024-01-11,SOUTH-02,standard,7992,0.026,0.285,0,3,582
2024-01-11,SOUTH-02,priority,6452,0.211,0.258,0,3,397
2024-01-11,SOUTH-02,economy,5902,0.049,0.182,0,3,200
2024-01-11,WEST-01,standard,8142,0.174,0.144,0,3,531
2024-01-11,WEST-01,priority,6811,0.181,0.17,0,3,359
2024-01-11,WEST-01,economy,5937,0.05,0.138,0,3,208
2024-01-12,NORTH-01,standard,4474,0.241,0.181,0,4,299
2024-01-12,NORTH-01,priority,5050,0.299,0.235,0,4,336
2024-01-12,NORTH-01,economy,4128,0.079,0.063,0,4,349
2024-01-12,NORTH-02,standard,5586,0.334,0.238,0,4,198
2024-01-12,NORTH-02,priority,5022,0.142,0.167,0,4,261
2024-01-12,NORTH-02,economy,4089,0.21,0.11,0,4,340
2024-01-12,CENTRAL-01,standard,6283,0.132,0.17,0,4,231
2024-01-12,CENTRAL-01,priority,5188,0.122,0.265,0,4,81
2024-01-12,CENTRAL-01,economy,5038,0.0,0.152,0,4,317
2024-01-12,SOUTH-01,standard,6378,0.326,0.0,0,4,558
2024-01-12,SOUTH-01,priority,5678,0.045,0.12,0,4,243
2024-01-12,SOUTH-01,economy,6240,0.141,0.264,0,4,326
2024-01-12,SOUTH-02,standard,7495,0.409,0.153,0,4,393
2024-01-12,SOUTH-02,priority,7698,0.196,0.179,0,4,513
2024-01-12,SOUTH-02,economy,5742,0.095,0.228,0,4,293
2024-01-12,WEST-01,standard,7412,0.289,0.152,0,4,404
2024-01-12,WEST-01,priority,5963,0.22,0.184,0,4,438
2024-01-12,WEST-01,economy,6088,0.062,0.035,0,4,372
2024-01-13,NORTH-01,standard,4836,0.097,0.216,0,5,276
2024-01-13,NORTH-01,priority,4797,0.11,0.146,0,5,202
2024-01-13,NORTH-01,economy,3135,0.267,0.155,0,5,39
2024-01-13,NORTH-02,standard,5608,0.179,0.132,0,5,344
2024-01-13,NORTH-02,priority,4656,0.207,0.226,0,5,179
2024-01-13,NORTH-02,economy,5102,0.049,0.173,0,5,281
2024-01-13,CENTRAL-01,standard,5744,0.0,0.014,0,5,285
2024-01-13,CENTRAL-01,priority,5399,0.131,0.153,0,5,467
2024-01-13,CENTRAL-01,economy,5050,0.099,0.081,0,5,147
2024-01-13,SOUTH-01,standard,6438,0.227,0.158,0,5,563
2024-01-13,SOUTH-01,priority,6090,0.105,0.315,0,5,209
2024-01-13,SOUTH-01,economy,4861,0.188,0.064,0,5,373
2024-01-13,SOUTH-02,standard,7254,0.247,0.1,0,5,536
2024-01-13,SOUTH-02,priority,6812,0.352,0.192,0,5,158
2024-01-13,SOUTH-02,economy,5720,0.142,0.081,0,5,283
2024-01-13,WEST-01,standard,7527,0.16,0.301,0,5,455
2024-01-13,WEST-01,priority,6807,0.152,0.156,0,5,438
2024-01-13,WEST-01,economy,6321,0.32,0.282,0,5,440
2024-01-14,NORTH-01,standard,5754,0.042,0.143,0,6,456
2024-01-14,NORTH-01,priority,4895,0.205,0.221,0,6,470
2024-01-14,NORTH-01,economy,4077,0.215,0.122,0,6,0
2024-01-14,NORTH-02,standard,4720,0.226,0.0,0,6,375
2024-01-14,NORTH-02,priority,4586,0.237,0.057,0,6,482
2024-01-14,NORTH-02,economy,4709,0.122,0.329,0,6,370
2024-01-14,CENTRAL-01,standard,5521,0.374,0.16,0,6,332
2024-01-14,CENTRAL-01,priority,5243,0.176,0.041,0,6,248
2024-01-14,CENTRAL-01,economy,4648,0.291,0.153,0,6,306
2024-01-14,SOUTH-01,standard,6151,0.207,0.199,0,6,239
2024-01-14,SOUTH-01,priority,5158,0.313,0.117,0,6,387
2024-01-14,SOUTH-01,economy,5186,0.236,0.028,0,6,423
2024-01-14,SOUTH-02,standard,6396,0.225,0.201,0,6,411
2024-01-14,SOUTH-02,priority,6693,0.144,0.111,0,6,558
2024-01-14,SOUTH-02,economy,5615,0.395,0.255,0,6,390
2024-01-14,WEST-01,standard,7377,0.272,0.16,0,6,500
2024-01-14,WEST-01,priority,6533,0.173,0.092,0,6,452
2024-01-14,WEST-01,economy,6468,0.18,0.177,0,6,329
2024-01-15,NORTH-01,standard,5582,0.271,0.18,0,0,520
2024-01-15,NORTH-01,priority,4974,0.12,0.018,0,0,206
2024-01-15,NORTH-01,economy,4730,0.186,0.128,0,0,396
2024-01-15,NORTH-02,standard,6742,0.221,0.175,0,0,456
2024-01-15,NORTH-02,priority,5164,0.0,0.121,0,0,339
2024-01-15,NORTH-02,economy,5938,0.179,0.234,0,0,382
2024-01-15,CENTRAL-01,standard,6885,0.12,0.189,0,0,386
2024-01-15,CENTRAL-01,priority,6561,0.298,0.105,0,0,458
2024-01-15,CENTRAL-01,economy,6259,0.065,0.228,0,0,380
2024-01-15,SOUTH-01,standard,7205,0.089,0.081,0,0,461
2024-01-15,SOUTH-01,priority,6440,0.065,0.185,0,0,348
2024-01-15,SOUTH-01,economy,5849,0.193,0.346,0,0,532
2024-01-15,SOUTH-02,standard,7939,0.198,0.183,0,0,471
2024-01-15,SOUTH-02,priority,7215,0.162,0.266,0,0,532
2024-01-15,SOUTH-02,economy,6238,0.103,0.145,0,0,421
2024-01-15,WEST-01,standard,8048,0.353,0.144,0,0,287
2024-01-15,WEST-01,priority,7157,0.152,0.023,0,0,421
2024-01-15,WEST-01,economy,6947,0.338,0.375,0,0,560
2024-01-16,NORTH-01,standard,6286,0.209,0.138,0,1,376
2024-01-16,NORTH-01,priority,4886,0.193,0.117,0,1,141
2024-01-16,NORTH-01,economy,4557,0.258,0.128,0,1,317
2024-01-16,NORTH-02,standard,6233,0.275,0.164,0,1,514
2024-01-16,NORTH-02,priority,6244,0.37,0.19,0,1,516
2024-01-16,NORTH-02,economy,5527,0.316,0.199,0,1,408
2024-01-16,CENTRAL-01,standard,6625,0.048,0.206,0,1,283
2024-01-16,CENTRAL-01,priority,6954,0.336,0.217,0,1,356
2024-01-16,CENTRAL-01,economy,5909,0.042,0.131,0,1,366
2024-01-16,SOUTH-01,standard,7425,0.316,0.121,0,1,284
2024-01-16,SOUTH-01,priority,6453,0.234,0.15,0,1,345
2024-01-16,SOUTH-01,economy,6933,0.158,0.128,0,1,376
2024-01-16,SOUTH-02,standard,7329,0.151,0.0,0,1,368
2024-01-16,SOUTH-02,priority,7389,0.098,0.261,0,1,556
2024-01-16,SOUTH-02,economy,6586,0.187,0.153,0,1,378
2024-01-16,WEST-01,standard,7082,0.386,0.0,0,1,327
2024-01-16,WEST-01,priority,7942,0.182,0.205,0,1,372
2024-01-16,WEST-01,economy,7126,0.302,0.232,0,1,509
2024-01-17,NORTH-01,standard,5455,0.213,0.105,0,2,356
2024-01-17,NORTH-01,priority,3745,0.18,0.268,0,2,122
2024-01-17,NORTH-01,economy,3992,0.038,0.121,0,2,118
2024-01-17,NORTH-02,standard,6730,0.062,0.081,0,2,598
2024-01-17,NORTH-02,priority,4583,0.131,0.121,0,2,88
2024-01-17,NORTH-02,economy,4315,0.166,0.07,0,2,117
2024-01-17,CENTRAL-01,standard,6358,0.089,0.162,0,2,420
2024-01-17,CENTRAL-01,priority,5379,0.022,0.218,0,2,417
2024-01-17,CENTRAL-01,economy,4598,0.179,0.04,0,2,361
2024-01-17,SOUTH-01,standard,7100,0.254,0.139,0,2,513
2024-01-17,SOUTH-01,priority,6832,0.149,0.21,0,2,620
2024-01-17,SOUTH-01,economy,5961,0.033,0.076,0,2,231
2024-01-17,SOUTH-02,standard,7238,0.021,0.111,0,2,384
2024-01-17,SOUTH-02,priority,6051,0.102,0.096,0,2,255
2024-01-17,SOUTH-02,economy,5883,0.454,0.174,0,2,297
2024-01-17,WEST-01,standard,6232,0.158,0.093,0,2,201
2024-01-17,WEST-01,priority,6250,0.0,0.0,0,2,526
2024-01-17,WEST-01,economy,6464,0.175,0.253,0,2,467
2024-01-18,NORTH-01,standard,5705,0.072,0.192,0,3,281
2024-01-18,NORTH-01,priority,4394,0.247,0.195,0,3,177
2024-01-18,NORTH-01,economy,4283,0.038,0.157,0,3,213
2024-01-18,NORTH-02,standard,5993,0.183,0.196,0,3,546
2024-01-18,NORTH-02,priority,5528,0.333,0.07,0,3,282
2024-01-18,NORTH-02,economy,4160,0.305,0.155,0,3,87
2024-01-18,CENTRAL-01,standard,6378,0.159,0.025,0,3,553
2024-01-18,CENTRAL-01,priority,5300,0.084,0.174,0,3,263
2024-01-18,CENTRAL-01,economy,5512,0.273,0.147,0,3,287
2024-01-18,SOUTH-01,standard,6775,0.3,0.158,0,3,329
2024-01-18,SOUTH-01,priority,5561,0.174,0.141,0,3,426
2024-01-18,SOUTH-01,economy,5933,0.258,0.197,0,3,531
2024-01-18,SOUTH-02,standard,6785,0.135,0.18,0,3,386
2024-01-18,SOUTH-02,priority,6728,0.108,0.28,0,3,355
2024-01-18,SOUTH-02,economy,4566,0.323,0.0,0,3,412
2024-01-18,WEST-01,standard,6860,0.187,0.17,0,3,383
2024-01-18,WEST-01,priority,6716,0.42,0.216,0,3,328
2024-01-18,WEST-01,economy,6122,0.133,0.0,0,3,465
2024-01-19,NORTH-01,standard,4860,0.0,0.097,0,4,209
2024-01-19,NORTH-01,priority,4695,0.186,0.0,0,4,411
2024-01-19,NORTH-01,economy,3431,0.15,0.0,0,4,430
2024-01-19,NORTH-02,standard,5312,0.0,0.122,0,4,435
2024-01-19,NORTH-02,priority,5411,0.099,0.182,0,4,562
2024-01-19,NORTH-02,economy,3876,0.156,0.18,0,4,439
2024-01-19,CENTRAL-01,standard,6127,0.089,0.105,0,4,176
2024-01-19,CENTRAL-01,priority,5685,0.207,0.227,0,4,159
2024-01-19,CENTRAL-01,economy,4169,0.165,0.209,0,4,176
2024-01-19,SOUTH-01,standard,6646,0.285,0.172,0,4,602
2024-01-19,SOUTH-01,priority,7074,0.236,0.203,0,4,366
2024-01-19,SOUTH-01,economy,5614,0.084,0.184,0,4,285
2024-01-19,SOUTH-02,standard,7450,0.056,0.335,0,4,315
2024-01-19,SOUTH-02,priority,6134,0.29,0.141,0,4,431
2024-01-19,SOUTH-02,economy,6708,0.025,0.178,0,4,437
2024-01-19,WEST-01,standard,7218,0.135,0.109,0,4,366
2024-01-19,WEST-01,priority,6185,0.135,0.223,0,4,468
2024-01-19,WEST-01,economy,5766,0.134,0.18,0,4,512
2024-01-20,NORTH-01,standard,4577,0.329,0.227,0,5,416
2024-01-20,NORTH-01,priority,4417,0.229,0.022,0,5,356
2024-01-20,NORTH-01,economy,4092,0.247,0.164,0,5,479
2024-01-20,NORTH-02,standard,5228,0.327,0.0,0,5,317
2024-01-20,NORTH-02,priority,5757,0.0,0.158,0,5,222
2024-01-20,NORTH-02,economy,4031,0.22,0.077,0,5,478
2024-01-20,CENTRAL-01,standard,5431,0.115,0.187,0,5,566
2024-01-20,CENTRAL-01,priority,5650,0.252,0.135,0,5,180
2024-01-20,CENTRAL-01,economy,4626,0.322,0.124,0,5,259
2024-01-20,SOUTH-01,standard,6781,0.11,0.206,0,5,461
2024-01-20,SOUTH-01,priority,5798,0.179,0.191,0,5,621
2024-01-20,SOUTH-01,economy,6164,0.0,0.251,0,5,262
2024-01-20,SOUTH-02,standard,7238,0.448,0.23,0,5,400
2024-01-20,SOUTH-02,priority,6518,0.154,0.133,0,5,543
2024-01-20,SOUTH-02,economy,5967,0.202,0.077,0,5,469
2024-01-20,WEST-01,standard,7292,0.259,0.21,0,5,287
2024-01-20,WEST-01,priority,6811,0.076,0.019,0,5,374
2024-01-20,WEST-01,economy,5498,0.127,0.0,0,5,479
2024-01-21,NORTH-01,standard,4777,0.1,0.179,0,6,495
2024-01-21,NORTH-01,priority,5654,0.163,0.173,0,6,531
2024-01-21,NORTH-01,economy,3850,0.143,0.103,0,6,356
2024-01-21,NORTH-02,standard,6271,0.167,0.118,0,6,354
2024-01-21,NORTH-02,priority,5574,0.456,0.157,0,6,390
2024-01-21,NORTH-02,economy,3908,0.296,0.092,0,6,352
2024-01-21,CENTRAL-01,standard,5470,0.299,0.153,0,6,180
2024-01-21,CENTRAL-01,priority,5516,0.009,0.009,0,6,480
2024-01-21,CENTRAL-01,economy,4607,0.178,0.0,0,6,298
2024-01-21,SOUTH-01,standard,6007,0.432,0.033,0,6,564
2024-01-21,SOUTH-01,priority,5979,0.234,0.195,0,6,398
2024-01-21,SOUTH-01,economy,5507,0.273,0.085,0,6,180
2024-01-21,SOUTH-02,standard,6697,0.219,0.164,0,6,378
2024-01-21,SOUTH-02,priority,6165,0.105,0.064,0,6,232
2024-01-21,SOUTH-02,economy,5882,0.219,0.058,0,6,214
2024-01-21,WEST-01,standard,7958,0.112,0.1,0,6,458
2024-01-21,WEST-01,priority,5971,0.155,0.19,0,6,353
2024-01-21,WEST-01,economy,5989,0.42,0.161,0,6,425
2024-01-22,NORTH-01,standard,5164,0.287,0.0,0,0,360
2024-01-22,NORTH-01,priority,5610,0.094,0.255,0,0,116
2024-01-22,NORTH-01,economy,4766,0.028,0.0,0,0,300
2024-01-22,NORTH-02,standard,7242,0.129,0.236,0,0,376
2024-01-22,NORTH-02,priority,6421,0.0,0.199,0,0,409
2024-01-22,NORTH-02,economy,5966,0.298,0.057,0,0,243
2024-01-22,CENTRAL-01,standard,6374,0.27,0.015,0,0,553
2024-01-22,CENTRAL-01,priority,6606,0.149,0.217,0,0,365
2024-01-22,CENTRAL-01,economy,4856,0.344,0.131,0,0,229
2024-01-22,SOUTH-01,standard,6766,0.246,0.182,0,0,296
2024-01-22,SOUTH-01,priority,6273,0.11,0.121,0,0,292
2024-01-22,SOUTH-01,economy,6700,0.093,0.212,0,0,363
2024-01-22,SOUTH-02,standard,7588,0.133,0.161,0,0,270
2024-01-22,SOUTH-02,priority,6804,0.067,0.099,0,0,403
2024-01-22,SOUTH-02,economy,6407,0.268,0.023,0,0,345
2024-01-22,WEST-01,standard,7656,0.221,0.149,0,0,258
2024-01-22,WEST-01,priority,6854,0.184,0.232,0,0,427
2024-01-22,WEST-01,economy,7152,0.323,0.138,0,0,310
2024-01-23,NORTH-01,standard,5022,0.166,0.02,0,1,443
2024-01-23,NORTH-01,priority,5014,0.062,0.114,0,1,161
2024-01-23,NORTH-01,economy,5020,0.159,0.092,0,1,384
2024-01-23,NORTH-02,standard,7238,0.219,0.169,0,1,269
2024-01-23,NORTH-02,priority,6616,0.173,0.241,0,1,207
2024-01-23,NORTH-02,economy,5729,0.143,0.259,0,1,375
2024-01-23,CENTRAL-01,standard,7122,0.154,0.119,0,1,363
2024-01-23,CENTRAL-01,priority,6123,0.175,0.156,0,1,427
2024-01-23,CENTRAL-01,economy,5419,0.53,0.008,0,1,251
2024-01-23,SOUTH-01,standard,7708,0.249,0.154,0,1,552
2024-01-23,SOUTH-01,priority,5934,0.203,0.241,0,1,548
2024-01-23,SOUTH-01,economy,5761,0.225,0.236,0,1,253
2024-01-23,SOUTH-02,standard,7977,0.198,0.149,0,1,549
2024-01-23,SOUTH-02,priority,7519,0.0,0.228,0,1,381
2024-01-23,SOUTH-02,economy,5831,0.003,0.19,0,1,432
2024-01-23,WEST-01,standard,8422,0.001,0.154,0,1,573
2024-01-23,WEST-01,priority,7423,0.159,0.094,0,1,555
2024-01-23,WEST-01,economy,6870,0.244,0.119,0,1,198
2024-01-24,NORTH-01,standard,5355,0.227,0.009,0,2,356
2024-01-24,NORTH-01,priority,4226,0.466,0.062,0,2,522
2024-01-24,NORTH-01,economy,3913,0.323,0.094,0,2,297
2024-01-24,NORTH-02,standard,5549,0.214,0.094,0,2,154
2024-01-24,NORTH-02,priority,5002,0.196,0.186,0,2,136
2024-01-24,NORTH-02,economy,4072,0.299,0.179,0,2,268
2024-01-24,CENTRAL-01,standard,5951,0.0,0.068,0,2,505
2024-01-24,CENTRAL-01,priority,5404,0.103,0.201,0,2,371
2024-01-24,CENTRAL-01,economy,4755,0.163,0.22,0,2,133
2024-01-24,SOUTH-01,standard,6119,0.014,0.107,0,2,412
2024-01-24,SOUTH-01,priority,5485,0.124,0.34,0,2,368
2024-01-24,SOUTH-01,economy,5439,0.045,0.111,0,2,64
2024-01-24,SOUTH-02,standard,6951,0.208,0.302,0,2,419
2024-01-24,SOUTH-02,priority,5986,0.303,0.137,0,2,86
2024-01-24,SOUTH-02,economy,5231,0.257,0.141,0,2,352
2024-01-24,WEST-01,standard,7672,0.11,0.108,0,2,249
2024-01-24,WEST-01,priority,6256,0.306,0.038,0,2,598
2024-01-24,WEST-01,economy,5660,0.315,0.158,0,2,286
2024-01-25,NORTH-01,standard,5216,0.189,0.153,0,3,332
2024-01-25,NORTH-01,priority,4301,0.154,0.035,0,3,418
2024-01-25,NORTH-01,economy,3803,0.016,0.135,0,3,307
2024-01-25,NORTH-02,standard,6091,0.133,0.268,0,3,205
2024-01-25,NORTH-02,priority,4676,0.261,0.088,0,3,357
2024-01-25,NORTH-02,economy,4266,0.121,0.221,0,3,233
2024-01-25,CENTRAL-01,standard,6595,0.101,0.105,0,3,453
2024-01-25,CENTRAL-01,priority,5108,0.385,0.331,0,3,341
2024-01-25,CENTRAL-01,economy,4663,0.039,0.088,0,3,193
2024-01-25,SOUTH-01,standard,6137,0.054,0.138,0,3,465
2024-01-25,SOUTH-01,priority,6119,0.07,0.375,0,3,372
2024-01-25,SOUTH-01,economy,6089,0.025,0.286,0,3,398
2024-01-25,SOUTH-02,standard,6674,0.018,0.167,0,3,555
2024-01-25,SOUTH-02,priority,5257,0.277,0.158,0,3,219
2024-01-25,SOUTH-02,economy,6251,0.263,0.247,0,3,176
2024-01-25,WEST-01,standard,6781,0.216,0.231,0,3,382
2024-01-25,WEST-01,priority,5951,0.213,0.126,0,3,319
2024-01-25,WEST-01,economy,5952,0.141,0.138,0,3,305
2024-01-26,NORTH-01,standard,5181,0.175,0.185,0,4,286
2024-01-26,NORTH-01,priority,4643,0.191,0.0,0,4,319
2024-01-26,NORTH-01,economy,3292,0.185,0.227,0,4,41
2024-01-26,NORTH-02,standard,5731,0.213,0.149,0,4,296
2024-01-26,NORTH-02,priority,5295,0.26,0.225,0,4,307
2024-01-26,NORTH-02,economy,5202,0.0,0.212,0,4,413
2024-01-26,CENTRAL-01,standard,6644,0.074,0.204,0,4,566
2024-01-26,CENTRAL-01,priority,5886,0.075,0.132,0,4,363
2024-01-26,CENTRAL-01,economy,5285,0.046,0.183,0,4,349
2024-01-26,SOUTH-01,standard,7121,0.206,0.129,0,4,285
2024-01-26,SOUTH-01,priority,6364,0.11,0.151,0,4,191
2024-01-26,SOUTH-01,economy,5278,0.023,0.0,0,4,204
2024-01-26,SOUTH-02,standard,6818,0.134,0.203,0,4,412
2024-01-26,SOUTH-02,priority,6659,0.144,0.204,0,4,296
2024-01-26,SOUTH-02,economy,6028,0.16,0.233,0,4,193
2024-01-26,WEST-01,standard,7824,0.259,0.063,0,4,537
2024-01-26,WEST-01,priority,6687,0.215,0.163,0,4,462
2024-01-26,WEST-01,economy,6600,0.136,0.169,0,4,310
2024-01-27,NORTH-01,standard,4761,0.106,0.054,0,5,103
2024-01-27,NORTH-01,priority,5342,0.268,0.295,0,5,145
2024-01-27,NORTH-01,economy,3893,0.267,0.264,0,5,308
2024-01-27,NORTH-02,standard,5433,0.0,0.171,0,5,366
2024-01-27,NORTH-02,priority,5718,0.0,0.193,0,5,257
2024-01-27,NORTH-02,economy,4275,0.044,0.0,0,5,238
2024-01-27,CENTRAL-01,standard,6140,0.0,0.186,0,5,235
2024-01-27,CENTRAL-01,priority,5922,0.113,0.236,0,5,342
2024-01-27,CENTRAL-01,economy,4712,0.254,0.057,0,5,339
2024-01-27,SOUTH-01,standard,6318,0.124,0.185,0,5,430
2024-01-27,SOUTH-01,priority,6184,0.246,0.0,0,5,0
2024-01-27,SOUTH-01,economy,5347,0.106,0.232,0,5,164
2024-01-27,SOUTH-02,standard,6395,0.049,0.232,0,5,507
2024-01-27,SOUTH-02,priority,6003,0.173,0.055,0,5,238
2024-01-27,SOUTH-02,economy,4999,0.284,0.209,0,5,281
2024-01-27,WEST-01,standard,7067,0.076,0.253,0,5,584
2024-01-27,WEST-01,priority,6394,0.176,0.057,0,5,275
2024-01-27,WEST-01,economy,5803,0.027,0.158,0,5,92
2024-01-28,NORTH-01,standard,4808,0.134,0.006,0,6,215
2024-01-28,NORTH-01,priority,4961,0.075,0.31,0,6,358
2024-01-28,NORTH-01,economy,4210,0.0,0.098,0,6,183
2024-01-28,NORTH-02,standard,5354,0.289,0.054,0,6,270
2024-01-28,NORTH-02,priority,4877,0.2,0.099,0,6,297
2024-01-28,NORTH-02,economy,4681,0.092,0.189,0,6,309
2024-01-28,CENTRAL-01,standard,6150,0.128,0.214,0,6,327
2024-01-28,CENTRAL-01,priority,5098,0.193,0.286,0,6,425
2024-01-28,CENTRAL-01,economy,5728,0.0,0.167,0,6,410
2024-01-28,SOUTH-01,standard,6491,0.2,0.105,0,6,344
2024-01-28,SOUTH-01,priority,6072,0.086,0.127,0,6,270
2024-01-28,SOUTH-01,economy,5428,0.083,0.041,0,6,408
2024-01-28,SOUTH-02,standard,7091,0.208,0.227,0,6,439
2024-01-28,SOUTH-02,priority,6098,0.216,0.143,0,6,628
2024-01-28,SOUTH-02,economy,5907,0.126,0.097,0,6,387
2024-01-28,WEST-01,standard,7637,0.011,0.24,0,6,275
2024-01-28,WEST-01,priority,6196,0.323,0.2,0,6,579
2024-01-28,WEST-01,economy,6769,0.259,0.149,0,6,402
2024-01-29,NORTH-01,standard,6346,0.177,0.097,0,0,427
2024-01-29,NORTH-01,priority,5518,0.182,0.087,0,0,337
2024-01-29,NORTH-01,economy,5158,0.02,0.032,0,0,22
2024-01-29,NORTH-02,standard,7074,0.205,0.112,0,0,333
2024-01-29,NORTH-02,priority,5911,0.259,0.118,0,0,445
2024-01-29,NORTH-02,economy,5086,0.124,0.23,0,0,367
2024-01-29,CENTRAL-01,standard,7795,0.291,0.203,0,0,322
2024-01-29,CENTRAL-01,priority,6731,0.015,0.07,0,0,441
2024-01-29,CENTRAL-01,economy,5983,0.192,0.06,0,0,212
2024-01-29,SOUTH-01,standard,7769,0.319,0.379,0,0,483
2024-01-29,SOUTH-01,priority,6453,0.121,0.005,0,0,242
2024-01-29,SOUTH-01,economy,6657,0.006,0.288,0,0,425
2024-01-29,SOUTH-02,standard,8305,0.143,0.136,0,0,425
2024-01-29,SOUTH-02,priority,7044,0.244,0.134,0,0,222
2024-01-29,SOUTH-02,economy,6804,0.0,0.129,0,0,229
2024-01-29,WEST-01,standard,7418,0.176,0.154,0,0,292
2024-01-29,WEST-01,priority,7204,0.229,0.181,0,0,415
2024-01-29,WEST-01,economy,7001,0.303,0.212,0,0,333
2024-01-30,NORTH-01,standard,6362,0.104,0.187,0,1,446
2024-01-30,NORTH-01,priority,5653,0.196,0.216,0,1,443
2024-01-30,NORTH-01,economy,3992,0.284,0.086,0,1,484
2024-01-30,NORTH-02,standard,6097,0.211,0.013,0,1,455
2024-01-30,NORTH-02,priority,6543,0.146,0.109,0,1,250
2024-01-30,NORTH-02,economy,5627,0.084,0.167,0,1,408
2024-01-30,CENTRAL-01,standard,7153,0.289,0.166,0,1,363
2024-01-30,CENTRAL-01,priority,6500,0.188,0.159,0,1,467
2024-01-30,CENTRAL-01,economy,5390,0.247,0.154,0,1,349
2024-01-30,SOUTH-01,standard,8405,0.177,0.165,0,1,369
2024-01-30,SOUTH-01,priority,6938,0.231,0.235,0,1,668
2024-01-30,SOUTH-01,economy,5953,0.135,0.176,0,1,316
2024-01-30,SOUTH-02,standard,8077,0.21,0.218,0,1,573
2024-01-30,SOUTH-02,priority,8378,0.169,0.123,0,1,478
2024-01-30,SOUTH-02,economy,6258,0.094,0.094,0,1,480
2024-01-30,WEST-01,standard,8341,0.136,0.16,0,1,518
2024-01-30,WEST-01,priority,7774,0.078,0.064,0,1,485
2024-01-30,WEST-01,economy,7243,0.22,0.085,0,1,308
2024-01-31,NORTH-01,standard,5775,0.117,0.074,0,2,429
2024-01-31,NORTH-01,priority,5888,0.253,0.25,0,2,151
2024-01-31,NORTH-01,economy,3688,0.091,0.101,0,2,161
2024-01-31,NORTH-02,standard,5748,0.144,0.053,0,2,358
2024-01-31,NORTH-02,priority,5329,0.238,0.191,0,2,295
2024-01-31,NORTH-02,economy,3469,0.435,0.169,0,2,163
2024-01-31,CENTRAL-01,standard,6240,0.0,0.151,0,2,310
2024-01-31,CENTRAL-01,priority,5650,0.421,0.194,0,2,237
2024-01-31,CENTRAL-01,economy,5071,0.06,0.153,0,2,109
2024-01-31,SOUTH-01,standard,6488,0.158,0.151,0,2,277
2024-01-31,SOUTH-01,priority,6016,0.115,0.136,0,2,433
2024-01-31,SOUTH-01,economy,4979,0.31,0.126,0,2,381
2024-01-31,SOUTH-02,standard,7210,0.253,0.115,0,2,513
2024-01-31,SOUTH-02,priority,6041,0.335,0.292,0,2,362
2024-01-31,SOUTH-02,economy,5463,0.181,0.142,0,2,165
2024-01-31,WEST-01,standard,7366,0.191,0.089,0,2,305
2024-01-31,WEST-01,priority,7003,0.048,0.169,0,2,459
2024-01-31,WEST-01,economy,6172,0.442,0.172,0,2,235
2024-02-01,NORTH-01,standard,5178,0.026,0.277,0,3,210
2024-02-01,NORTH-01,priority,4265,0.175,0.143,0,3,271
2024-02-01,NORTH-01,economy,3230,0.328,0.086,0,3,390
2024-02-01,NORTH-02,standard,4919,0.239,0.1,0,3,238
2024-02-01,NORTH-02,priority,4766,0.173,0.243,0,3,312
2024-02-01,NORTH-02,economy,4632,0.261,0.0,0,3,177
2024-02-01,CENTRAL-01,standard,6573,0.22,0.17,0,3,443
2024-02-01,CENTRAL-01,priority,5650,0.0,0.087,0,3,326
2024-02-01,CENTRAL-01,economy,5171,0.237,0.213,0,3,309
2024-02-01,SOUTH-01,standard,6850,0.0,0.114,0,3,254
2024-02-01,SOUTH-01,priority,6014,0.256,0.223,0,3,0
2024-02-01,SOUTH-01,economy,5416,0.027,0.301,0,3,104
2024-02-01,SOUTH-02,standard,7320,0.328,0.151,0,3,432
2024-02-01,SOUTH-02,priority,6648,0.235,0.179,0,3,652
2024-02-01,SOUTH-02,economy,5673,0.297,0.024,0,3,487
2024-02-01,WEST-01,standard,7735,0.324,0.116,0,3,523
2024-02-01,WEST-01,priority,6232,0.489,0.09,0,3,330
2024-02-01,WEST-01,economy,4982,0.121,0.079,0,3,277
2024-02-02,NORTH-01,standard,5993,0.224,0.111,0,4,361
2024-02-02,NORTH-01,priority,4884,0.335,0.171,0,4,360
2024-02-02,NORTH-01,economy,4096,0.344,0.154,0,4,346
2024-02-02,NORTH-02,standard,6710,0.145,0.182,0,4,348
2024-02-02,NORTH-02,priority,5639,0.23,0.251,0,4,350
2024-02-02,NORTH-02,economy,3741,0.0,0.191,0,4,468
2024-02-02,CENTRAL-01,standard,5833,0.2,0.23,0,4,168
2024-02-02,CENTRAL-01,priority,5272,0.211,0.147,0,4,348
2024-02-02,CENTRAL-01,economy,5115,0.512,0.217,0,4,434
2024-02-02,SOUTH-01,standard,5518,0.358,0.135,0,4,322
2024-02-02,SOUTH-01,priority,5681,0.277,0.072,0,4,267
2024-02-02,SOUTH-01,economy,5506,0.36,0.21,0,4,419
2024-02-02,SOUTH-02,standard,6516,0.176,0.166,0,4,113
2024-02-02,SOUTH-02,priority,6894,0.198,0.176,0,4,575
2024-02-02,SOUTH-02,economy,5332,0.368,0.07,0,4,397
2024-02-02,WEST-01,standard,7765,0.484,0.268,0,4,366
2024-02-02,WEST-01,priority,6512,0.074,0.213,0,4,346
2024-02-02,WEST-01,economy,6203,0.166,0.277,0,4,73
2024-02-03,NORTH-01,standard,5165,0.241,0.094,0,5,324
2024-02-03,NORTH-01,priority,4116,0.147,0.213,0,5,241
2024-02-03,NORTH-01,economy,3220,0.262,0.101,0,5,356
2024-02-03,NORTH-02,standard,4752,0.315,0.146,0,5,407
2024-02-03,NORTH-02,priority,4901,0.0,0.175,0,5,187
2024-02-03,NORTH-02,economy,4220,0.127,0.135,0,5,377
2024-02-03,CENTRAL-01,standard,6395,0.126,0.228,0,5,288
2024-02-03,CENTRAL-01,priority,5562,0.076,0.018,0,5,304
2024-02-03,CENTRAL-01,economy,4621,0.0,0.107,0,5,507
2024-02-03,SOUTH-01,standard,7045,0.0,0.035,0,5,554
2024-02-03,SOUTH-01,priority,6217,0.091,0.099,0,5,87
2024-02-03,SOUTH-01,economy,6106,0.0,0.128,0,5,310
2024-02-03,SOUTH-02,standard,7979,0.192,0.241,0,5,350
2024-02-03,SOUTH-02,priority,5916,0.178,0.296,0,5,480
2024-02-03,SOUTH-02,economy,5770,0.058,0.158,0,5,238
2024-02-03,WEST-01,standard,7973,0.062,0.172,0,5,403
2024-02-03,WEST-01,priority,6443,0.188,0.196,0,5,462
2024-02-03,WEST-01,economy,6195,0.278,0.358,0,5,310
2024-02-04,NORTH-01,standard,5047,0.272,0.216,0,6,283
2024-02-04,NORTH-01,priority,4339,0.245,0.084,0,6,320
2024-02-04,NORTH-01,economy,3091,0.3,0.102,0,6,42
2024-02-04,NORTH-02,standard,5642,0.029,0.045,0,6,206
2024-02-04,NORTH-02,priority,4896,0.096,0.088,0,6,485
2024-02-04,NORTH-02,economy,4199,0.259,0.151,0,6,253
2024-02-04,CENTRAL-01,standard,5774,0.219,0.197,0,6,357
2024-02-04,CENTRAL-01,priority,6016,0.0,0.167,0,6,326
2024-02-04,CENTRAL-01,economy,4700,0.398,0.08,0,6,316
2024-02-04,SOUTH-01,standard,6607,0.168,0.141,0,6,479
2024-02-04,SOUTH-01,priority,6136,0.345,0.15,0,6,279
2024-02-04,SOUTH-01,economy,5622,0.272,0.089,0,6,613
2024-02-04,SOUTH-02,standard,6588,0.165,0.0,0,6,525
2024-02-04,SOUTH-02,priority,6761,0.246,0.17,0,6,440
2024-02-04,SOUTH-02,economy,6352,0.326,0.224,0,6,413
2024-02-04,WEST-01,standard,7042,0.289,0.125,0,6,596
2024-02-04,WEST-01,priority,6912,0.206,0.214,0,6,316
2024-02-04,WEST-01,economy,6558,0.181,0.265,0,6,171
2024-02-05,NORTH-01,standard,6286,0.154,0.293,0,0,152
2024-02-05,NORTH-01,priority,5388,0.407,0.205,0,0,297
2024-02-05,NORTH-01,economy,5245,0.31,0.107,0,0,402
2024-02-05,NORTH-02,standard,6519,0.209,0.162,0,0,501
2024-02-05,NORTH-02,priority,6173,0.076,0.02,0,0,440
2024-02-05,NORTH-02,economy,5218,0.238,0.183,0,0,431
2024-02-05,CENTRAL-01,standard,6859,0.175,0.111,0,0,628
2024-02-05,CENTRAL-01,priority,5921,0.0,0.19,0,0,344
2024-02-05,CENTRAL-01,economy,5817,0.128,0.0,0,0,308
2024-02-05,SOUTH-01,standard,8313,0.0,0.217,0,0,608
2024-02-05,SOUTH-01,priority,7368,0.223,0.154,0,0,602
2024-02-05,SOUTH-01,economy,6092,0.316,0.075,0,0,415
2024-02-05,SOUTH-02,standard,9058,0.0,0.188,0,0,528
2024-02-05,SOUTH-02,priority,7102,0.357,0.165,0,0,438
2024-02-05,SOUTH-02,economy,7178,0.082,0.073,0,0,560
2024-02-05,WEST-01,standard,8491,0.061,0.227,0,0,475
2024-02-05,WEST-01,priority,7788,0.235,0.23,0,0,582
2024-02-05,WEST-01,economy,6763,0.217,0.2,0,0,641
2024-02-06,NORTH-01,standard,5521,0.236,0.207,0,1,246
2024-02-06,NORTH-01,priority,4647,0.329,0.173,0,1,444
2024-02-06,NORTH-01,economy,5098,0.115,0.263,0,1,357
2024-02-06,NORTH-02,standard,5971,0.321,0.078,0,1,335
2024-02-06,NORTH-02,priority,5062,0.279,0.044,0,1,430
2024-02-06,NORTH-02,economy,4611,0.108,0.119,0,1,236
2024-02-06,CENTRAL-01,standard,6805,0.179,0.224,0,1,583
2024-02-06,CENTRAL-01,priority,7067,0.098,0.095,0,1,417
2024-02-06,CENTRAL-01,economy,6408,0.114,0.138,0,1,548
2024-02-06,SOUTH-01,standard,7587,0.082,0.147,0,1,289
2024-02-06,SOUTH-01,priority,7331,0.173,0.15,0,1,544
2024-02-06,SOUTH-01,economy,6519,0.14,0.133,0,1,305
2024-02-06,SOUTH-02,standard,7416,0.251,0.143,0,1,287
2024-02-06,SOUTH-02,priority,7792,0.354,0.137,0,1,352
2024-02-06,SOUTH-02,economy,6419,0.215,0.341,0,1,144
2024-02-06,WEST-01,standard,8095,0.334,0.084,0,1,352
2024-02-06,WEST-01,priority,7506,0.212,0.074,0,1,459
2024-02-06,WEST-01,economy,6978,0.059,0.094,0,1,217
2024-02-07,NORTH-01,standard,5167,0.129,0.16,0,2,302
2024-02-07,NORTH-01,priority,4884,0.178,0.098,0,2,498
2024-02-07,NORTH-01,economy,4035,0.124,0.189,0,2,344
2024-02-07,NORTH-02,standard,4844,0.368,0.191,0,2,379
2024-02-07,NORTH-02,priority,5350,0.328,0.132,0,2,257
2024-02-07,NORTH-02,economy,3904,0.002,0.161,0,2,268
2024-02-07,CENTRAL-01,standard,5273,0.334,0.0,0,2,214
2024-02-07,CENTRAL-01,priority,6075,0.172,0.121,0,2,476
2024-02-07,CENTRAL-01,economy,5023,0.239,0.162,0,2,227
2024-02-07,SOUTH-01,standard,6714,0.283,0.061,0,2,523
2024-02-07,SOUTH-01,priority,6075,0.205,0.136,0,2,18
2024-02-07,SOUTH-01,economy,5262,0.216,0.141,0,2,422
2024-02-07,SOUTH-02,standard,6831,0.171,0.059,0,2,393
2024-02-07,SOUTH-02,priority,6817,0.194,0.163,0,2,254
2024-02-07,SOUTH-02,economy,5138,0.201,0.253,0,2,355
2024-02-07,WEST-01,standard,7073,0.11,0.12,0,2,371
2024-02-07,WEST-01,priority,5990,0.401,0.049,0,2,203
2024-02-07,WEST-01,economy,5943,0.387,0.113,0,2,309
2024-02-08,NORTH-01,standard,6389,0.067,0.131,0,3,538
2024-02-08,NORTH-01,priority,4466,0.078,0.202,0,3,100
2024-02-08,NORTH-01,economy,4483,0.302,0.243,0,3,258
2024-02-08,NORTH-02,standard,5966,0.16,0.21,0,3,311
2024-02-08,NORTH-02,priority,5715,0.0,0.159,0,3,207
2024-02-08,NORTH-02,economy,4747,0.257,0.177,0,3,427
2024-02-08,CENTRAL-01,standard,5827,0.097,0.021,0,3,461
2024-02-08,CENTRAL-01,priority,4742,0.115,0.094,0,3,532
2024-02-08,CENTRAL-01,economy,5292,0.279,0.212,0,3,407
2024-02-08,SOUTH-01,standard,6399,0.151,0.137,0,3,688
2024-02-08,SOUTH-01,priority,6037,0.247,0.113,0,3,239
2024-02-08,SOUTH-01,economy,5310,0.361,0.097,0,3,467
2024-02-08,SOUTH-02,standard,6971,0.226,0.158,0,3,382
2024-02-08,SOUTH-02,priority,7017,0.111,0.114,0,3,377
2024-02-08,SOUTH-02,economy,6254,0.086,0.109,0,3,448
2024-02-08,WEST-01,standard,7583,0.247,0.129,0,3,330
2024-02-08,WEST-01,priority,7300,0.149,0.228,0,3,281
2024-02-08,WEST-01,economy,7016,0.077,0.159,0,3,160
2024-02-09,NORTH-01,standard,4846,0.213,0.04,0,4,281
2024-02-09,NORTH-01,priority,4655,0.13,0.107,0,4,255
2024-02-09,NORTH-01,economy,4592,0.005,0.212,0,4,418
2024-02-09,NORTH-02,standard,6185,0.0,0.174,0,4,241
2024-02-09,NORTH-02,priority,5851,0.181,0.141,0,4,586
2024-02-09,NORTH-02,economy,4497,0.0,0.35,0,4,432
2024-02-09,CENTRAL-01,standard,6142,0.296,0.07,0,4,351
2024-02-09,CENTRAL-01,priority,5985,0.247,0.168,0,4,368
2024-02-09,CENTRAL-01,economy,5271,0.16,0.238,0,4,425
2024-02-09,SOUTH-01,standard,6298,0.1,0.066,0,4,294
2024-02-09,SOUTH-01,priority,5897,0.274,0.228,0,4,528
2024-02-09,SOUTH-01,economy,4861,0.344,0.169,0,4,514
2024-02-09,SOUTH-02,standard,6876,0.173,0.16,0,4,279
2024-02-09,SOUTH-02,priority,6272,0.004,0.201,0,4,735
2024-02-09,SOUTH-02,economy,5965,0.05,0.049,0,4,542
2024-02-09,WEST-01,standard,6706,0.188,0.196,0,4,299
2024-02-09,WEST-01,priority,6787,0.051,0.0,0,4,114
2024-02-09,WEST-01,economy,5930,0.021,0.107,0,4,405
2024-02-10,NORTH-01,standard,5653,0.217,0.222,0,5,486
2024-02-10,NORTH-01,priority,4906,0.18,0.174,0,5,344
2024-02-10,NORTH-01,economy,3707,0.132,0.123,0,5,341
2024-02-10,NORTH-02,standard,5377,0.169,0.097,0,5,196
2024-02-10,NORTH-02,priority,4631,0.297,0.156,0,5,415
2024-02-10,NORTH-02,economy,4820,0.113,0.037,0,5,260
2024-02-10,CENTRAL-01,standard,6669,0.131,0.153,0,5,382
2024-02-10,CENTRAL-01,priority,5501,0.036,0.194,0,5,571
2024-02-10,CENTRAL-01,economy,4864,0.18,0.0,0,5,559
2024-02-10,SOUTH-01,standard,6156,0.369,0.296,0,5,474
2024-02-10,SOUTH-01,priority,5517,0.093,0.168,0,5,268
2024-02-10,SOUTH-01,economy,5830,0.099,0.222,0,5,388
2024-02-10,SOUTH-02,standard,6802,0.018,0.125,0,5,488
2024-02-10,SOUTH-02,priority,6042,0.321,0.235,0,5,32
2024-02-10,SOUTH-02,economy,5897,0.0,0.264,0,5,266
2024-02-10,WEST-01,standard,7390,0.377,0.251,0,5,366
2024-02-10,WEST-01,priority,7520,0.164,0.168,0,5,456
2024-02-10,WEST-01,economy,5738,0.267,0.244,0,5,442
2024-02-11,NORTH-01,standard,4233,0.145,0.0,0,6,184
2024-02-11,NORTH-01,priority,4694,0.244,0.159,0,6,554
2024-02-11,NORTH-01,economy,4305,0.028,0.148,0,6,220
2024-02-11,NORTH-02,standard,6142,0.183,0.022,0,6,282
2024-02-11,NORTH-02,priority,5302,0.424,0.147,0,6,332
2024-02-11,NORTH-02,economy,4467,0.176,0.103,0,6,352
2024-02-11,CENTRAL-01,standard,5958,0.086,0.14,0,6,634
2024-02-11,CENTRAL-01,priority,5604,0.169,0.274,0,6,379
2024-02-11,CENTRAL-01,economy,5089,0.021,0.114,0,6,522
2024-02-11,SOUTH-01,standard,6956,0.207,0.261,0,6,583
2024-02-11,SOUTH-01,priority,5994,0.173,0.341,0,6,267
2024-02-11,SOUTH-01,economy,6040,0.035,0.336,0,6,321
2024-02-11,SOUTH-02,standard,7762,0.33,0.205,0,6,227
2024-02-11,SOUTH-02,priority,5536,0.148,0.113,0,6,473
2024-02-11,SOUTH-02,economy,6857,0.148,0.209,0,6,343
2024-02-11,WEST-01,standard,7904,0.129,0.159,0,6,349
2024-02-11,WEST-01,priority,7145,0.104,0.235,0,6,148
2024-02-11,WEST-01,economy,6644,0.033,0.27,0,6,287
2024-02-12,NORTH-01,standard,6513,0.16,0.151,0,0,212
2024-02-12,NORTH-01,priority,5640,0.079,0.172,0,0,417
2024-02-12,NORTH-01,economy,5571,0.032,0.179,0,0,405
2024-02-12,NORTH-02,standard,6239,0.197,0.142,0,0,358
2024-02-12,NORTH-02,priority,5472,0.331,0.14,0,0,285
2024-02-12,NORTH-02,economy,5519,0.204,0.12,0,0,408
2024-02-12,CENTRAL-01,standard,7508,0.287,0.264,0,0,293
2024-02-12,CENTRAL-01,priority,6324,0.072,0.144,0,0,233
2024-02-12,CENTRAL-01,economy,5522,0.127,0.112,0,0,307
2024-02-12,SOUTH-01,standard,8405,0.321,0.166,0,0,452
2024-02-12,SOUTH-01,priority,6993,0.145,0.15,0,0,442
2024-02-12,SOUTH-01,economy,6286,0.429,0.082,0,0,393
2024-02-12,SOUTH-02,standard,8675,0.0,0.212,0,0,337
2024-02-12,SOUTH-02,priority,6584,0.179,0.012,0,0,503
2024-02-12,SOUTH-02,economy,6700,0.124,0.061,0,0,318
2024-02-12,WEST-01,standard,7971,0.124,0.209,0,0,310
2024-02-12,WEST-01,priority,8314,0.198,0.228,0,0,349
2024-02-12,WEST-01,economy,7681,0.292,0.087,0,0,274
2024-02-13,NORTH-01,standard,6822,0.339,0.097,0,1,455
2024-02-13,NORTH-01,priority,5951,0.058,0.108,0,1,484
2024-02-13,NORTH-01,economy,5276,0.172,0.154,0,1,354
2024-02-13,NORTH-02,standard,6772,0.025,0.085,0,1,529
2024-02-13,NORTH-02,priority,6019,0.374,0.212,0,1,450
2024-02-13,NORTH-02,economy,5086,0.1,0.138,0,1,182
2024-02-13,CENTRAL-01,standard,7317,0.22,0.165,0,1,465
2024-02-13,CENTRAL-01,priority,6437,0.209,0.195,0,1,422
2024-02-13,CENTRAL-01,economy,6201,0.093,0.18,0,1,285
2024-02-13,SOUTH-01,standard,7186,0.186,0.1,0,1,260
2024-02-13,SOUTH-01,priority,7051,0.332,0.235,0,1,628
2024-02-13,SOUTH-01,economy,6463,0.157,0.393,0,1,404
2024-02-13,SOUTH-02,standard,8336,0.132,0.18,0,1,416
2024-02-13,SOUTH-02,priority,7231,0.393,0.169,0,1,287
2024-02-13,SOUTH-02,economy,6351,0.23,0.139,0,1,277
2024-02-13,WEST-01,standard,7408,0.501,0.129,0,1,318
2024-02-13,WEST-01,priority,8008,0.174,0.194,0,1,501
2024-02-13,WEST-01,economy,6831,0.103,0.177,0,1,310
2024-02-14,NORTH-01,standard,5714,0.07,0.055,0,2,434
2024-02-14,NORTH-01,priority,4891,0.297,0.153,0,2,115
2024-02-14,NORTH-01,economy,4234,0.284,0.164,0,2,352
2024-02-14,NORTH-02,standard,5374,0.062,0.03,0,2,409
2024-02-14,NORTH-02,priority,4473,0.263,0.041,0,2,227
2024-02-14,NORTH-02,economy,3782,0.137,0.041,0,2,194
2024-02-14,CENTRAL-01,standard,5971,0.19,0.056,0,2,486
2024-02-14,CENTRAL-01,priority,6077,0.024,0.133,0,2,312
2024-02-14,CENTRAL-01,economy,4956,0.111,0.243,0,2,461
2024-02-14,SOUTH-01,standard,6697,0.231,0.123,0,2,419
2024-02-14,SOUTH-01,priority,5809,0.303,0.106,0,2,346
2024-02-14,SOUTH-01,economy,5585,0.264,0.068,0,2,403
2024-02-14,SOUTH-02,standard,8208,0.022,0.247,0,2,546
2024-02-14,SOUTH-02,priority,5543,0.351,0.157,0,2,124
2024-02-14,SOUTH-02,economy,5296,0.211,0.103,0,2,331
2024-02-14,WEST-01,standard,7036,0.254,0.034,0,2,572
2024-02-14,WEST-01,priority,6816,0.051,0.22,0,2,449
2024-02-14,WEST-01,economy,6534,0.312,0.209,0,2,237
2024-02-15,NORTH-01,standard,5191,0.314,0.082,0,3,366
2024-02-15,NORTH-01,priority,4295,0.238,0.177,0,3,146
2024-02-15,NORTH-01,economy,4455,0.285,0.165,0,3,308
2024-02-15,NORTH-02,standard,5811,0.011,0.227,0,3,395
2024-02-15,NORTH-02,priority,4964,0.102,0.282,0,3,288
2024-02-15,NORTH-02,economy,4496,0.193,0.063,0,3,508
2024-02-15,CENTRAL-01,standard,5086,0.121,0.182,0,3,327
2024-02-15,CENTRAL-01,priority,5934,0.142,0.085,0,3,318
2024-02-15,CENTRAL-01,economy,4084,0.159,0.12,0,3,166
2024-02-15,SOUTH-01,standard,5965,0.295,0.0,0,3,310
2024-02-15,SOUTH-01,priority,5613,0.389,0.211,0,3,504
2024-02-15,SOUTH-01,economy,4948,0.091,0.231,0,3,457
2024-02-15,SOUTH-02,standard,6858,0.131,0.068,0,3,419
2024-02-15,SOUTH-02,priority,6252,0.121,0.194,0,3,442
2024-02-15,SOUTH-02,economy,5529,0.233,0.145,0,3,364
2024-02-15,WEST-01,standard,7979,0.246,0.315,0,3,536
2024-02-15,WEST-01,priority,6740,0.551,0.191,0,3,466
2024-02-15,WEST-01,economy,6050,0.059,0.114,0,3,439
2024-02-16,NORTH-01,standard,5779,0.159,0.161,0,4,456
2024-02-16,NORTH-01,priority,5097,0.161,0.096,0,4,425
2024-02-16,NORTH-01,economy,4250,0.0,0.125,0,4,400
2024-02-16,NORTH-02,standard,5895,0.289,0.173,0,4,364
2024-02-16,NORTH-02,priority,5154,0.099,0.129,0,4,330
2024-02-16,NORTH-02,economy,4625,0.0,0.118,0,4,284
2024-02-16,CENTRAL-01,standard,5772,0.15,0.189,0,4,157
2024-02-16,CENTRAL-01,priority,6352,0.138,0.211,0,4,464
2024-02-16,CENTRAL-01,economy,5153,0.004,0.131,0,4,355
2024-02-16,SOUTH-01,standard,6457,0.245,0.077,0,4,424
2024-02-16,SOUTH-01,priority,5645,0.279,0.086,0,4,24
2024-02-16,SOUTH-01,economy,4926,0.105,0.108,0,4,347
2024-02-16,SOUTH-02,standard,6918,0.173,0.0,0,4,276
2024-02-16,SOUTH-02,priority,6221,0.238,0.047,0,4,332
2024-02-16,SOUTH-02,economy,5642,0.216,0.16,0,4,164
2024-02-16,WEST-01,standard,7537,0.003,0.103,0,4,333
2024-02-16,WEST-01,priority,6319,0.255,0.128,0,4,336
2024-02-16,WEST-01,economy,6996,0.207,0.176,0,4,309
2024-02-17,NORTH-01,standard,5332,0.171,0.184,0,5,279
2024-02-17,NORTH-01,priority,4331,0.0,0.109,0,5,102
2024-02-17,NORTH-01,economy,4277,0.085,0.066,0,5,380
2024-02-17,NORTH-02,standard,5012,0.072,0.129,0,5,271
2024-02-17,NORTH-02,priority,4841,0.228,0.216,0,5,451
2024-02-17,NORTH-02,economy,4816,0.0,0.05,0,5,525
2024-02-17,CENTRAL-01,standard,5171,0.239,0.147,0,5,92
2024-02-17,CENTRAL-01,priority,5017,0.196,0.121,0,5,338
2024-02-17,CENTRAL-01,economy,5050,0.194,0.226,0,5,478
2024-02-17,SOUTH-01,standard,7015,0.181,0.141,0,5,273
2024-02-17,SOUTH-01,priority,5854,0.518,0.18,0,5,418
2024-02-17,SOUTH-01,economy,4543,0.405,0.213,0,5,484
2024-02-17,SOUTH-02,standard,6521,0.139,0.159,0,5,438
2024-02-17,SOUTH-02,priority,6352,0.102,0.158,0,5,601
2024-02-17,SOUTH-02,economy,5588,0.418,0.154,0,5,302
2024-02-17,WEST-01,standard,7111,0.313,0.124,0,5,510
2024-02-17,WEST-01,priority,6211,0.115,0.147,0,5,450
2024-02-17,WEST-01,economy,6677,0.413,0.208,0,5,278
2024-02-18,NORTH-01,standard,5077,0.208,0.075,0,6,424
2024-02-18,NORTH-01,priority,3968,0.192,0.037,0,6,133
2024-02-18,NORTH-01,economy,4778,0.239,0.315,0,6,95
2024-02-18,NORTH-02,standard,5013,0.351,0.225,0,6,294
2024-02-18,NORTH-02,priority,4489,0.311,0.194,0,6,387
2024-02-18,NORTH-02,economy,5100,0.0,0.132,0,6,335
2024-02-18,CENTRAL-01,standard,6704,0.12,0.221,0,6,538
2024-02-18,CENTRAL-01,priority,5854,0.285,0.237,0,6,387
2024-02-18,CENTRAL-01,economy,4370,0.191,0.131,0,6,196
2024-02-18,SOUTH-01,standard,7242,0.146,0.169,0,6,392
2024-02-18,SOUTH-01,priority,5865,0.3,0.236,0,6,427
2024-02-18,SOUTH-01,economy,5768,0.151,0.256,0,6,210
2024-02-18,SOUTH-02,standard,7083,0.199,0.282,0,6,446
2024-02-18,SOUTH-02,priority,6444,0.246,0.067,0,6,206
2024-02-18,SOUTH-02,economy,6097,0.105,0.236,0,6,326
2024-02-18,WEST-01,standard,7393,0.234,0.145,0,6,480
2024-02-18,WEST-01,priority,6774,0.093,0.153,0,6,192
2024-02-18,WEST-01,economy,6620,0.07,0.275,0,6,219
2024-02-19,NORTH-01,standard,7000,0.0,0.141,0,0,367
2024-02-19,NORTH-01,priority,5666,0.337,0.178,0,0,189
2024-02-19,NORTH-01,economy,5181,0.293,0.123,0,0,237
2024-02-19,NORTH-02,standard,6575,0.201,0.178,0,0,425
2024-02-19,NORTH-02,priority,6642,0.148,0.098,0,0,505
2024-02-19,NORTH-02,economy,5211,0.089,0.195,0,0,194
2024-02-19,CENTRAL-01,standard,7161,0.304,0.014,0,0,364
2024-02-19,CENTRAL-01,priority,6742,0.155,0.183,0,0,283
2024-02-19,CENTRAL-01,economy,5220,0.266,0.159,0,0,316
2024-02-19,SOUTH-01,standard,7803,0.346,0.284,0,0,271
2024-02-19,SOUTH-01,priority,7200,0.239,0.218,0,0,490
2024-02-19,SOUTH-01,economy,5942,0.224,0.144,0,0,130
2024-02-19,SOUTH-02,standard,8130,0.221,0.165,0,0,263
2024-02-19,SOUTH-02,priority,7462,0.257,0.314,0,0,396
2024-02-19,SOUTH-02,economy,6414,0.217,0.313,0,0,396
2024-02-19,WEST-01,standard,8354,0.084,0.106,0,0,592
2024-02-19,WEST-01,priority,7416,0.396,0.186,0,0,701
2024-02-19,WEST-01,economy,6347,0.129,0.104,0,0,537
2024-02-20,NORTH-01,standard,5749,0.296,0.343,0,1,527
2024-02-20,NORTH-01,priority,4956,0.188,0.214,0,1,504
2024-02-20,NORTH-01,economy,5137,0.274,0.147,0,1,242
2024-02-20,NORTH-02,standard,5863,0.11,0.113,0,1,459
2024-02-20,NORTH-02,priority,5952,0.323,0.094,0,1,326
2024-02-20,NORTH-02,economy,4916,0.219,0.1,0,1,453
2024-02-20,CENTRAL-01,standard,7284,0.172,0.312,0,1,287
2024-02-20,CENTRAL-01,priority,6671,0.327,0.2,0,1,523
2024-02-20,CENTRAL-01,economy,5801,0.102,0.14,0,1,199
2024-02-20,SOUTH-01,standard,7747,0.148,0.257,0,1,250
2024-02-20,SOUTH-01,priority,7156,0.0,0.283,0,1,316
2024-02-20,SOUTH-01,economy,6725,0.147,0.032,0,1,334
2024-02-20,SOUTH-02,standard,8373,0.344,0.154,0,1,461
2024-02-20,SOUTH-02,priority,7537,0.282,0.208,0,1,447
2024-02-20,SOUTH-02,economy,6511,0.152,0.303,0,1,375
2024-02-20,WEST-01,standard,8203,0.182,0.182,0,1,463
2024-02-20,WEST-01,priority,7589,0.16,0.023,0,1,275
2024-02-20,WEST-01,economy,7486,0.0,0.161,0,1,467
2024-02-21,NORTH-01,standard,4476,0.248,0.0,0,2,551
2024-02-21,NORTH-01,priority,4562,0.054,0.199,0,2,326
2024-02-21,NORTH-01,economy,4238,0.104,0.195,0,2,253
2024-02-21,NORTH-02,standard,5357,0.054,0.171,0,2,392
2024-02-21,NORTH-02,priority,5259,0.495,0.258,0,2,327
2024-02-21,NORTH-02,economy,5055,0.0,0.044,0,2,236
2024-02-21,CENTRAL-01,standard,5769,0.096,0.137,0,2,205
2024-02-21,CENTRAL-01,priority,5141,0.174,0.079,0,2,240
2024-02-21,CENTRAL-01,economy,4762,0.243,0.131,0,2,394
2024-02-21,SOUTH-01,standard,6772,0.163,0.128,0,2,463
2024-02-21,SOUTH-01,priority,5662,0.162,0.156,0,2,246
2024-02-21,SOUTH-01,economy,5499,0.272,0.186,0,2,378
2024-02-21,SOUTH-02,standard,7474,0.186,0.206,0,2,513
2024-02-21,SOUTH-02,priority,6642,0.168,0.261,0,2,455
2024-02-21,SOUTH-02,economy,5462,0.214,0.17,0,2,428
2024-02-21,WEST-01,standard,7131,0.521,0.12,0,2,340
2024-02-21,WEST-01,priority,6751,0.121,0.274,0,2,325
2024-02-21,WEST-01,economy,5575,0.0,0.089,0,2,423
2024-02-22,NORTH-01,standard,4259,0.516,0.121,0,3,415
2024-02-22,NORTH-01,priority,4768,0.093,0.254,0,3,247
2024-02-22,NORTH-01,economy,4057,0.159,0.211,0,3,242
2024-02-22,NORTH-02,standard,5789,0.156,0.048,0,3,139
2024-02-22,NORTH-02,priority,5359,0.127,0.211,0,3,411
2024-02-22,NORTH-02,economy,5000,0.172,0.244,0,3,383
2024-02-22,CENTRAL-01,standard,5948,0.291,0.21,0,3,197
2024-02-22,CENTRAL-01,priority,6005,0.23,0.194,0,3,247
2024-02-22,CENTRAL-01,economy,5032,0.071,0.187,0,3,104
2024-02-22,SOUTH-01,standard,5965,0.225,0.002,0,3,521
2024-02-22,SOUTH-01,priority,5511,0.399,0.053,0,3,350
2024-02-22,SOUTH-01,economy,4906,0.394,0.111,0,3,513
2024-02-22,SOUTH-02,standard,6510,0.135,0.208,0,3,354
2024-02-22,SOUTH-02,priority,6807,0.0,0.066,0,3,378
2024-02-22,SOUTH-02,economy,5645,0.142,0.09,0,3,385
2024-02-22,WEST-01,standard,6805,0.298,0.0,0,3,403
2024-02-22,WEST-01,priority,6991,0.168,0.182,0,3,353
2024-02-22,WEST-01,economy,6723,0.117,0.13,0,3,293
2024-02-23,NORTH-01,standard,5980,0.172,0.165,0,4,323
2024-02-23,NORTH-01,priority,4672,0.295,0.249,0,4,294
2024-02-23,NORTH-01,economy,4428,0.141,0.13,0,4,340
2024-02-23,NORTH-02,standard,5185,0.208,0.06,0,4,592
2024-02-23,NORTH-02,priority,5652,0.159,0.088,0,4,383
2024-02-23,NORTH-02,economy,4279,0.249,0.139,0,4,288
2024-02-23,CENTRAL-01,standard,6424,0.014,0.143,0,4,594
2024-02-23,CENTRAL-01,priority,5303,0.19,0.0,0,4,667
2024-02-23,CENTRAL-01,economy,4993,0.284,0.085,0,4,240
2024-02-23,SOUTH-01,standard,6739,0.018,0.122,0,4,157
2024-02-23,SOUTH-01,priority,5923,0.042,0.151,0,4,405
2024-02-23,SOUTH-01,economy,5055,0.034,0.207,0,4,528
2024-02-23,SOUTH-02,standard,7247,0.0,0.063,0,4,597
2024-02-23,SOUTH-02,priority,6429,0.218,0.195,0,4,249
2024-02-23,SOUTH-02,economy,5174,0.121,0.053,0,4,383
2024-02-23,WEST-01,standard,7056,0.045,0.176,0,4,427
2024-02-23,WEST-01,priority,7159,0.121,0.263,0,4,543
2024-02-23,WEST-01,economy,5884,0.089,0.154,0,4,306
2024-02-24,NORTH-01,standard,4746,0.149,0.092,0,5,152
2024-02-24,NORTH-01,priority,5001,0.0,0.065,0,5,138
2024-02-24,NORTH-01,economy,4120,0.016,0.293,0,5,342
2024-02-24,NORTH-02,standard,5088,0.257,0.203,0,5,304
2024-02-24,NORTH-02,priority,4847,0.0,0.346,0,5,199
2024-02-24,NORTH-02,economy,5021,0.055,0.03,0,5,621
2024-02-24,CENTRAL-01,standard,5140,0.123,0.044,0,5,304
2024-02-24,CENTRAL-01,priority,5603,0.142,0.098,0,5,395
2024-02-24,CENTRAL-01,economy,4391,0.219,0.125,0,5,391
2024-02-24,SOUTH-01,standard,7010,0.182,0.221,0,5,219
2024-02-24,SOUTH-01,priority,5606,0.008,0.09,0,5,438
2024-02-24,SOUTH-01,economy,5589,0.222,0.238,0,5,372
2024-02-24,SOUTH-02,standard,6967,0.324,0.188,0,5,566
2024-02-24,SOUTH-02,priority,6006,0.194,0.126,0,5,444
2024-02-24,SOUTH-02,economy,6191,0.328,0.146,0,5,129
2024-02-24,WEST-01,standard,7147,0.173,0.147,0,5,680
2024-02-24,WEST-01,priority,6808,0.172,0.117,0,5,143
2024-02-24,WEST-01,economy,6127,0.089,0.229,0,5,264
2024-02-25,NORTH-01,standard,5512,0.337,0.257,0,6,290
2024-02-25,NORTH-01,priority,4210,0.151,0.086,0,6,180
2024-02-25,NORTH-01,economy,3369,0.106,0.067,0,6,307
2024-02-25,NORTH-02,standard,5596,0.208,0.286,0,6,383
2024-02-25,NORTH-02,priority,5365,0.218,0.13,0,6,433
2024-02-25,NORTH-02,economy,4281,0.219,0.13,0,6,144
2024-02-25,CENTRAL-01,standard,5715,0.083,0.1,0,6,404
2024-02-25,CENTRAL-01,priority,5441,0.324,0.077,0,6,219
2024-02-25,CENTRAL-01,economy,5139,0.143,0.095,0,6,252
2024-02-25,SOUTH-01,standard,6185,0.301,0.13,0,6,215
2024-02-25,SOUTH-01,priority,6149,0.21,0.222,0,6,633
2024-02-25,SOUTH-01,economy,5033,0.352,0.125,0,6,387
2024-02-25,SOUTH-02,standard,7381,0.079,0.243,0,6,432
2024-02-25,SOUTH-02,priority,6572,0.262,0.288,0,6,363
2024-02-25,SOUTH-02,economy,5581,0.361,0.227,0,6,348
2024-02-25,WEST-01,standard,6897,0.203,0.179,0,6,201
2024-02-25,WEST-01,priority,6561,0.074,0.073,0,6,452
2024-02-25,WEST-01,economy,5736,0.16,0.166,0,6,296
2024-02-26,NORTH-01,standard,5895,0.25,0.198,0,0,376
2024-02-26,NORTH-01,priority,5053,0.444,0.149,0,0,310
2024-02-26,NORTH-01,economy,4925,0.191,0.138,0,0,154
2024-02-26,NORTH-02,standard,6653,0.064,0.138,0,0,311
2024-02-26,NORTH-02,priority,6412,0.159,0.155,0,0,360
2024-02-26,NORTH-02,economy,5536,0.228,0.107,0,0,391
2024-02-26,CENTRAL-01,standard,7289,0.284,0.207,0,0,386
2024-02-26,CENTRAL-01,priority,6249,0.209,0.235,0,0,292
2024-02-26,CENTRAL-01,economy,5499,0.202,0.183,0,0,335
2024-02-26,SOUTH-01,standard,7224,0.169,0.0,0,0,377
2024-02-26,SOUTH-01,priority,6522,0.161,0.263,0,0,276
2024-02-26,SOUTH-01,economy,6201,0.0,0.112,0,0,304
2024-02-26,SOUTH-02,standard,7923,0.313,0.219,0,0,373
2024-02-26,SOUTH-02,priority,6847,0.303,0.148,0,0,179
2024-02-26,SOUTH-02,economy,7763,0.127,0.21,0,0,420
2024-02-26,WEST-01,standard,8549,0.088,0.055,0,0,224
2024-02-26,WEST-01,priority,7939,0.246,0.215,0,0,391
2024-02-26,WEST-01,economy,6743,0.248,0.164,0,0,604
2024-02-27,NORTH-01,standard,5305,0.138,0.212,0,1,492
2024-02-27,NORTH-01,priority,5664,0.356,0.152,0,1,416
2024-02-27,NORTH-01,economy,4749,0.103,0.194,0,1,249
2024-02-27,NORTH-02,standard,6314,0.315,0.228,0,1,281
2024-02-27,NORTH-02,priority,5738,0.103,0.209,0,1,394
2024-02-27,NORTH-02,economy,5730,0.27,0.143,0,1,315
2024-02-27,CENTRAL-01,standard,7417,0.154,0.072,0,1,310
2024-02-27,CENTRAL-01,priority,5958,0.222,0.144,0,1,285
2024-02-27,CENTRAL-01,economy,5272,0.346,0.166,0,1,374
2024-02-27,SOUTH-01,standard,7976,0.162,0.426,0,1,373
2024-02-27,SOUTH-01,priority,6577,0.35,0.003,0,1,616
2024-02-27,SOUTH-01,economy,5928,0.166,0.011,0,1,532
2024-02-27,SOUTH-02,standard,7512,0.225,0.083,0,1,338
2024-02-27,SOUTH-02,priority,7842,0.223,0.257,0,1,469
2024-02-27,SOUTH-02,economy,6920,0.02,0.044,0,1,226
2024-02-27,WEST-01,standard,7932,0.153,0.174,0,1,295
2024-02-27,WEST-01,priority,8241,0.169,0.19,0,1,500
2024-02-27,WEST-01,economy,6582,0.189,0.09,0,1,316
2024-02-28,NORTH-01,standard,4414,0.229,0.177,0,2,218
2024-02-28,NORTH-01,priority,3969,0.325,0.156,0,2,581
2024-02-28,NORTH-01,economy,4276,0.177,0.181,0,2,264
2024-02-28,NORTH-02,standard,6448,0.093,0.32,0,2,472
2024-02-28,NORTH-02,priority,5490,0.249,0.07,0,2,243
2024-02-28,NORTH-02,economy,3445,0.214,0.019,0,2,321
2024-02-28,CENTRAL-01,standard,6293,0.083,0.0,0,2,623
2024-02-28,CENTRAL-01,priority,5374,0.347,0.129,0,2,447
2024-02-28,CENTRAL-01,economy,4785,0.315,0.123,0,2,359
2024-02-28,SOUTH-01,standard,6473,0.246,0.139,0,2,539
2024-02-28,SOUTH-01,priority,6615,0.325,0.188,0,2,332
2024-02-28,SOUTH-01,economy,6609,0.375,0.193,0,2,235
2024-02-28,SOUTH-02,standard,7309,0.097,0.184,0,2,633
2024-02-28,SOUTH-02,priority,7057,0.1,0.222,0,2,476
2024-02-28,SOUTH-02,economy,6547,0.065,0.263,0,2,448
2024-02-28,WEST-01,standard,7424,0.205,0.168,0,2,479
2024-02-28,WEST-01,priority,6308,0.184,0.082,0,2,278
2024-02-28,WEST-01,economy,6280,0.207,0.148,0,2,428
2024-02-29,NORTH-01,standard,5409,0.105,0.267,0,3,290
2024-02-29,NORTH-01,priority,4120,0.238,0.003,0,3,421
2024-02-29,NORTH-01,economy,4976,0.0,0.239,0,3,284
2024-02-29,NORTH-02,standard,5622,0.215,0.24,0,3,452
2024-02-29,NORTH-02,priority,4807,0.099,0.112,0,3,365
2024-02-29,NORTH-02,economy,3820,0.319,0.135,0,3,164
2024-02-29,CENTRAL-01,standard,6475,0.227,0.298,0,3,327
2024-02-29,CENTRAL-01,priority,5282,0.272,0.131,0,3,223
2024-02-29,CENTRAL-01,economy,4923,0.349,0.0,0,3,272
2024-02-29,SOUTH-01,standard,6511,0.131,0.285,0,3,293
2024-02-29,SOUTH-01,priority,5847,0.164,0.183,0,3,166
2024-02-29,SOUTH-01,economy,5611,0.076,0.253,0,3,402
2024-02-29,SOUTH-02,standard,7694,0.149,0.097,0,3,388
2024-02-29,SOUTH-02,priority,6262,0.127,0.238,0,3,296
2024-02-29,SOUTH-02,economy,5896,0.181,0.15,0,3,607
2024-02-29,WEST-01,standard,7371,0.22,0.0,0,3,405
2024-02-29,WEST-01,priority,6845,0.185,0.17,0,3,379
2024-02-29,WEST-01,economy,5699,0.254,0.107,0,3,713
2024-03-01,NORTH-01,standard,4768,0.094,0.158,0,4,337
2024-03-01,NORTH-01,priority,5184,0.068,0.115,0,4,392
2024-03-01,NORTH-01,economy,4602,0.248,0.008,0,4,175
2024-03-01,NORTH-02,standard,5919,0.363,0.232,0,4,254
2024-03-01,NORTH-02,priority,5068,0.198,0.112,0,4,302
2024-03-01,NORTH-02,economy,4739,0.0,0.24,0,4,263
2024-03-01,CENTRAL-01,standard,5890,0.113,0.179,0,4,86
2024-03-01,CENTRAL-01,priority,5473,0.229,0.192,0,4,206
2024-03-01,CENTRAL-01,economy,4342,0.191,0.033,0,4,220
2024-03-01,SOUTH-01,standard,6283,0.281,0.121,0,4,603
2024-03-01,SOUTH-01,priority,5820,0.222,0.177,0,4,283
2024-03-01,SOUTH-01,economy,5806,0.0,0.227,0,4,332
2024-03-01,SOUTH-02,standard,6464,0.164,0.209,0,4,303
2024-03-01,SOUTH-02,priority,7077,0.044,0.292,0,4,127
2024-03-01,SOUTH-02,economy,5739,0.0,0.139,0,4,193
2024-03-01,WEST-01,standard,7480,0.413,0.175,0,4,321
2024-03-01,WEST-01,priority,6604,0.267,0.12,0,4,451
2024-03-01,WEST-01,economy,6617,0.0,0.278,0,4,532
2024-03-02,NORTH-01,standard,4846,0.051,0.076,0,5,355
2024-03-02,NORTH-01,priority,4211,0.188,0.113,0,5,154
2024-03-02,NORTH-01,economy,3741,0.174,0.113,0,5,477
2024-03-02,NORTH-02,standard,5652,0.17,0.252,0,5,378
2024-03-02,NORTH-02,priority,5557,0.173,0.014,0,5,330
2024-03-02,NORTH-02,economy,4275,0.27,0.09,0,5,204
2024-03-02,CENTRAL-01,standard,6222,0.328,0.175,0,5,529
2024-03-02,CENTRAL-01,priority,4905,0.319,0.211,0,5,243
2024-03-02,CENTRAL-01,economy,5183,0.06,0.208,0,5,168
2024-03-02,SOUTH-01,standard,6449,0.157,0.03,0,5,174
2024-03-02,SOUTH-01,priority,6762,0.243,0.18,0,5,484
2024-03-02,SOUTH-01,economy,4901,0.129,0.215,0,5,211
2024-03-02,SOUTH-02,standard,6791,0.22,0.0,0,5,261
2024-03-02,SOUTH-02,priority,6470,0.192,0.064,0,5,376
2024-03-02,SOUTH-02,economy,5317,0.348,0.151,0,5,309
2024-03-02,WEST-01,standard,7894,0.019,0.182,0,5,713
2024-03-02,WEST-01,priority,6639,0.105,0.129,0,5,404
2024-03-02,WEST-01,economy,6630,0.226,0.146,0,5,304
2024-03-03,NORTH-01,standard,5254,0.298,0.193,0,6,299
2024-03-03,NORTH-01,priority,4473,0.471,0.085,0,6,224
2024-03-03,NORTH-01,economy,3683,0.394,0.221,0,6,352
2024-03-03,NORTH-02,standard,5981,0.211,0.109,0,6,406
2024-03-03,NORTH-02,priority,5275,0.206,0.147,0,6,365
2024-03-03,NORTH-02,economy,5143,0.187,0.099,0,6,208
2024-03-03,CENTRAL-01,standard,6833,0.231,0.124,0,6,276
2024-03-03,CENTRAL-01,priority,5670,0.092,0.072,0,6,185
2024-03-03,CENTRAL-01,economy,4897,0.123,0.0,0,6,266
2024-03-03,SOUTH-01,standard,6322,0.001,0.237,0,6,465
2024-03-03,SOUTH-01,priority,6532,0.096,0.278,0,6,254
2024-03-03,SOUTH-01,economy,5411,0.07,0.198,0,6,322
2024-03-03,SOUTH-02,standard,6858,0.333,0.09,0,6,500
2024-03-03,SOUTH-02,priority,6187,0.277,0.137,0,6,156
2024-03-03,SOUTH-02,economy,5880,0.053,0.175,0,6,365
2024-03-03,WEST-01,standard,7132,0.305,0.055,0,6,416
2024-03-03,WEST-01,priority,7443,0.096,0.265,0,6,438
2024-03-03,WEST-01,economy,5875,0.395,0.03,0,6,400
2024-03-04,NORTH-01,standard,5877,0.07,0.174,0,0,439
2024-03-04,NORTH-01,priority,4728,0.307,0.172,0,0,205
2024-03-04,NORTH-01,economy,3783,0.248,0.152,0,0,442
2024-03-04,NORTH-02,standard,6964,0.196,0.084,0,0,307
2024-03-04,NORTH-02,priority,6881,0.097,0.179,0,0,581
2024-03-04,NORTH-02,economy,5743,0.223,0.187,0,0,201
2024-03-04,CENTRAL-01,standard,7064,0.257,0.091,0,0,364
2024-03-04,CENTRAL-01,priority,5120,0.24,0.159,0,0,355
2024-03-04,CENTRAL-01,economy,5765,0.257,0.186,0,0,550
2024-03-04,SOUTH-01,standard,7952,0.217,0.185,0,0,462
2024-03-04,SOUTH-01,priority,6592,0.072,0.0,0,0,469
2024-03-04,SOUTH-01,economy,6444,0.138,0.214,0,0,527
2024-03-04,SOUTH-02,standard,8224,0.145,0.187,0,0,606
2024-03-04,SOUTH-02,priority,7786,0.0,0.113,0,0,599
2024-03-04,SOUTH-02,economy,6956,0.209,0.127,0,0,492
2024-03-04,WEST-01,standard,8931,0.137,0.176,0,0,674
2024-03-04,WEST-01,priority,7645,0.269,0.154,0,0,476
2024-03-04,WEST-01,economy,6710,0.166,0.165,0,0,536
2024-03-05,NORTH-01,standard,6336,0.043,0.115,0,1,608
2024-03-05,NORTH-01,priority,5342,0.129,0.097,0,1,539
2024-03-05,NORTH-01,economy,6183,0.0,0.07,0,1,436
2024-03-05,NORTH-02,standard,6788,0.047,0.147,0,1,485
2024-03-05,NORTH-02,priority,5638,0.401,0.181,0,1,443
2024-03-05,NORTH-02,economy,4638,0.096,0.067,0,1,131
2024-03-05,CENTRAL-01,standard,7185,0.072,0.056,0,1,251
2024-03-05,CENTRAL-01,priority,6314,0.0,0.066,0,1,296
2024-03-05,CENTRAL-01,economy,5979,0.362,0.101,0,1,357
2024-03-05,SOUTH-01,standard,7401,0.175,0.083,0,1,310
2024-03-05,SOUTH-01,priority,6446,0.2,0.131,0,1,492
2024-03-05,SOUTH-01,economy,6235,0.231,0.114,0,1,356
2024-03-05,SOUTH-02,standard,7775,0.076,0.156,0,1,299
2024-03-05,SOUTH-02,priority,7679,0.0,0.121,0,1,327
2024-03-05,SOUTH-02,economy,7059,0.482,0.221,0,1,487
2024-03-05,WEST-01,standard,7010,0.402,0.087,0,1,336
2024-03-05,WEST-01,priority,7815,0.247,0.162,0,1,572
2024-03-05,WEST-01,economy,6769,0.226,0.214,0,1,251
2024-03-06,NORTH-01,standard,4890,0.374,0.158,0,2,252
2024-03-06,NORTH-01,priority,4156,0.102,0.093,0,2,124
2024-03-06,NORTH-01,economy,4503,0.157,0.103,0,2,350
2024-03-06,NORTH-02,standard,5592,0.212,0.091,0,2,391
2024-03-06,NORTH-02,priority,5492,0.266,0.142,0,2,345
2024-03-06,NORTH-02,economy,3610,0.275,0.111,0,2,320
2024-03-06,CENTRAL-01,standard,6333,0.267,0.196,0,2,328
2024-03-06,CENTRAL-01,priority,5877,0.083,0.194,0,2,289
2024-03-06,CENTRAL-01,economy,4483,0.313,0.079,0,2,510
2024-03-06,SOUTH-01,standard,6597,0.284,0.121,0,2,396
2024-03-06,SOUTH-01,priority,6036,0.0,0.077,0,2,318
2024-03-06,SOUTH-01,economy,5317,0.21,0.24,0,2,212
2024-03-06,SOUTH-02,standard,6903,0.219,0.124,0,2,352
2024-03-06,SOUTH-02,priority,5823,0.449,0.0,0,2,354
2024-03-06,SOUTH-02,economy,6312,0.086,0.222,0,2,363
2024-03-06,WEST-01,standard,7440,0.148,0.141,0,2,393
2024-03-06,WEST-01,priority,7208,0.157,0.17,0,2,248
2024-03-06,WEST-01,economy,6529,0.054,0.01,0,2,405
2024-03-07,NORTH-01,standard,5870,0.241,0.036,0,3,283
2024-03-07,NORTH-01,priority,4350,0.2,0.218,0,3,244
2024-03-07,NORTH-01,economy,4470,0.202,0.379,0,3,506
2024-03-07,NORTH-02,standard,5239,0.325,0.179,0,3,464
2024-03-07,NORTH-02,priority,5533,0.0,0.278,0,3,27
2024-03-07,NORTH-02,economy,4510,0.139,0.202,0,3,401
2024-03-07,CENTRAL-01,standard,6109,0.078,0.046,0,3,367
2024-03-07,CENTRAL-01,priority,5361,0.138,0.248,0,3,378
2024-03-07,CENTRAL-01,economy,4220,0.188,0.025,0,3,308
2024-03-07,SOUTH-01,standard,5727,0.418,0.196,0,3,0
2024-03-07,SOUTH-01,priority,6378,0.268,0.142,0,3,265
2024-03-07,SOUTH-01,economy,5226,0.222,0.218,0,3,285
2024-03-07,SOUTH-02,standard,7083,0.183,0.193,0,3,509
2024-03-07,SOUTH-02,priority,7165,0.125,0.044,0,3,322
2024-03-07,SOUTH-02,economy,5880,0.112,0.145,0,3,309
2024-03-07,WEST-01,standard,7539,0.178,0.147,0,3,123
2024-03-07,WEST-01,priority,6873,0.406,0.138,0,3,220
2024-03-07,WEST-01,economy,6828,0.123,0.096,0,3,314
2024-03-08,NORTH-01,standard,4982,0.271,0.098,0,4,299
2024-03-08,NORTH-01,priority,3820,0.334,0.0,0,4,60
2024-03-08,NORTH-01,economy,3437,0.049,0.085,0,4,195
2024-03-08,NORTH-02,standard,6313,0.0,0.069,0,4,417
2024-03-08,NORTH-02,priority,4363,0.202,0.07,0,4,174
2024-03-08,NORTH-02,economy,4979,0.175,0.219,0,4,405
2024-03-08,CENTRAL-01,standard,6126,0.091,0.152,0,4,339
2024-03-08,CENTRAL-01,priority,5064,0.424,0.009,0,4,477
2024-03-08,CENTRAL-01,economy,4811,0.004,0.099,0,4,297
2024-03-08,SOUTH-01,standard,7110,0.0,0.198,0,4,454
2024-03-08,SOUTH-01,priority,5714,0.076,0.157,0,4,311
2024-03-08,SOUTH-01,economy,4647,0.438,0.158,0,4,341
2024-03-08,SOUTH-02,standard,6628,0.018,0.054,0,4,325
2024-03-08,SOUTH-02,priority,6595,0.292,0.196,0,4,245
2024-03-08,SOUTH-02,economy,5621,0.115,0.172,0,4,315
2024-03-08,WEST-01,standard,7481,0.233,0.122,0,4,595
2024-03-08,WEST-01,priority,7220,0.159,0.244,0,4,220
2024-03-08,WEST-01,economy,5905,0.048,0.083,0,4,346
2024-03-09,NORTH-01,standard,5509,0.254,0.25,0,5,291
2024-03-09,NORTH-01,priority,4880,0.0,0.156,0,5,348
2024-03-09,NORTH-01,economy,4307,0.433,0.249,0,5,193
2024-03-09,NORTH-02,standard,5470,0.118,0.142,0,5,404
2024-03-09,NORTH-02,priority,5485,0.223,0.063,0,5,356
2024-03-09,NORTH-02,economy,4785,0.0,0.146,0,5,440
2024-03-09,CENTRAL-01,standard,6378,0.14,0.216,0,5,213
2024-03-09,CENTRAL-01,priority,6328,0.01,0.24,0,5,408
2024-03-09,CENTRAL-01,economy,5171,0.359,0.235,0,5,225
2024-03-09,SOUTH-01,standard,6315,0.388,0.193,0,5,289
2024-03-09,SOUTH-01,priority,6089,0.211,0.016,0,5,248
2024-03-09,SOUTH-01,economy,5167,0.224,0.108,0,5,244
2024-03-09,SOUTH-02,standard,7828,0.161,0.301,0,5,457
2024-03-09,SOUTH-02,priority,6982,0.177,0.218,0,5,289
2024-03-09,SOUTH-02,economy,6098,0.171,0.004,0,5,610
2024-03-09,WEST-01,standard,7530,0.19,0.0,0,5,297
2024-03-09,WEST-01,priority,7091,0.1,0.2,0,5,334
2024-03-09,WEST-01,economy,6141,0.102,0.16,0,5,231
2024-03-10,NORTH-01,standard,5317,0.14,0.177,0,6,169
2024-03-10,NORTH-01,priority,4220,0.299,0.0,0,6,232
2024-03-10,NORTH-01,economy,4595,0.198,0.195,0,6,232
2024-03-10,NORTH-02,standard,4989,0.25,0.166,0,6,557
2024-03-10,NORTH-02,priority,5493,0.007,0.184,0,6,377
2024-03-10,NORTH-02,economy,3992,0.121,0.216,0,6,291
2024-03-10,CENTRAL-01,standard,6355,0.112,0.096,0,6,499
2024-03-10,CENTRAL-01,priority,5698,0.139,0.212,0,6,243
2024-03-10,CENTRAL-01,economy,4647,0.149,0.126,0,6,370
2024-03-10,SOUTH-01,standard,5734,0.208,0.023,0,6,402
2024-03-10,SOUTH-01,priority,6438,0.082,0.174,0,6,220
2024-03-10,SOUTH-01,economy,5839,0.011,0.284,0,6,304
2024-03-10,SOUTH-02,standard,6591,0.068,0.109,0,6,483
2024-03-10,SOUTH-02,priority,6447,0.087,0.237,0,6,248
2024-03-10,SOUTH-02,economy,5609,0.129,0.0,0,6,327
2024-03-10,WEST-01,standard,7683,0.279,0.0,0,6,508
2024-03-10,WEST-01,priority,7137,0.33,0.146,0,6,217
2024-03-10,WEST-01,economy,5384,0.266,0.088,0,6,206
2024-03-11,NORTH-01,standard,6298,0.181,0.084,0,0,151
2024-03-11,NORTH-01,priority,6282,0.0,0.26,0,0,242
2024-03-11,NORTH-01,economy,5261,0.18,0.232,0,0,355
2024-03-11,NORTH-02,standard,6475,0.311,0.092,0,0,372
2024-03-11,NORTH-02,priority,6054,0.147,0.119,0,0,365
2024-03-11,NORTH-02,economy,5196,0.054,0.214,0,0,309
2024-03-11,CENTRAL-01,standard,6261,0.145,0.179,0,0,474
2024-03-11,CENTRAL-01,priority,6457,0.099,0.248,0,0,367
2024-03-11,CENTRAL-01,economy,6129,0.41,0.128,0,0,368
2024-03-11,SOUTH-01,standard,7831,0.23,0.156,0,0,332
2024-03-11,SOUTH-01,priority,6977,0.062,0.099,0,0,362
2024-03-11,SOUTH-01,economy,5917,0.265,0.254,0,0,269
2024-03-11,SOUTH-02,standard,8429,0.008,0.312,0,0,490
2024-03-11,SOUTH-02,priority,7682,0.019,0.15,0,0,380
2024-03-11,SOUTH-02,economy,6420,0.309,0.335,0,0,249
2024-03-11,WEST-01,standard,9066,0.075,0.278,0,0,435
2024-03-11,WEST-01,priority,8041,0.184,0.085,0,0,375
2024-03-11,WEST-01,economy,7143,0.149,0.199,0,0,366
2024-03-12,NORTH-01,standard,6994,0.181,0.214,0,1,460
2024-03-12,NORTH-01,priority,5200,0.276,0.134,0,1,414
2024-03-12,NORTH-01,economy,4686,0.201,0.036,0,1,310
2024-03-12,NORTH-02,standard,7059,0.119,0.269,0,1,556
2024-03-12,NORTH-02,priority,5621,0.212,0.157,0,1,350
2024-03-12,NORTH-02,economy,5050,0.182,0.041,0,1,292
2024-03-12,CENTRAL-01,standard,6842,0.23,0.187,0,1,441
2024-03-12,CENTRAL-01,priority,6093,0.158,0.0,0,1,492
2024-03-12,CENTRAL-01,economy,6683,0.0,0.159,0,1,289
2024-03-12,SOUTH-01,standard,8067,0.18,0.046,0,1,412
2024-03-12,SOUTH-01,priority,7303,0.186,0.258,0,1,294
2024-03-12,SOUTH-01,economy,6132,0.102,0.19,0,1,109
2024-03-12,SOUTH-02,standard,8481,0.174,0.032,0,1,455
2024-03-12,SOUTH-02,priority,6559,0.071,0.094,0,1,244
2024-03-12,SOUTH-02,economy,7123,0.302,0.329,0,1,382
2024-03-12,WEST-01,standard,9191,0.128,0.073,0,1,433
2024-03-12,WEST-01,priority,6934,0.434,0.261,0,1,308
2024-03-12,WEST-01,economy,7173,0.1,0.144,0,1,754
2024-03-13,NORTH-01,standard,5724,0.051,0.168,0,2,351
2024-03-13,NORTH-01,priority,4634,0.193,0.066,0,2,380
2024-03-13,NORTH-01,economy,4701,0.219,0.196,0,2,433
2024-03-13,NORTH-02,standard,5379,0.189,0.056,0,2,315
2024-03-13,NORTH-02,priority,4668,0.21,0.112,0,2,177
2024-03-13,NORTH-02,economy,4037,0.0,0.131,0,2,181
2024-03-13,CENTRAL-01,standard,6254,0.133,0.043,0,2,456
2024-03-13,CENTRAL-01,priority,5807,0.114,0.115,0,2,268
2024-03-13,CENTRAL-01,economy,5521,0.086,0.246,0,2,417
2024-03-13,SOUTH-01,standard,6897,0.291,0.0,0,2,433
2024-03-13,SOUTH-01,priority,5946,0.301,0.181,0,2,325
2024-03-13,SOUTH-01,economy,5669,0.224,0.125,0,2,159
2024-03-13,SOUTH-02,standard,7046,0.115,0.314,0,2,362
2024-03-13,SOUTH-02,priority,6245,0.074,0.177,0,2,345
2024-03-13,SOUTH-02,economy,5975,0.282,0.094,0,2,457
2024-03-13,WEST-01,standard,8737,0.307,0.161,0,2,568
2024-03-13,WEST-01,priority,6692,0.219,0.08,0,2,551
2024-03-13,WEST-01,economy,6529,0.385,0.268,0,2,225
2024-03-14,NORTH-01,standard,4526,0.238,0.051,0,3,344
2024-03-14,NORTH-01,priority,4950,0.243,0.222,0,3,392
2024-03-14,NORTH-01,economy,3550,0.062,0.142,0,3,46
2024-03-14,NORTH-02,standard,5968,0.269,0.09,0,3,492
2024-03-14,NORTH-02,priority,4985,0.106,0.197,0,3,108
2024-03-14,NORTH-02,economy,4272,0.195,0.112,0,3,545
2024-03-14,CENTRAL-01,standard,5970,0.0,0.181,0,3,468
2024-03-14,CENTRAL-01,priority,5176,0.216,0.18,0,3,243
2024-03-14,CENTRAL-01,economy,5226,0.291,0.292,0,3,229
2024-03-14,SOUTH-01,standard,6866,0.221,0.344,0,3,561
2024-03-14,SOUTH-01,priority,6333,0.091,0.147,0,3,417
2024-03-14,SOUTH-01,economy,5794,0.088,0.085,0,3,496
2024-03-14,SOUTH-02,standard,7121,0.361,0.294,0,3,356
2024-03-14,SOUTH-02,priority,5940,0.342,0.207,0,3,234
2024-03-14,SOUTH-02,economy,5725,0.239,0.136,0,3,480
2024-03-14,WEST-01,standard,6717,0.271,0.256,0,3,411
2024-03-14,WEST-01,priority,6354,0.263,0.028,0,3,269
2024-03-14,WEST-01,economy,7247,0.183,0.28,0,3,299
2024-03-15,NORTH-01,standard,5490,0.243,0.195,0,4,392
2024-03-15,NORTH-01,priority,5308,0.216,0.285,0,4,212
2024-03-15,NORTH-01,economy,4224,0.275,0.221,0,4,442
2024-03-15,NORTH-02,standard,5809,0.203,0.166,0,4,112
2024-03-15,NORTH-02,priority,4582,0.17,0.097,0,4,489
2024-03-15,NORTH-02,economy,4224,0.241,0.148,0,4,342
2024-03-15,CENTRAL-01,standard,5997,0.299,0.084,0,4,464
2024-03-15,CENTRAL-01,priority,5545,0.0,0.145,0,4,330
2024-03-15,CENTRAL-01,economy,5824,0.12,0.161,0,4,315
2024-03-15,SOUTH-01,standard,6556,0.215,0.31,0,4,594
2024-03-15,SOUTH-01,priority,6491,0.181,0.293,0,4,411
2024-03-15,SOUTH-01,economy,5355,0.172,0.1,0,4,448
2024-03-15,SOUTH-02,standard,6913,0.178,0.125,0,4,506
2024-03-15,SOUTH-02,priority,5949,0.327,0.097,0,4,403
2024-03-15,SOUTH-02,economy,5232,0.363,0.242,0,4,305
2024-03-15,WEST-01,standard,8226,0.068,0.129,0,4,256
2024-03-15,WEST-01,priority,7058,0.0,0.084,0,4,466
2024-03-15,WEST-01,economy,5568,0.232,0.244,0,4,489
2024-03-16,NORTH-01,standard,4881,0.143,0.209,0,5,327
2024-03-16,NORTH-01,priority,4134,0.208,0.242,0,5,307
2024-03-16,NORTH-01,economy,4584,0.05,0.19,0,5,471
2024-03-16,NORTH-02,standard,6482,0.116,0.224,0,5,177
2024-03-16,NORTH-02,priority,5061,0.253,0.227,0,5,186
2024-03-16,NORTH-02,economy,4223,0.293,0.054,0,5,301
2024-03-16,CENTRAL-01,standard,5763,0.266,0.1,0,5,364
2024-03-16,CENTRAL-01,priority,5057,0.301,0.333,0,5,369
2024-03-16,CENTRAL-01,economy,4775,0.05,0.232,0,5,242
2024-03-16,SOUTH-01,standard,6812,0.109,0.144,0,5,442
2024-03-16,SOUTH-01,priority,6173,0.179,0.044,0,5,358
2024-03-16,SOUTH-01,economy,4511,0.319,0.093,0,5,311
2024-03-16,SOUTH-02,standard,6842,0.336,0.163,0,5,280
2024-03-16,SOUTH-02,priority,5833,0.391,0.068,0,5,423
2024-03-16,SOUTH-02,economy,6362,0.0,0.252,0,5,478
2024-03-16,WEST-01,standard,6957,0.247,0.137,0,5,371
2024-03-16,WEST-01,priority,7353,0.063,0.189,0,5,577
2024-03-16,WEST-01,economy,6168,0.225,0.224,0,5,307
2024-03-17,NORTH-01,standard,5355,0.237,0.119,0,6,213
2024-03-17,NORTH-01,priority,5243,0.074,0.201,0,6,219
2024-03-17,NORTH-01,economy,3973,0.26,0.107,0,6,469
2024-03-17,NORTH-02,standard,6555,0.277,0.214,0,6,292
2024-03-17,NORTH-02,priority,5069,0.062,0.092,0,6,49
2024-03-17,NORTH-02,economy,4819,0.155,0.106,0,6,366
2024-03-17,CENTRAL-01,standard,6619,0.108,0.197,0,6,286
2024-03-17,CENTRAL-01,priority,4979,0.121,0.0,0,6,240
2024-03-17,CENTRAL-01,economy,4633,0.189,0.074,0,6,171
2024-03-17,SOUTH-01,standard,6814,0.201,0.184,0,6,385
2024-03-17,SOUTH-01,priority,5930,0.0,0.1,0,6,309
2024-03-17,SOUTH-01,economy,5857,0.189,0.264,0,6,237
2024-03-17,SOUTH-02,standard,6704,0.261,0.201,0,6,482
2024-03-17,SOUTH-02,priority,6499,0.161,0.037,0,6,401
2024-03-17,SOUTH-02,economy,5530,0.153,0.147,0,6,419
2024-03-17,WEST-01,standard,7653,0.175,0.163,0,6,271
2024-03-17,WEST-01,priority,7008,0.073,0.0,0,6,244
2024-03-17,WEST-01,economy,6517,0.196,0.18,0,6,231
2024-03-18,NORTH-01,standard,7127,0.172,0.284,0,0,512
2024-03-18,NORTH-01,priority,5778,0.22,0.07,0,0,334
2024-03-18,NORTH-01,economy,4796,0.247,0.099,0,0,343
2024-03-18,NORTH-02,standard,6442,0.21,0.189,0,0,212
2024-03-18,NORTH-02,priority,6304,0.375,0.349,0,0,210
2024-03-18,NORTH-02,economy,6120,0.087,0.191,0,0,218
2024-03-18,CENTRAL-01,standard,7489,0.165,0.166,0,0,363
2024-03-18,CENTRAL-01,priority,7169,0.0,0.2,0,0,385
2024-03-18,CENTRAL-01,economy,5406,0.229,0.112,0,0,465
2024-03-18,SOUTH-01,standard,8161,0.226,0.189,0,0,298
2024-03-18,SOUTH-01,priority,6741,0.114,0.163,0,0,476
2024-03-18,SOUTH-01,economy,6231,0.158,0.071,0,0,387
2024-03-18,SOUTH-02,standard,8085,0.292,0.181,0,0,460
2024-03-18,SOUTH-02,priority,7403,0.157,0.093,0,0,362
2024-03-18,SOUTH-02,economy,6930,0.383,0.257,0,0,433
2024-03-18,WEST-01,standard,8175,0.169,0.049,0,0,437
2024-03-18,WEST-01,priority,8172,0.208,0.188,0,0,342
2024-03-18,WEST-01,economy,7685,0.098,0.266,0,0,363
2024-03-19,NORTH-01,standard,6249,0.167,0.142,0,1,424
2024-03-19,NORTH-01,priority,5638,0.484,0.165,0,1,146
2024-03-19,NORTH-01,economy,5338,0.122,0.248,0,1,0
2024-03-19,NORTH-02,standard,5945,0.261,0.303,0,1,540
2024-03-19,NORTH-02,priority,6296,0.0,0.225,0,1,86
2024-03-19,NORTH-02,economy,5644,0.234,0.242,0,1,419
2024-03-19,CENTRAL-01,standard,7243,0.131,0.001,0,1,607
2024-03-19,CENTRAL-01,priority,5528,0.316,0.0,0,1,244
2024-03-19,CENTRAL-01,economy,6186,0.0,0.154,0,1,193
2024-03-19,SOUTH-01,standard,7270,0.273,0.198,0,1,377
2024-03-19,SOUTH-01,priority,7036,0.0,0.123,0,1,411
2024-03-19,SOUTH-01,economy,6157,0.225,0.17,0,1,399
2024-03-19,SOUTH-02,standard,7970,0.3,0.142,0,1,396
2024-03-19,SOUTH-02,priority,7223,0.102,0.192,0,1,443
2024-03-19,SOUTH-02,economy,6543,0.183,0.126,0,1,315
2024-03-19,WEST-01,standard,8682,0.0,0.181,0,1,542
2024-03-19,WEST-01,priority,7852,0.116,0.302,0,1,310
2024-03-19,WEST-01,economy,7722,0.061,0.011,0,1,576
2024-03-20,NORTH-01,standard,5942,0.252,0.078,0,2,316
2024-03-20,NORTH-01,priority,5165,0.148,0.265,0,2,599
2024-03-20,NORTH-01,economy,3772,0.21,0.118,0,2,71
2024-03-20,NORTH-02,standard,6162,0.147,0.242,0,2,367
2024-03-20,NORTH-02,priority,5701,0.061,0.168,0,2,402
2024-03-20,NORTH-02,economy,4792,0.2,0.086,0,2,0
2024-03-20,CENTRAL-01,standard,5778,0.226,0.356,0,2,324
2024-03-20,CENTRAL-01,priority,5965,0.179,0.113,0,2,415
2024-03-20,CENTRAL-01,economy,5026,0.198,0.214,0,2,712
2024-03-20,SOUTH-01,standard,5910,0.198,0.166,0,2,292
2024-03-20,SOUTH-01,priority,4842,0.318,0.043,0,2,329
2024-03-20,SOUTH-01,economy,5101,0.344,0.153,0,2,110
2024-03-20,SOUTH-02,standard,6325,0.234,0.203,0,2,505
2024-03-20,SOUTH-02,priority,6711,0.272,0.241,0,2,459
2024-03-20,SOUTH-02,economy,5082,0.242,0.219,0,2,152
2024-03-20,WEST-01,standard,7715,0.092,0.14,0,2,450
2024-03-20,WEST-01,priority,6493,0.314,0.242,0,2,403
2024-03-20,WEST-01,economy,6453,0.078,0.135,0,2,0
2024-03-21,NORTH-01,standard,4883,0.469,0.195,0,3,557
2024-03-21,NORTH-01,priority,4563,0.138,0.161,0,3,515
2024-03-21,NORTH-01,economy,4629,0.167,0.162,0,3,389
2024-03-21,NORTH-02,standard,6950,0.173,0.239,0,3,426
2024-03-21,NORTH-02,priority,5702,0.194,0.164,0,3,279
2024-03-21,NORTH-02,economy,3906,0.147,0.027,0,3,235
2024-03-21,CENTRAL-01,standard,6605,0.173,0.292,0,3,268
2024-03-21,CENTRAL-01,priority,6266,0.093,0.26,0,3,371
2024-03-21,CENTRAL-01,economy,4700,0.127,0.24,0,3,368
2024-03-21,SOUTH-01,standard,6076,0.453,0.166,0,3,411
2024-03-21,SOUTH-01,priority,6213,0.124,0.038,0,3,500
2024-03-21,SOUTH-01,economy,4979,0.143,0.12,0,3,311
2024-03-21,SOUTH-02,standard,7811,0.113,0.069,0,3,470
2024-03-21,SOUTH-02,priority,6787,0.249,0.221,0,3,334
2024-03-21,SOUTH-02,economy,5945,0.213,0.128,0,3,399
2024-03-21,WEST-01,standard,7457,0.134,0.044,0,3,379
2024-03-21,WEST-01,priority,7485,0.0,0.191,0,3,707
2024-03-21,WEST-01,economy,5769,0.133,0.107,0,3,378
2024-03-22,NORTH-01,standard,5162,0.204,0.085,0,4,97
2024-03-22,NORTH-01,priority,4527,0.291,0.088,0,4,144
2024-03-22,NORTH-01,economy,4129,0.11,0.128,0,4,361
2024-03-22,NORTH-02,standard,6090,0.353,0.209,0,4,536
2024-03-22,NORTH-02,priority,5507,0.248,0.147,0,4,473
2024-03-22,NORTH-02,economy,3959,0.258,0.034,0,4,265
2024-03-22,CENTRAL-01,standard,6590,0.274,0.148,0,4,535
2024-03-22,CENTRAL-01,priority,5134,0.324,0.246,0,4,391
2024-03-22,CENTRAL-01,economy,4738,0.107,0.018,0,4,481
2024-03-22,SOUTH-01,standard,6855,0.235,0.311,0,4,679
2024-03-22,SOUTH-01,priority,5454,0.201,0.152,0,4,476
2024-03-22,SOUTH-01,economy,5916,0.12,0.098,0,4,496
2024-03-22,SOUTH-02,standard,6879,0.316,0.121,0,4,379
2024-03-22,SOUTH-02,priority,6664,0.274,0.274,0,4,616
2024-03-22,SOUTH-02,economy,6046,0.288,0.131,0,4,566
2024-03-22,WEST-01,standard,7402,0.42,0.245,0,4,376
2024-03-22,WEST-01,priority,7156,0.249,0.284,0,4,449
2024-03-22,WEST-01,economy,6142,0.186,0.124,0,4,380
2024-03-23,NORTH-01,standard,5152,0.386,0.131,0,5,230
2024-03-23,NORTH-01,priority,5461,0.266,0.259,0,5,368
2024-03-23,NORTH-01,economy,4244,0.249,0.138,0,5,344
2024-03-23,NORTH-02,standard,5967,0.187,0.161,0,5,323
2024-03-23,NORTH-02,priority,6485,0.151,0.287,0,5,230
2024-03-23,NORTH-02,economy,4527,0.029,0.073,0,5,423
2024-03-23,CENTRAL-01,standard,6375,0.251,0.164,0,5,288
2024-03-23,CENTRAL-01,priority,4939,0.151,0.148,0,5,188
2024-03-23,CENTRAL-01,economy,5260,0.045,0.211,0,5,411
2024-03-23,SOUTH-01,standard,6922,0.0,0.031,0,5,54
2024-03-23,SOUTH-01,priority,6049,0.327,0.004,0,5,254
2024-03-23,SOUTH-01,economy,4643,0.306,0.407,0,5,402
2024-03-23,SOUTH-02,standard,7178,0.0,0.184,0,5,410
2024-03-23,SOUTH-02,priority,6008,0.071,0.212,0,5,509
2024-03-23,SOUTH-02,economy,6394,0.131,0.038,0,5,363
2024-03-23,WEST-01,standard,7071,0.409,0.248,0,5,381
2024-03-23,WEST-01,priority,7193,0.195,0.272,0,5,416
2024-03-23,WEST-01,economy,6814,0.156,0.146,0,5,384
2024-03-24,NORTH-01,standard,5095,0.133,0.105,0,6,164
2024-03-24,NORTH-01,priority,4865,0.09,0.27,0,6,410
2024-03-24,NORTH-01,economy,4252,0.0,0.195,0,6,249
2024-03-24,NORTH-02,standard,4810,0.202,0.11,0,6,434
2024-03-24,NORTH-02,priority,4688,0.209,0.125,0,6,144
2024-03-24,NORTH-02,economy,4754,0.207,0.279,0,6,156
2024-03-24,CENTRAL-01,standard,6534,0.207,0.146,0,6,448
2024-03-24,CENTRAL-01,priority,5376,0.0,0.194,0,6,170
2024-03-24,CENTRAL-01,economy,4334,0.157,0.183,0,6,394
2024-03-24,SOUTH-01,standard,6189,0.272,0.154,0,6,248
2024-03-24,SOUTH-01,priority,6196,0.303,0.029,0,6,346
2024-03-24,SOUTH-01,economy,5169,0.168,0.013,0,6,408
2024-03-24,SOUTH-02,standard,7293,0.02,0.19,0,6,321
2024-03-24,SOUTH-02,priority,6307,0.283,0.0,0,6,563
2024-03-24,SOUTH-02,economy,5578,0.353,0.181,0,6,271
2024-03-24,WEST-01,standard,7239,0.144,0.194,0,6,488
2024-03-24,WEST-01,priority,6070,0.436,0.145,0,6,200
2024-03-24,WEST-01,economy,6530,0.273,0.145,0,6,311
2024-03-25,NORTH-01,standard,5829,0.28,0.137,0,0,306
2024-03-25,NORTH-01,priority,5910,0.036,0.309,0,0,434
2024-03-25,NORTH-01,economy,4857,0.116,0.066,0,0,457
2024-03-25,NORTH-02,standard,6707,0.118,0.08,0,0,441
2024-03-25,NORTH-02,priority,6181,0.377,0.178,0,0,451
2024-03-25,NORTH-02,economy,5006,0.042,0.073,0,0,170
2024-03-25,CENTRAL-01,standard,7079,0.275,0.173,0,0,81
2024-03-25,CENTRAL-01,priority,7033,0.427,0.078,0,0,217
2024-03-25,CENTRAL-01,economy,5915,0.083,0.0,0,0,225
2024-03-25,SOUTH-01,standard,7838,0.051,0.04,0,0,500
2024-03-25,SOUTH-01,priority,6740,0.397,0.095,0,0,227
2024-03-25,SOUTH-01,economy,6472,0.14,0.108,0,0,496
2024-03-25,SOUTH-02,standard,8191,0.299,0.083,0,0,420
2024-03-25,SOUTH-02,priority,7072,0.141,0.093,0,0,601
2024-03-25,SOUTH-02,economy,6597,0.217,0.164,0,0,671
2024-03-25,WEST-01,standard,8065,0.337,0.092,0,0,396
2024-03-25,WEST-01,priority,7871,0.198,0.094,0,0,590
2024-03-25,WEST-01,economy,6979,0.022,0.06,0,0,336
2024-03-26,NORTH-01,standard,6525,0.42,0.23,0,1,344
2024-03-26,NORTH-01,priority,5838,0.146,0.034,0,1,414
2024-03-26,NORTH-01,economy,4784,0.334,0.133,0,1,343
2024-03-26,NORTH-02,standard,6740,0.287,0.032,0,1,379
2024-03-26,NORTH-02,priority,5924,0.053,0.0,0,1,531
2024-03-26,NORTH-02,economy,6113,0.381,0.178,0,1,358
2024-03-26,CENTRAL-01,standard,6740,0.294,0.114,0,1,300
2024-03-26,CENTRAL-01,priority,6505,0.0,0.253,0,1,278
2024-03-26,CENTRAL-01,economy,6712,0.038,0.134,0,1,632
2024-03-26,SOUTH-01,standard,7226,0.0,0.122,0,1,515
2024-03-26,SOUTH-01,priority,6850,0.214,0.099,0,1,328
2024-03-26,SOUTH-01,economy,6456,0.374,0.194,0,1,53
2024-03-26,SOUTH-02,standard,8737,0.172,0.317,0,1,220
2024-03-26,SOUTH-02,priority,7976,0.142,0.054,0,1,448
2024-03-26,SOUTH-02,economy,5715,0.088,0.153,0,1,221
2024-03-26,WEST-01,standard,7659,0.184,0.218,0,1,364
2024-03-26,WEST-01,priority,7616,0.301,0.034,0,1,416
2024-03-26,WEST-01,economy,6874,0.386,0.132,0,1,488
2024-03-27,NORTH-01,standard,5275,0.021,0.132,0,2,321
2024-03-27,NORTH-01,priority,4375,0.282,0.194,0,2,327
2024-03-27,NORTH-01,economy,3922,0.359,0.083,0,2,274
2024-03-27,NORTH-02,standard,6212,0.172,0.02,0,2,273
2024-03-27,NORTH-02,priority,4720,0.303,0.1,0,2,467
2024-03-27,NORTH-02,economy,4769,0.299,0.167,0,2,288
2024-03-27,CENTRAL-01,standard,6520,0.179,0.097,0,2,292
2024-03-27,CENTRAL-01,priority,5402,0.358,0.125,0,2,433
2024-03-27,CENTRAL-01,economy,4920,0.183,0.126,0,2,434
2024-03-27,SOUTH-01,standard,6699,0.1,0.14,0,2,484
2024-03-27,SOUTH-01,priority,6141,0.168,0.295,0,2,335
2024-03-27,SOUTH-01,economy,4847,0.159,0.045,0,2,261
2024-03-27,SOUTH-02,standard,6736,0.316,0.147,0,2,529
2024-03-27,SOUTH-02,priority,6045,0.366,0.25,0,2,301
2024-03-27,SOUTH-02,economy,5541,0.398,0.169,0,2,432
2024-03-27,WEST-01,standard,7422,0.301,0.104,0,2,513
2024-03-27,WEST-01,priority,6534,0.041,0.151,0,2,257
2024-03-27,WEST-01,economy,6229,0.112,0.188,0,2,289
2024-03-28,NORTH-01,standard,5407,0.186,0.058,0,3,477
2024-03-28,NORTH-01,priority,4872,0.17,0.134,0,3,82
2024-03-28,NORTH-01,economy,4307,0.244,0.398,0,3,294
2024-03-28,NORTH-02,standard,6271,0.269,0.282,0,3,109
2024-03-28,NORTH-02,priority,5615,0.248,0.356,0,3,209
2024-03-28,NORTH-02,economy,4896,0.214,0.048,0,3,212
2024-03-28,CENTRAL-01,standard,5883,0.189,0.081,0,3,534
2024-03-28,CENTRAL-01,priority,5039,0.192,0.105,0,3,106
2024-03-28,CENTRAL-01,economy,5525,0.03,0.159,0,3,278
2024-03-28,SOUTH-01,standard,6295,0.368,0.093,0,3,239
2024-03-28,SOUTH-01,priority,5380,0.299,0.318,0,3,299
2024-03-28,SOUTH-01,economy,5354,0.332,0.034,0,3,487
2024-03-28,SOUTH-02,standard,7853,0.189,0.194,0,3,649
2024-03-28,SOUTH-02,priority,6014,0.173,0.107,0,3,477
2024-03-28,SOUTH-02,economy,5993,0.015,0.13,0,3,299
2024-03-28,WEST-01,standard,7672,0.214,0.355,0,3,357
2024-03-28,WEST-01,priority,7396,0.302,0.169,0,3,421
2024-03-28,WEST-01,economy,5425,0.15,0.007,0,3,122
2024-03-29,NORTH-01,standard,5698,0.226,0.041,0,4,354
2024-03-29,NORTH-01,priority,4932,0.151,0.082,0,4,231
2024-03-29,NORTH-01,economy,4482,0.062,0.245,0,4,286
2024-03-29,NORTH-02,standard,5871,0.257,0.151,0,4,258
2024-03-29,NORTH-02,priority,5530,0.428,0.104,0,4,323
2024-03-29,NORTH-02,economy,5006,0.277,0.209,0,4,229
2024-03-29,CENTRAL-01,standard,6168,0.309,0.298,0,4,369
2024-03-29,CENTRAL-01,priority,6329,0.117,0.122,0,4,249
2024-03-29,CENTRAL-01,economy,5493,0.067,0.279,0,4,599
2024-03-29,SOUTH-01,standard,6422,0.126,0.16,0,4,389
2024-03-29,SOUTH-01,priority,6385,0.0,0.205,0,4,364
2024-03-29,SOUTH-01,economy,5657,0.133,0.078,0,4,209
2024-03-29,SOUTH-02,standard,7844,0.241,0.316,0,4,234
2024-03-29,SOUTH-02,priority,6519,0.116,0.184,0,4,207
2024-03-29,SOUTH-02,economy,6590,0.226,0.149,0,4,347
2024-03-29,WEST-01,standard,6814,0.32,0.049,0,4,471
2024-03-29,WEST-01,priority,6676,0.31,0.073,0,4,214
2024-03-29,WEST-01,economy,6179,0.158,0.217,0,4,335
2024-03-30,NORTH-01,standard,6145,0.044,0.098,0,5,373
2024-03-30,NORTH-01,priority,4135,0.06,0.125,0,5,182
2024-03-30,NORTH-01,economy,4743,0.343,0.139,0,5,310
2024-03-30,NORTH-02,standard,4725,0.176,0.201,0,5,346
2024-03-30,NORTH-02,priority,5719,0.174,0.269,0,5,215
2024-03-30,NORTH-02,economy,3999,0.329,0.129,0,5,323
2024-03-30,CENTRAL-01,standard,6528,0.156,0.273,0,5,400
2024-03-30,CENTRAL-01,priority,5931,0.288,0.237,0,5,528
2024-03-30,CENTRAL-01,economy,5441,0.253,0.163,0,5,332
2024-03-30,SOUTH-01,standard,7489,0.184,0.288,0,5,403
2024-03-30,SOUTH-01,priority,6551,0.126,0.267,0,5,414
2024-03-30,SOUTH-01,economy,5458,0.141,0.177,0,5,264
2024-03-30,SOUTH-02,standard,6925,0.195,0.171,0,5,496
2024-03-30,SOUTH-02,priority,6291,0.335,0.228,0,5,459
2024-03-30,SOUTH-02,economy,5980,0.189,0.051,0,5,376
2024-03-30,WEST-01,standard,7664,0.491,0.267,0,5,439
2024-03-30,WEST-01,priority,6031,0.2,0.07,0,5,256
2024-03-30,WEST-01,economy,5849,0.174,0.0,0,5,325
2024-03-31,NORTH-01,standard,5165,0.154,0.097,0,6,541
2024-03-31,NORTH-01,priority,4575,0.259,0.105,0,6,313
2024-03-31,NORTH-01,economy,4541,0.088,0.088,0,6,265
2024-03-31,NORTH-02,standard,5944,0.049,0.147,0,6,121
2024-03-31,NORTH-02,priority,5442,0.175,0.219,0,6,610
2024-03-31,NORTH-02,economy,5727,0.33,0.266,0,6,442
2024-03-31,CENTRAL-01,standard,6056,0.2,0.228,0,6,374
2024-03-31,CENTRAL-01,priority,5427,0.102,0.182,0,6,260
2024-03-31,CENTRAL-01,economy,4103,0.23,0.139,0,6,128
2024-03-31,SOUTH-01,standard,6851,0.042,0.079,0,6,411
2024-03-31,SOUTH-01,priority,6431,0.308,0.21,0,6,445
2024-03-31,SOUTH-01,economy,5874,0.205,0.238,0,6,401
2024-03-31,SOUTH-02,standard,6624,0.333,0.0,0,6,342
2024-03-31,SOUTH-02,priority,5875,0.318,0.276,0,6,525
2024-03-31,SOUTH-02,economy,5745,0.039,0.059,0,6,314
2024-03-31,WEST-01,standard,8013,0.0,0.202,0,6,546
2024-03-31,WEST-01,priority,6911,0.128,0.147,0,6,589
2024-03-31,WEST-01,economy,6330,0.0,0.073,0,6,239
2024-04-01,NORTH-01,standard,5991,0.149,0.14,0,0,367
2024-04-01,NORTH-01,priority,5351,0.255,0.131,0,0,320
2024-04-01,NORTH-01,economy,5033,0.179,0.011,0,0,276
2024-04-01,NORTH-02,standard,7097,0.331,0.197,0,0,271
2024-04-01,NORTH-02,priority,5682,0.135,0.051,0,0,500
2024-04-01,NORTH-02,economy,4974,0.358,0.058,0,0,320
2024-04-01,CENTRAL-01,standard,6200,0.25,0.009,0,0,424
2024-04-01,CENTRAL-01,priority,6678,0.0,0.114,0,0,430
2024-04-01,CENTRAL-01,economy,6206,0.163,0.121,0,0,400
2024-04-01,SOUTH-01,standard,7777,0.102,0.153,0,0,619
2024-04-01,SOUTH-01,priority,6702,0.274,0.247,0,0,318
2024-04-01,SOUTH-01,economy,5890,0.152,0.139,0,0,508
2024-04-01,SOUTH-02,standard,8116,0.286,0.126,0,0,450
2024-04-01,SOUTH-02,priority,7079,0.266,0.042,0,0,385
2024-04-01,SOUTH-02,economy,5552,0.255,0.1,0,0,216
2024-04-01,WEST-01,standard,9123,0.173,0.155,0,0,523
2024-04-01,WEST-01,priority,8234,0.19,0.147,0,0,356
2024-04-01,WEST-01,economy,7665,0.163,0.063,0,0,457
2024-04-02,NORTH-01,standard,6533,0.095,0.141,0,1,345
2024-04-02,NORTH-01,priority,5768,0.116,0.098,0,1,310
2024-04-02,NORTH-01,economy,4962,0.126,0.043,0,1,307
2024-04-02,NORTH-02,standard,7053,0.141,0.166,0,1,475
2024-04-02,NORTH-02,priority,5742,0.246,0.131,0,1,226
2024-04-02,NORTH-02,economy,5180,0.109,0.152,0,1,346
2024-04-02,CENTRAL-01,standard,7396,0.064,0.017,0,1,344
2024-04-02,CENTRAL-01,priority,6652,0.08,0.062,0,1,544
2024-04-02,CENTRAL-01,economy,6346,0.132,0.133,0,1,153
2024-04-02,SOUTH-01,standard,6439,0.416,0.346,0,1,361
2024-04-02,SOUTH-01,priority,6799,0.094,0.129,0,1,481
2024-04-02,SOUTH-01,economy,6153,0.166,0.077,0,1,426
2024-04-02,SOUTH-02,standard,8774,0.038,0.018,0,1,366
2024-04-02,SOUTH-02,priority,7559,0.164,0.118,0,1,619
2024-04-02,SOUTH-02,economy,5938,0.25,0.029,0,1,310
2024-04-02,WEST-01,standard,8605,0.148,0.012,0,1,307
2024-04-02,WEST-01,priority,7700,0.359,0.296,0,1,463
2024-04-02,WEST-01,economy,7150,0.032,0.2,0,1,264
2024-04-03,NORTH-01,standard,5203,0.145,0.113,0,2,450
2024-04-03,NORTH-01,priority,4437,0.086,0.289,0,2,506
2024-04-03,NORTH-01,economy,4019,0.058,0.15,0,2,259
2024-04-03,NORTH-02,standard,6349,0.276,0.27,0,2,321
2024-04-03,NORTH-02,priority,4651,0.202,0.087,0,2,181
2024-04-03,NORTH-02,economy,3814,0.127,0.17,0,2,288
2024-04-03,CENTRAL-01,standard,5918,0.362,0.24,0,2,189
2024-04-03,CENTRAL-01,priority,5824,0.235,0.0,0,2,329
2024-04-03,CENTRAL-01,economy,4990,0.4,0.012,0,2,317
2024-04-03,SOUTH-01,standard,6794,0.14,0.04,0,2,464
2024-04-03,SOUTH-01,priority,5684,0.394,0.231,0,2,230
2024-04-03,SOUTH-01,economy,5373,0.016,0.268,0,2,518
2024-04-03,SOUTH-02,standard,6923,0.243,0.176,0,2,466
2024-04-03,SOUTH-02,priority,6712,0.178,0.12,0,2,364
2024-04-03,SOUTH-02,economy,5955,0.084,0.198,0,2,417
2024-04-03,WEST-01,standard,8162,0.126,0.053,0,2,610
2024-04-03,WEST-01,priority,6625,0.286,0.119,0,2,544
2024-04-03,WEST-01,economy,7026,0.138,0.099,0,2,385
2024-04-04,NORTH-01,standard,5243,0.392,0.038,0,3,585
2024-04-04,NORTH-01,priority,4217,0.184,0.129,0,3,436
2024-04-04,NORTH-01,economy,3672,0.088,0.142,0,3,476
2024-04-04,NORTH-02,standard,5174,0.319,0.147,0,3,519
2024-04-04,NORTH-02,priority,4356,0.136,0.062,0,3,233
2024-04-04,NORTH-02,economy,4954,0.005,0.1,0,3,283
2024-04-04,CENTRAL-01,standard,6133,0.223,0.092,0,3,594
2024-04-04,CENTRAL-01,priority,5015,0.138,0.181,0,3,512
2024-04-04,CENTRAL-01,economy,5081,0.123,0.234,0,3,405
2024-04-04,SOUTH-01,standard,6987,0.261,0.114,0,3,298
2024-04-04,SOUTH-01,priority,6050,0.273,0.119,0,3,306
2024-04-04,SOUTH-01,economy,5398,0.186,0.064,0,3,347
2024-04-04,SOUTH-02,standard,7186,0.115,0.146,0,3,321
2024-04-04,SOUTH-02,priority,7355,0.165,0.07,0,3,527
2024-04-04,SOUTH-02,economy,5093,0.213,0.244,0,3,25
2024-04-04,WEST-01,standard,7312,0.132,0.04,0,3,424
2024-04-04,WEST-01,priority,6841,0.29,0.059,0,3,386
2024-04-04,WEST-01,economy,6758,0.222,0.108,0,3,370
2024-04-05,NORTH-01,standard,5399,0.393,0.087,0,4,334
2024-04-05,NORTH-01,priority,4711,0.141,0.201,0,4,1
2024-04-05,NORTH-01,economy,4924,0.0,0.252,0,4,554
2024-04-05,NORTH-02,standard,5484,0.178,0.047,0,4,345
2024-04-05,NORTH-02,priority,6382,0.059,0.282,0,4,428
2024-04-05,NORTH-02,economy,5069,0.179,0.046,0,4,341
2024-04-05,CENTRAL-01,standard,6051,0.145,0.188,0,4,379
2024-04-05,CENTRAL-01,priority,5819,0.007,0.237,0,4,493
2024-04-05,CENTRAL-01,economy,4477,0.156,0.139,0,4,405
2024-04-05,SOUTH-01,standard,6694,0.075,0.111,0,4,395
2024-04-05,SOUTH-01,priority,6501,0.0,0.132,0,4,329
2024-04-05,SOUTH-01,economy,5396,0.153,0.163,0,4,218
2024-04-05,SOUTH-02,standard,6740,0.176,0.23,0,4,337
2024-04-05,SOUTH-02,priority,6663,0.014,0.225,0,4,277
2024-04-05,SOUTH-02,economy,5274,0.191,0.054,0,4,163
2024-04-05,WEST-01,standard,7451,0.052,0.259,0,4,459
2024-04-05,WEST-01,priority,6623,0.08,0.211,0,4,383
2024-04-05,WEST-01,economy,6760,0.186,0.336,0,4,311
2024-04-06,NORTH-01,standard,4815,0.262,0.321,0,5,223
2024-04-06,NORTH-01,priority,4584,0.152,0.117,0,5,161
2024-04-06,NORTH-01,economy,3741,0.348,0.036,0,5,417
2024-04-06,NORTH-02,standard,5128,0.176,0.072,0,5,306
2024-04-06,NORTH-02,priority,4683,0.089,0.166,0,5,418
2024-04-06,NORTH-02,economy,5161,0.194,0.165,0,5,282
2024-04-06,CENTRAL-01,standard,6162,0.093,0.106,0,5,353
2024-04-06,CENTRAL-01,priority,5266,0.08,0.0,0,5,381
2024-04-06,CENTRAL-01,economy,5906,0.196,0.246,0,5,448
2024-04-06,SOUTH-01,standard,7295,0.346,0.211,0,5,620
2024-04-06,SOUTH-01,priority,5911,0.294,0.207,0,5,352
2024-04-06,SOUTH-01,economy,5205,0.139,0.2,0,5,313
2024-04-06,SOUTH-02,standard,7321,0.0,0.288,0,5,454
2024-04-06,SOUTH-02,priority,6939,0.355,0.174,0,5,239
2024-04-06,SOUTH-02,economy,5777,0.468,0.237,0,5,524
2024-04-06,WEST-01,standard,8213,0.04,0.127,0,5,202
2024-04-06,WEST-01,priority,7709,0.247,0.193,0,5,221
2024-04-06,WEST-01,economy,5852,0.373,0.105,0,5,208
2024-04-07,NORTH-01,standard,5051,0.049,0.182,0,6,420
2024-04-07,NORTH-01,priority,4469,0.1,0.053,0,6,354
2024-04-07,NORTH-01,economy,4447,0.147,0.153,0,6,443
2024-04-07,NORTH-02,standard,5752,0.143,0.066,0,6,409
2024-04-07,NORTH-02,priority,4937,0.005,0.079,0,6,303
2024-04-07,NORTH-02,economy,4030,0.089,0.207,0,6,111
2024-04-07,CENTRAL-01,standard,5628,0.14,0.136,0,6,276
2024-04-07,CENTRAL-01,priority,5669,0.132,0.119,0,6,270
2024-04-07,CENTRAL-01,economy,4531,0.357,0.189,0,6,327
2024-04-07,SOUTH-01,standard,6507,0.195,0.247,0,6,467
2024-04-07,SOUTH-01,priority,6718,0.185,0.269,0,6,405
2024-04-07,SOUTH-01,economy,5414,0.149,0.191,0,6,544
2024-04-07,SOUTH-02,standard,6839,0.189,0.118,0,6,239
2024-04-07,SOUTH-02,priority,6780,0.247,0.084,0,6,228
2024-04-07,SOUTH-02,economy,5038,0.195,0.242,0,6,573
2024-04-07,WEST-01,standard,7811,0.129,0.161,0,6,501
2024-04-07,WEST-01,priority,7179,0.213,0.23,0,6,606
2024-04-07,WEST-01,economy,6789,0.243,0.307,0,6,166
2024-04-08,NORTH-01,standard,6551,0.493,0.104,0,0,379
2024-04-08,NORTH-01,priority,5722,0.307,0.095,0,0,321
2024-04-08,NORTH-01,economy,5289,0.369,0.185,0,0,78
2024-04-08,NORTH-02,standard,6836,0.17,0.183,0,0,500
2024-04-08,NORTH-02,priority,6613,0.136,0.154,0,0,104
2024-04-08,NORTH-02,economy,4972,0.251,0.123,0,0,369
2024-04-08,CENTRAL-01,standard,7037,0.327,0.233,0,0,496
2024-04-08,CENTRAL-01,priority,6109,0.284,0.143,0,0,287
2024-04-08,CENTRAL-01,economy,5348,0.281,0.147,0,0,138
2024-04-08,SOUTH-01,standard,7546,0.28,0.106,0,0,555
2024-04-08,SOUTH-01,priority,6997,0.023,0.146,0,0,435
2024-04-08,SOUTH-01,economy,6285,0.329,0.044,0,0,492
2024-04-08,SOUTH-02,standard,8164,0.158,0.139,0,0,466
2024-04-08,SOUTH-02,priority,6943,0.25,0.195,0,0,507
2024-04-08,SOUTH-02,economy,6007,0.32,0.165,0,0,346
2024-04-08,WEST-01,standard,8125,0.203,0.058,0,0,254
2024-04-08,WEST-01,priority,7052,0.253,0.163,0,0,433
2024-04-08,WEST-01,economy,7066,0.173,0.191,0,0,295
2024-04-09,NORTH-01,standard,6301,0.087,0.107,0,1,386
2024-04-09,NORTH-01,priority,5474,0.157,0.116,0,1,645
2024-04-09,NORTH-01,economy,6434,0.088,0.105,0,1,423
2024-04-09,NORTH-02,standard,6545,0.014,0.217,0,1,485
2024-04-09,NORTH-02,priority,6728,0.155,0.115,0,1,449
2024-04-09,NORTH-02,economy,5205,0.297,0.185,0,1,409
2024-04-09,CENTRAL-01,standard,7763,0.325,0.161,0,1,514
2024-04-09,CENTRAL-01,priority,6563,0.205,0.17,0,1,226
2024-04-09,CENTRAL-01,economy,5741,0.169,0.168,0,1,392
2024-04-09,SOUTH-01,standard,7907,0.183,0.212,0,1,437
2024-04-09,SOUTH-01,priority,7201,0.016,0.293,0,1,386
2024-04-09,SOUTH-01,economy,6950,0.139,0.111,0,1,554
2024-04-09,SOUTH-02,standard,8185,0.233,0.141,0,1,434
2024-04-09,SOUTH-02,priority,7233,0.157,0.177,0,1,427
2024-04-09,SOUTH-02,economy,6522,0.205,0.198,0,1,460
2024-04-09,WEST-01,standard,8232,0.071,0.104,0,1,298
2024-04-09,WEST-01,priority,7293,0.302,0.072,0,1,549
2024-04-09,WEST-01,economy,6791,0.112,0.135,0,1,483
2024-04-10,NORTH-01,standard,5573,0.282,0.209,0,2,356
2024-04-10,NORTH-01,priority,5262,0.117,0.085,0,2,429
2024-04-10,NORTH-01,economy,4078,0.097,0.153,0,2,166
2024-04-10,NORTH-02,standard,5334,0.201,0.117,0,2,162
2024-04-10,NORTH-02,priority,5264,0.0,0.12,0,2,232
2024-04-10,NORTH-02,economy,4720,0.258,0.145,0,2,299
2024-04-10,CENTRAL-01,standard,5791,0.086,0.159,0,2,418
2024-04-10,CENTRAL-01,priority,5656,0.068,0.223,0,2,477
2024-04-10,CENTRAL-01,economy,5198,0.045,0.096,0,2,476
2024-04-10,SOUTH-01,standard,7251,0.38,0.153,0,2,362
2024-04-10,SOUTH-01,priority,5999,0.312,0.075,0,2,78
2024-04-10,SOUTH-01,economy,5032,0.045,0.187,0,2,382
2024-04-10,SOUTH-02,standard,6530,0.289,0.11,0,2,318
2024-04-10,SOUTH-02,priority,6602,0.064,0.142,0,2,341
2024-04-10,SOUTH-02,economy,6177,0.381,0.092,0,2,240
2024-04-10,WEST-01,standard,8101,0.189,0.245,0,2,372
2024-04-10,WEST-01,priority,6650,0.247,0.184,0,2,453
2024-04-10,WEST-01,economy,6359,0.403,0.188,0,2,451
2024-04-11,NORTH-01,standard,5143,0.005,0.187,0,3,263
2024-04-11,NORTH-01,priority,4177,0.439,0.13,0,3,443
2024-04-11,NORTH-01,economy,4709,0.066,0.114,0,3,326
2024-04-11,NORTH-02,standard,5846,0.0,0.194,0,3,540
2024-04-11,NORTH-02,priority,6093,0.107,0.234,0,3,260
2024-04-11,NORTH-02,economy,4256,0.157,0.181,0,3,340
2024-04-11,CENTRAL-01,standard,6247,0.153,0.13,0,3,375
2024-04-11,CENTRAL-01,priority,5296,0.2,0.102,0,3,324
2024-04-11,CENTRAL-01,economy,5083,0.175,0.115,0,3,114
2024-04-11,SOUTH-01,standard,6348,0.092,0.128,0,3,565
2024-04-11,SOUTH-01,priority,5849,0.182,0.164,0,3,353
2024-04-11,SOUTH-01,economy,5137,0.034,0.136,0,3,300
2024-04-11,SOUTH-02,standard,7750,0.0,0.06,0,3,512
2024-04-11,SOUTH-02,priority,6745,0.338,0.261,0,3,328
2024-04-11,SOUTH-02,economy,6100,0.056,0.242,0,3,662
2024-04-11,WEST-01,standard,7687,0.136,0.308,0,3,570
2024-04-11,WEST-01,priority,6407,0.384,0.068,0,3,248
2024-04-11,WEST-01,economy,6393,0.032,0.203,0,3,378
2024-04-12,NORTH-01,standard,5662,0.247,0.001,0,4,307
2024-04-12,NORTH-01,priority,5328,0.244,0.2,0,4,327
2024-04-12,NORTH-01,economy,4380,0.0,0.155,0,4,187
2024-04-12,NORTH-02,standard,5182,0.198,0.121,0,4,416
2024-04-12,NORTH-02,priority,5004,0.112,0.117,0,4,478
2024-04-12,NORTH-02,economy,4385,0.175,0.156,0,4,367
2024-04-12,CENTRAL-01,standard,6435,0.342,0.202,0,4,445
2024-04-12,CENTRAL-01,priority,5583,0.014,0.08,0,4,260
2024-04-12,CENTRAL-01,economy,4350,0.052,0.0,0,4,279
2024-04-12,SOUTH-01,standard,6619,0.172,0.087,0,4,326
2024-04-12,SOUTH-01,priority,6196,0.311,0.137,0,4,390
2024-04-12,SOUTH-01,economy,5041,0.012,0.143,0,4,318
2024-04-12,SOUTH-02,standard,6643,0.091,0.181,0,4,381
2024-04-12,SOUTH-02,priority,6176,0.249,0.223,0,4,367
2024-04-12,SOUTH-02,economy,5360,0.202,0.274,0,4,231
2024-04-12,WEST-01,standard,6393,0.517,0.128,0,4,301
2024-04-12,WEST-01,priority,7424,0.0,0.169,0,4,293
2024-04-12,WEST-01,economy,5686,0.124,0.224,0,4,191
2024-04-13,NORTH-01,standard,5195,0.153,0.09,0,5,184
2024-04-13,NORTH-01,priority,4942,0.206,0.138,0,5,352
2024-04-13,NORTH-01,economy,4169,0.205,0.034,0,5,265
2024-04-13,NORTH-02,standard,5620,0.16,0.234,0,5,510
2024-04-13,NORTH-02,priority,4687,0.353,0.21,0,5,58
2024-04-13,NORTH-02,economy,4141,0.309,0.159,0,5,445
2024-04-13,CENTRAL-01,standard,6500,0.077,0.116,0,5,241
2024-04-13,CENTRAL-01,priority,5819,0.167,0.237,0,5,504
2024-04-13,CENTRAL-01,economy,3886,0.316,0.151,0,5,163
2024-04-13,SOUTH-01,standard,6285,0.272,0.026,0,5,409
2024-04-13,SOUTH-01,priority,5553,0.356,0.104,0,5,340
2024-04-13,SOUTH-01,economy,5807,0.222,0.138,0,5,258
2024-04-13,SOUTH-02,standard,6953,0.194,0.186,0,5,489
2024-04-13,SOUTH-02,priority,6614,0.198,0.213,0,5,423
2024-04-13,SOUTH-02,economy,6369,0.104,0.1,0,5,447
2024-04-13,WEST-01,standard,6651,0.057,0.164,0,5,310
2024-04-13,WEST-01,priority,6832,0.295,0.14,0,5,22
2024-04-13,WEST-01,economy,6551,0.133,0.177,0,5,492
2024-04-14,NORTH-01,standard,4817,0.155,0.137,0,6,299
2024-04-14,NORTH-01,priority,4246,0.029,0.002,0,6,488
2024-04-14,NORTH-01,economy,3966,0.148,0.168,0,6,84
2024-04-14,NORTH-02,standard,5279,0.292,0.0,0,6,331
2024-04-14,NORTH-02,priority,4311,0.208,0.092,0,6,213
2024-04-14,NORTH-02,economy,4972,0.09,0.088,0,6,183
2024-04-14,CENTRAL-01,standard,6617,0.216,0.163,0,6,362
2024-04-14,CENTRAL-01,priority,5690,0.275,0.136,0,6,170
2024-04-14,CENTRAL-01,economy,5371,0.0,0.18,0,6,398
2024-04-14,SOUTH-01,standard,6673,0.117,0.269,0,6,430
2024-04-14,SOUTH-01,priority,6015,0.251,0.287,0,6,282
2024-04-14,SOUTH-01,economy,5915,0.0,0.274,0,6,411
2024-04-14,SOUTH-02,standard,6240,0.554,0.176,0,6,343
2024-04-14,SOUTH-02,priority,6367,0.063,0.118,0,6,300
2024-04-14,SOUTH-02,economy,6286,0.013,0.277,0,6,341
2024-04-14,WEST-01,standard,7602,0.271,0.188,0,6,490
2024-04-14,WEST-01,priority,7269,0.196,0.204,0,6,417
2024-04-14,WEST-01,economy,6257,0.154,0.272,0,6,414
2024-04-15,NORTH-01,standard,5827,0.23,0.101,0,0,312
2024-04-15,NORTH-01,priority,5286,0.121,0.033,0,0,370
2024-04-15,NORTH-01,economy,3859,0.332,0.194,0,0,372
2024-04-15,NORTH-02,standard,6802,0.113,0.186,0,0,360
2024-04-15,NORTH-02,priority,6655,0.168,0.148,0,0,377
2024-04-15,NORTH-02,economy,5719,0.31,0.225,0,0,137
2024-04-15,CENTRAL-01,standard,7266,0.314,0.113,0,0,281
2024-04-15,CENTRAL-01,priority,6436,0.038,0.308,0,0,510
2024-04-15,CENTRAL-01,economy,5818,0.194,0.116,0,0,198
2024-04-15,SOUTH-01,standard,7289,0.178,0.063,0,0,509
2024-04-15,SOUTH-01,priority,7124,0.211,0.031,0,0,392
2024-04-15,SOUTH-01,economy,6385,0.115,0.21,0,0,231
2024-04-15,SOUTH-02,standard,7757,0.402,0.149,0,0,364
2024-04-15,SOUTH-02,priority,6543,0.322,0.108,0,0,294
2024-04-15,SOUTH-02,economy,6585,0.339,0.217,0,0,542
2024-04-15,WEST-01,standard,8245,0.27,0.129,0,0,466
2024-04-15,WEST-01,priority,8022,0.08,0.15,0,0,218
2024-04-15,WEST-01,economy,7604,0.157,0.126,0,0,186
2024-04-16,NORTH-01,standard,6670,0.134,0.111,0,1,374
2024-04-16,NORTH-01,priority,5353,0.396,0.203,0,1,369
2024-04-16,NORTH-01,economy,4598,0.138,0.219,0,1,219
2024-04-16,NORTH-02,standard,5852,0.235,0.248,0,1,520
2024-04-16,NORTH-02,priority,4650,0.163,0.0,0,1,135
2024-04-16,NORTH-02,economy,5725,0.178,0.145,0,1,285
2024-04-16,CENTRAL-01,standard,7226,0.047,0.117,0,1,424
2024-04-16,CENTRAL-01,priority,6428,0.085,0.222,0,1,268
2024-04-16,CENTRAL-01,economy,6004,0.115,0.236,0,1,276
2024-04-16,SOUTH-01,standard,7766,0.291,0.321,0,1,561
2024-04-16,SOUTH-01,priority,6782,0.304,0.102,0,1,229
2024-04-16,SOUTH-01,economy,6114,0.155,0.1,0,1,273
2024-04-16,SOUTH-02,standard,8027,0.146,0.193,0,1,197
2024-04-16,SOUTH-02,priority,7405,0.09,0.028,0,1,462
2024-04-16,SOUTH-02,economy,6751,0.211,0.087,0,1,326
2024-04-16,WEST-01,standard,8964,0.043,0.209,0,1,562
2024-04-16,WEST-01,priority,7780,0.107,0.244,0,1,491
2024-04-16,WEST-01,economy,6199,0.119,0.132,0,1,329
2024-04-17,NORTH-01,standard,6062,0.191,0.117,0,2,222
2024-04-17,NORTH-01,priority,4488,0.112,0.078,0,2,438
2024-04-17,NORTH-01,economy,3601,0.357,0.094,0,2,149
2024-04-17,NORTH-02,standard,5731,0.337,0.24,0,2,184
2024-04-17,NORTH-02,priority,5574,0.023,0.164,0,2,99
2024-04-17,NORTH-02,economy,4670,0.141,0.279,0,2,498
2024-04-17,CENTRAL-01,standard,5933,0.258,0.063,0,2,342
2024-04-17,CENTRAL-01,priority,6254,0.066,0.072,0,2,250
2024-04-17,CENTRAL-01,economy,4824,0.309,0.115,0,2,392
2024-04-17,SOUTH-01,standard,5927,0.108,0.195,0,2,410
2024-04-17,SOUTH-01,priority,6543,0.0,0.132,0,2,450
2024-04-17,SOUTH-01,economy,5159,0.024,0.056,0,2,357
2024-04-17,SOUTH-02,standard,7386,0.0,0.149,0,2,367
2024-04-17,SOUTH-02,priority,6213,0.243,0.168,0,2,134
2024-04-17,SOUTH-02,economy,5502,0.196,0.074,0,2,402
2024-04-17,WEST-01,standard,7601,0.35,0.147,0,2,234
2024-04-17,WEST-01,priority,7389,0.209,0.145,0,2,336
2024-04-17,WEST-01,economy,6378,0.151,0.235,0,2,238
2024-04-18,NORTH-01,standard,4966,0.486,0.064,0,3,370
2024-04-18,NORTH-01,priority,4631,0.212,0.135,0,3,290
2024-04-18,NORTH-01,economy,4379,0.046,0.322,0,3,383
2024-04-18,NORTH-02,standard,5616,0.14,0.122,0,3,162
2024-04-18,NORTH-02,priority,5655,0.161,0.117,0,3,206
2024-04-18,NORTH-02,economy,5145,0.111,0.078,0,3,230
2024-04-18,CENTRAL-01,standard,6211,0.247,0.228,0,3,201
2024-04-18,CENTRAL-01,priority,5320,0.016,0.219,0,3,386
2024-04-18,CENTRAL-01,economy,5220,0.194,0.18,0,3,224
2024-04-18,SOUTH-01,standard,6579,0.063,0.207,0,3,47
2024-04-18,SOUTH-01,priority,6069,0.258,0.067,0,3,529
2024-04-18,SOUTH-01,economy,5589,0.182,0.23,0,3,538
2024-04-18,SOUTH-02,standard,7493,0.053,0.149,0,3,381
2024-04-18,SOUTH-02,priority,7178,0.318,0.115,0,3,650
2024-04-18,SOUTH-02,economy,6381,0.214,0.194,0,3,228
2024-04-18,WEST-01,standard,7909,0.023,0.251,0,3,390
2024-04-18,WEST-01,priority,6637,0.181,0.0,0,3,288
2024-04-18,WEST-01,economy,6529,0.29,0.23,0,3,423
2024-04-19,NORTH-01,standard,5863,0.0,0.197,0,4,505
2024-04-19,NORTH-01,priority,4196,0.434,0.015,0,4,216
2024-04-19,NORTH-01,economy,4022,0.201,0.151,0,4,423
2024-04-19,NORTH-02,standard,5392,0.048,0.067,0,4,298
2024-04-19,NORTH-02,priority,5246,0.033,0.146,0,4,242
2024-04-19,NORTH-02,economy,4914,0.285,0.145,0,4,304
2024-04-19,CENTRAL-01,standard,6181,0.177,0.105,0,4,450
2024-04-19,CENTRAL-01,priority,5373,0.131,0.191,0,4,432
2024-04-19,CENTRAL-01,economy,5171,0.11,0.218,0,4,517
2024-04-19,SOUTH-01,standard,6386,0.042,0.032,0,4,205
2024-04-19,SOUTH-01,priority,6257,0.014,0.2,0,4,310
2024-04-19,SOUTH-01,economy,6103,0.134,0.102,0,4,274
2024-04-19,SOUTH-02,standard,7229,0.021,0.214,0,4,641
2024-04-19,SOUTH-02,priority,7074,0.117,0.218,0,4,329
2024-04-19,SOUTH-02,economy,6253,0.091,0.209,0,4,198
2024-04-19,WEST-01,standard,7712,0.045,0.0,0,4,379
2024-04-19,WEST-01,priority,6295,0.161,0.015,0,4,311
2024-04-19,WEST-01,economy,6617,0.099,0.159,0,4,650
2024-04-20,NORTH-01,standard,5144,0.178,0.239,0,5,133
2024-04-20,NORTH-01,priority,4643,0.138,0.022,0,5,225
2024-04-20,NORTH-01,economy,4249,0.0,0.289,0,5,110
2024-04-20,NORTH-02,standard,6097,0.288,0.092,0,5,274
2024-04-20,NORTH-02,priority,5531,0.115,0.178,0,5,438
2024-04-20,NORTH-02,economy,4945,0.169,0.192,0,5,352
2024-04-20,CENTRAL-01,standard,6362,0.163,0.034,0,5,375
2024-04-20,CENTRAL-01,priority,5192,0.13,0.252,0,5,533
2024-04-20,CENTRAL-01,economy,4867,0.177,0.175,0,5,125
2024-04-20,SOUTH-01,standard,7002,0.163,0.177,0,5,366
2024-04-20,SOUTH-01,priority,6919,0.0,0.027,0,5,256
2024-04-20,SOUTH-01,economy,5105,0.351,0.075,0,5,408
2024-04-20,SOUTH-02,standard,7379,0.082,0.277,0,5,456
2024-04-20,SOUTH-02,priority,7237,0.148,0.203,0,5,381
2024-04-20,SOUTH-02,economy,5932,0.388,0.101,0,5,416
2024-04-20,WEST-01,standard,7669,0.052,0.167,0,5,307
2024-04-20,WEST-01,priority,6854,0.223,0.162,0,5,377
2024-04-20,WEST-01,economy,6321,0.169,0.121,0,5,292
2024-04-21,NORTH-01,standard,4707,0.499,0.037,0,6,260
2024-04-21,NORTH-01,priority,4587,0.425,0.044,0,6,347
2024-04-21,NORTH-01,economy,4739,0.22,0.249,0,6,268
2024-04-21,NORTH-02,standard,5645,0.203,0.001,0,6,254
2024-04-21,NORTH-02,priority,5212,0.158,0.015,0,6,132
2024-04-21,NORTH-02,economy,4075,0.198,0.052,0,6,440
2024-04-21,CENTRAL-01,standard,6947,0.251,0.242,0,6,295
2024-04-21,CENTRAL-01,priority,5625,0.36,0.033,0,6,289
2024-04-21,CENTRAL-01,economy,5559,0.068,0.199,0,6,456
2024-04-21,SOUTH-01,standard,6882,0.206,0.161,0,6,422
2024-04-21,SOUTH-01,priority,6366,0.245,0.166,0,6,175
2024-04-21,SOUTH-01,economy,5422,0.164,0.039,0,6,539
2024-04-21,SOUTH-02,standard,7482,0.123,0.16,0,6,156
2024-04-21,SOUTH-02,priority,5357,0.117,0.179,0,6,223
2024-04-21,SOUTH-02,economy,5999,0.312,0.23,0,6,465
2024-04-21,WEST-01,standard,7430,0.206,0.194,0,6,416
2024-04-21,WEST-01,priority,7744,0.104,0.251,0,6,577
2024-04-21,WEST-01,economy,6775,0.131,0.074,0,6,448
2024-04-22,NORTH-01,standard,6362,0.219,0.099,0,0,240
2024-04-22,NORTH-01,priority,6416,0.256,0.26,0,0,457
2024-04-22,NORTH-01,economy,6109,0.014,0.166,0,0,259
2024-04-22,NORTH-02,standard,7119,0.173,0.263,0,0,691
2024-04-22,NORTH-02,priority,6586,0.092,0.071,0,0,234
2024-04-22,NORTH-02,economy,5922,0.156,0.145,0,0,431
2024-04-22,CENTRAL-01,standard,7562,0.235,0.118,0,0,889
2024-04-22,CENTRAL-01,priority,5912,0.263,0.158,0,0,280
2024-04-22,CENTRAL-01,economy,5865,0.154,0.107,0,0,569
2024-04-22,SOUTH-01,standard,6914,0.33,0.137,0,0,547
2024-04-22,SOUTH-01,priority,7084,0.174,0.012,0,0,515
2024-04-22,SOUTH-01,economy,6365,0.0,0.084,0,0,459
2024-04-22,SOUTH-02,standard,8280,0.118,0.083,0,0,372
2024-04-22,SOUTH-02,priority,6644,0.245,0.061,0,0,469
2024-04-22,SOUTH-02,economy,6603,0.21,0.224,0,0,282
2024-04-22,WEST-01,standard,8658,0.343,0.028,0,0,598
2024-04-22,WEST-01,priority,7307,0.283,0.095,0,0,374
2024-04-22,WEST-01,economy,7506,0.025,0.073,0,0,483
2024-04-23,NORTH-01,standard,6655,0.054,0.204,0,1,560
2024-04-23,NORTH-01,priority,5908,0.248,0.235,0,1,474
2024-04-23,NORTH-01,economy,5154,0.026,0.14,0,1,305
2024-04-23,NORTH-02,standard,6893,0.233,0.201,0,1,365
2024-04-23,NORTH-02,priority,6429,0.092,0.238,0,1,250
2024-04-23,NORTH-02,economy,5335,0.157,0.011,0,1,316
2024-04-23,CENTRAL-01,standard,6878,0.111,0.277,0,1,471
2024-04-23,CENTRAL-01,priority,6382,0.442,0.236,0,1,235
2024-04-23,CENTRAL-01,economy,5721,0.017,0.117,0,1,265
2024-04-23,SOUTH-01,standard,7802,0.141,0.142,0,1,265
2024-04-23,SOUTH-01,priority,6929,0.098,0.137,0,1,608
2024-04-23,SOUTH-01,economy,6322,0.208,0.021,0,1,435
2024-04-23,SOUTH-02,standard,8634,0.165,0.053,0,1,310
2024-04-23,SOUTH-02,priority,7584,0.259,0.166,0,1,612
2024-04-23,SOUTH-02,economy,7111,0.247,0.105,0,1,317
2024-04-23,WEST-01,standard,7852,0.2,0.047,0,1,421
2024-04-23,WEST-01,priority,7812,0.224,0.014,0,1,316
2024-04-23,WEST-01,economy,6548,0.334,0.122,0,1,385
2024-04-24,NORTH-01,standard,5611,0.07,0.252,0,2,330
2024-04-24,NORTH-01,priority,4059,0.251,0.07,0,2,350
2024-04-24,NORTH-01,economy,4505,0.048,0.062,0,2,378
2024-04-24,NORTH-02,standard,5509,0.03,0.1,0,2,558
2024-04-24,NORTH-02,priority,5297,0.289,0.116,0,2,176
2024-04-24,NORTH-02,economy,4848,0.099,0.158,0,2,313
2024-04-24,CENTRAL-01,standard,6157,0.21,0.156,0,2,329
2024-04-24,CENTRAL-01,priority,5866,0.129,0.169,0,2,379
2024-04-24,CENTRAL-01,economy,5200,0.039,0.07,0,2,512
2024-04-24,SOUTH-01,standard,6711,0.198,0.117,0,2,244
2024-04-24,SOUTH-01,priority,5651,0.337,0.165,0,2,329
2024-04-24,SOUTH-01,economy,5538,0.117,0.255,0,2,364
2024-04-24,SOUTH-02,standard,7050,0.249,0.091,0,2,424
2024-04-24,SOUTH-02,priority,6653,0.0,0.17,0,2,395
2024-04-24,SOUTH-02,economy,6448,0.184,0.171,0,2,231
2024-04-24,WEST-01,standard,7840,0.139,0.203,0,2,470
2024-04-24,WEST-01,priority,7154,0.51,0.199,0,2,357
2024-04-24,WEST-01,economy,6669,0.061,0.125,0,2,428
2024-04-25,NORTH-01,standard,5164,0.228,0.133,0,3,313
2024-04-25,NORTH-01,priority,4349,0.267,0.217,0,3,401
2024-04-25,NORTH-01,economy,4183,0.102,0.188,0,3,493
2024-04-25,NORTH-02,standard,6134,0.13,0.164,0,3,259
2024-04-25,NORTH-02,priority,4961,0.171,0.129,0,3,276
2024-04-25,NORTH-02,economy,4634,0.313,0.102,0,3,356
2024-04-25,CENTRAL-01,standard,5855,0.012,0.192,0,3,431
2024-04-25,CENTRAL-01,priority,5138,0.119,0.151,0,3,348
2024-04-25,CENTRAL-01,economy,4570,0.291,0.085,0,3,371
2024-04-25,SOUTH-01,standard,7283,0.238,0.0,0,3,461
2024-04-25,SOUTH-01,priority,5187,0.264,0.139,0,3,416
2024-04-25,SOUTH-01,economy,5460,0.112,0.194,0,3,372
2024-04-25,SOUTH-02,standard,6777,0.087,0.219,0,3,652
2024-04-25,SOUTH-02,priority,6943,0.449,0.281,0,3,378
2024-04-25,SOUTH-02,economy,5078,0.32,0.142,0,3,512
2024-04-25,WEST-01,standard,6896,0.315,0.147,0,3,316
2024-04-25,WEST-01,priority,6499,0.0,0.226,0,3,409
2024-04-25,WEST-01,economy,6345,0.079,0.036,0,3,330
2024-04-26,NORTH-01,standard,4852,0.281,0.049,0,4,39
2024-04-26,NORTH-01,priority,5984,0.0,0.294,0,4,370
2024-04-26,NORTH-01,economy,4573,0.081,0.126,0,4,255
2024-04-26,NORTH-02,standard,5552,0.209,0.149,0,4,283
2024-04-26,NORTH-02,priority,5258,0.215,0.072,0,4,281
2024-04-26,NORTH-02,economy,4631,0.195,0.261,0,4,429
2024-04-26,CENTRAL-01,standard,6374,0.0,0.112,0,4,602
2024-04-26,CENTRAL-01,priority,6392,0.0,0.142,0,4,277
2024-04-26,CENTRAL-01,economy,5141,0.154,0.177,0,4,522
2024-04-26,SOUTH-01,standard,6611,0.234,0.256,0,4,289
2024-04-26,SOUTH-01,priority,6169,0.153,0.057,0,4,318
2024-04-26,SOUTH-01,economy,5079,0.099,0.19,0,4,424
2024-04-26,SOUTH-02,standard,7110,0.123,0.243,0,4,469
2024-04-26,SOUTH-02,priority,6589,0.202,0.21,0,4,178
2024-04-26,SOUTH-02,economy,6081,0.301,0.143,0,4,445
2024-04-26,WEST-01,standard,7805,0.087,0.077,0,4,377
2024-04-26,WEST-01,priority,7228,0.292,0.136,0,4,447
2024-04-26,WEST-01,economy,6327,0.215,0.12,0,4,512
2024-04-27,NORTH-01,standard,5467,0.173,0.192,0,5,358
2024-04-27,NORTH-01,priority,4736,0.387,0.246,0,5,347
2024-04-27,NORTH-01,economy,4337,0.096,0.136,0,5,412
2024-04-27,NORTH-02,standard,6037,0.27,0.061,0,5,350
2024-04-27,NORTH-02,priority,6054,0.062,0.257,0,5,393
2024-04-27,NORTH-02,economy,5165,0.265,0.211,0,5,422
2024-04-27,CENTRAL-01,standard,7041,0.021,0.311,0,5,330
2024-04-27,CENTRAL-01,priority,5674,0.056,0.19,0,5,389
2024-04-27,CENTRAL-01,economy,4403,0.269,0.105,0,5,358
2024-04-27,SOUTH-01,standard,6187,0.116,0.162,0,5,335
2024-04-27,SOUTH-01,priority,5711,0.266,0.198,0,5,211
2024-04-27,SOUTH-01,economy,5663,0.182,0.195,0,5,288
2024-04-27,SOUTH-02,standard,7313,0.216,0.27,0,5,203
2024-04-27,SOUTH-02,priority,6131,0.204,0.314,0,5,367
2024-04-27,SOUTH-02,economy,5984,0.153,0.158,0,5,496
2024-04-27,WEST-01,standard,7608,0.19,0.252,0,5,366
2024-04-27,WEST-01,priority,6925,0.1,0.005,0,5,634
2024-04-27,WEST-01,economy,6145,0.235,0.205,0,5,335
2024-04-28,NORTH-01,standard,6110,0.298,0.311,0,6,459
2024-04-28,NORTH-01,priority,4471,0.184,0.167,0,6,140
2024-04-28,NORTH-01,economy,4154,0.045,0.154,0,6,128
2024-04-28,NORTH-02,standard,5300,0.176,0.125,0,6,294
2024-04-28,NORTH-02,priority,5562,0.141,0.101,0,6,118
2024-04-28,NORTH-02,economy,4783,0.0,0.15,0,6,371
2024-04-28,CENTRAL-01,standard,6214,0.115,0.077,0,6,313
2024-04-28,CENTRAL-01,priority,5408,0.366,0.124,0,6,639
2024-04-28,CENTRAL-01,economy,5358,0.157,0.194,0,6,428
2024-04-28,SOUTH-01,standard,6710,0.215,0.166,0,6,312
2024-04-28,SOUTH-01,priority,6736,0.219,0.312,0,6,418
2024-04-28,SOUTH-01,economy,5151,0.283,0.08,0,6,448
2024-04-28,SOUTH-02,standard,6669,0.358,0.088,0,6,641
2024-04-28,SOUTH-02,priority,6749,0.192,0.296,0,6,412
2024-04-28,SOUTH-02,economy,6568,0.143,0.225,0,6,252
2024-04-28,WEST-01,standard,7615,0.138,0.223,0,6,349
2024-04-28,WEST-01,priority,6733,0.301,0.238,0,6,407
2024-04-28,WEST-01,economy,6393,0.035,0.078,0,6,375
2024-04-29,NORTH-01,standard,5877,0.064,0.093,0,0,410
2024-04-29,NORTH-01,priority,4950,0.0,0.069,0,0,378
2024-04-29,NORTH-01,economy,5905,0.0,0.153,0,0,557
2024-04-29,NORTH-02,standard,6498,0.0,0.174,0,0,231
2024-04-29,NORTH-02,priority,6489,0.166,0.248,0,0,288
2024-04-29,NORTH-02,economy,4902,0.265,0.0,0,0,228
2024-04-29,CENTRAL-01,standard,7063,0.189,0.134,0,0,370
2024-04-29,CENTRAL-01,priority,6646,0.183,0.193,0,0,345
2024-04-29,CENTRAL-01,economy,5717,0.228,0.216,0,0,344
2024-04-29,SOUTH-01,standard,8104,0.319,0.062,0,0,262
2024-04-29,SOUTH-01,priority,7823,0.139,0.074,0,0,354
2024-04-29,SOUTH-01,economy,6399,0.12,0.12,0,0,332
2024-04-29,SOUTH-02,standard,7862,0.164,0.0,0,0,417
2024-04-29,SOUTH-02,priority,7332,0.305,0.255,0,0,497
2024-04-29,SOUTH-02,economy,6727,0.048,0.211,0,0,239
2024-04-29,WEST-01,standard,8678,0.158,0.262,0,0,619
2024-04-29,WEST-01,priority,7733,0.09,0.234,0,0,439
2024-04-29,WEST-01,economy,7350,0.206,0.203,0,0,311
2024-04-30,NORTH-01,standard,6126,0.286,0.289,0,1,143
2024-04-30,NORTH-01,priority,5531,0.24,0.124,0,1,412
2024-04-30,NORTH-01,economy,5033,0.125,0.128,0,1,507
2024-04-30,NORTH-02,standard,6094,0.184,0.051,0,1,379
2024-04-30,NORTH-02,priority,6336,0.044,0.025,0,1,452
2024-04-30,NORTH-02,economy,5631,0.136,0.173,0,1,421
2024-04-30,CENTRAL-01,standard,6799,0.253,0.0,0,1,446
2024-04-30,CENTRAL-01,priority,6896,0.131,0.153,0,1,396
2024-04-30,CENTRAL-01,economy,5813,0.361,0.24,0,1,330
2024-04-30,SOUTH-01,standard,7144,0.0,0.124,0,1,420
2024-04-30,SOUTH-01,priority,7603,0.198,0.206,0,1,404
2024-04-30,SOUTH-01,economy,5570,0.454,0.169,0,1,279
2024-04-30,SOUTH-02,standard,7715,0.135,0.197,0,1,375
2024-04-30,SOUTH-02,priority,7706,0.161,0.114,0,1,488
2024-04-30,SOUTH-02,economy,7119,0.32,0.124,0,1,229
2024-04-30,WEST-01,standard,8475,0.013,0.053,0,1,578
2024-04-30,WEST-01,priority,7750,0.108,0.112,0,1,481
2024-04-30,WEST-01,economy,6636,0.123,0.107,0,1,310
2024-05-01,NORTH-01,standard,4966,0.321,0.157,0,2,477
2024-05-01,NORTH-01,priority,5569,0.11,0.264,0,2,353
2024-05-01,NORTH-01,economy,4708,0.0,0.333,0,2,282
2024-05-01,NORTH-02,standard,6342,0.295,0.206,0,2,290
2024-05-01,NORTH-02,priority,5331,0.218,0.055,0,2,337
2024-05-01,NORTH-02,economy,4434,0.214,0.138,0,2,208
2024-05-01,CENTRAL-01,standard,6084,0.275,0.269,0,2,428
2024-05-01,CENTRAL-01,priority,4947,0.232,0.151,0,2,172
2024-05-01,CENTRAL-01,economy,5503,0.086,0.0,0,2,389
2024-05-01,SOUTH-01,standard,5734,0.176,0.0,0,2,351
2024-05-01,SOUTH-01,priority,6145,0.416,0.094,0,2,306
2024-05-01,SOUTH-01,economy,5415,0.187,0.247,0,2,259
2024-05-01,SOUTH-02,standard,7424,0.35,0.154,0,2,320
2024-05-01,SOUTH-02,priority,6552,0.349,0.172,0,2,392
2024-05-01,SOUTH-02,economy,5743,0.119,0.15,0,2,467
2024-05-01,WEST-01,standard,6711,0.156,0.03,0,2,174
2024-05-01,WEST-01,priority,6869,0.254,0.058,0,2,402
2024-05-01,WEST-01,economy,6422,0.172,0.185,0,2,47
2024-05-02,NORTH-01,standard,6162,0.141,0.184,0,3,567
2024-05-02,NORTH-01,priority,4230,0.016,0.122,0,3,489
2024-05-02,NORTH-01,economy,4151,0.302,0.178,0,3,470
2024-05-02,NORTH-02,standard,6003,0.325,0.243,0,3,318
2024-05-02,NORTH-02,priority,5124,0.272,0.215,0,3,291
2024-05-02,NORTH-02,economy,4315,0.316,0.283,0,3,277
2024-05-02,CENTRAL-01,standard,6047,0.222,0.189,0,3,587
2024-05-02,CENTRAL-01,priority,6382,0.231,0.193,0,3,317
2024-05-02,CENTRAL-01,economy,4828,0.169,0.05,0,3,146
2024-05-02,SOUTH-01,standard,6531,0.27,0.184,0,3,363
2024-05-02,SOUTH-01,priority,5956,0.271,0.059,0,3,442
2024-05-02,SOUTH-01,economy,4973,0.0,0.205,0,3,315
2024-05-02,SOUTH-02,standard,6899,0.04,0.264,0,3,188
2024-05-02,SOUTH-02,priority,5808,0.196,0.117,0,3,417
2024-05-02,SOUTH-02,economy,5693,0.0,0.067,0,3,447
2024-05-02,WEST-01,standard,7452,0.335,0.238,0,3,112
2024-05-02,WEST-01,priority,7549,0.227,0.268,0,3,462
2024-05-02,WEST-01,economy,7194,0.037,0.108,0,3,225
2024-05-03,NORTH-01,standard,5434,0.042,0.225,0,4,201
2024-05-03,NORTH-01,priority,4498,0.363,0.187,0,4,177
2024-05-03,NORTH-01,economy,4521,0.426,0.148,0,4,422
2024-05-03,NORTH-02,standard,6440,0.117,0.109,0,4,548
2024-05-03,NORTH-02,priority,5373,0.0,0.194,0,4,217
2024-05-03,NORTH-02,economy,4228,0.211,0.042,0,4,211
2024-05-03,CENTRAL-01,standard,5877,0.12,0.144,0,4,545
2024-05-03,CENTRAL-01,priority,5696,0.239,0.294,0,4,285
2024-05-03,CENTRAL-01,economy,4695,0.391,0.104,0,4,407
2024-05-03,SOUTH-01,standard,7137,0.031,0.207,0,4,546
2024-05-03,SOUTH-01,priority,6055,0.287,0.254,0,4,258
2024-05-03,SOUTH-01,economy,4468,0.433,0.028,0,4,381
2024-05-03,SOUTH-02,standard,7380,0.375,0.165,0,4,161
2024-05-03,SOUTH-02,priority,6692,0.12,0.0,0,4,195
2024-05-03,SOUTH-02,economy,6513,0.027,0.191,0,4,356
2024-05-03,WEST-01,standard,7449,0.248,0.193,0,4,272
2024-05-03,WEST-01,priority,7303,0.248,0.199,0,4,436
2024-05-03,WEST-01,economy,6502,0.04,0.205,0,4,317
2024-05-04,NORTH-01,standard,5735,0.145,0.095,0,5,181
2024-05-04,NORTH-01,priority,5531,0.061,0.124,0,5,472
2024-05-04,NORTH-01,economy,5022,0.0,0.258,0,5,189
2024-05-04,NORTH-02,standard,6455,0.0,0.144,0,5,564
2024-05-04,NORTH-02,priority,4542,0.076,0.29,0,5,272
2024-05-04,NORTH-02,economy,5294,0.13,0.242,0,5,453
2024-05-04,CENTRAL-01,standard,6705,0.018,0.219,0,5,180
2024-05-04,CENTRAL-01,priority,5829,0.0,0.233,0,5,200
2024-05-04,CENTRAL-01,economy,5043,0.155,0.179,0,5,145
2024-05-04,SOUTH-01,standard,6445,0.406,0.23,0,5,337
2024-05-04,SOUTH-01,priority,6052,0.223,0.06,0,5,201
2024-05-04,SOUTH-01,economy,4870,0.172,0.057,0,5,523
2024-05-04,SOUTH-02,standard,6288,0.187,0.167,0,5,296
2024-05-04,SOUTH-02,priority,5564,0.235,0.166,0,5,371
2024-05-04,SOUTH-02,economy,5692,0.224,0.253,0,5,81
2024-05-04,WEST-01,standard,7856,0.06,0.062,0,5,89
2024-05-04,WEST-01,priority,7123,0.126,0.264,0,5,501
2024-05-04,WEST-01,economy,6914,0.0,0.022,0,5,399
2024-05-05,NORTH-01,standard,5319,0.192,0.061,0,6,202
2024-05-05,NORTH-01,priority,5128,0.322,0.368,0,6,257
2024-05-05,NORTH-01,economy,4807,0.0,0.015,0,6,200
2024-05-05,NORTH-02,standard,6558,0.135,0.202,0,6,352
2024-05-05,NORTH-02,priority,4997,0.131,0.156,0,6,261
2024-05-05,NORTH-02,economy,5459,0.229,0.165,0,6,396
2024-05-05,CENTRAL-01,standard,6249,0.318,0.064,0,6,280
2024-05-05,CENTRAL-01,priority,5687,0.227,0.205,0,6,639
2024-05-05,CENTRAL-01,economy,5305,0.351,0.244,0,6,550
2024-05-05,SOUTH-01,standard,6566,0.008,0.26,0,6,309
2024-05-05,SOUTH-01,priority,5648,0.247,0.249,0,6,287
2024-05-05,SOUTH-01,economy,5780,0.192,0.135,0,6,765
2024-05-05,SOUTH-02,standard,6457,0.23,0.091,0,6,334
2024-05-05,SOUTH-02,priority,6838,0.067,0.187,0,6,329
2024-05-05,SOUTH-02,economy,5542,0.418,0.091,0,6,422
2024-05-05,WEST-01,standard,7761,0.287,0.252,0,6,538
2024-05-05,WEST-01,priority,7474,0.1,0.223,0,6,585
2024-05-05,WEST-01,economy,6727,0.0,0.077,0,6,63
2024-05-06,NORTH-01,standard,6112,0.239,0.235,0,0,311
2024-05-06,NORTH-01,priority,5538,0.051,0.108,0,0,264
2024-05-06,NORTH-01,economy,4995,0.091,0.128,0,0,554
2024-05-06,NORTH-02,standard,6566,0.133,0.178,0,0,306
2024-05-06,NORTH-02,priority,5609,0.0,0.024,0,0,370
2024-05-06,NORTH-02,economy,4966,0.309,0.007,0,0,164
2024-05-06,CENTRAL-01,standard,7110,0.148,0.236,0,0,387
2024-05-06,CENTRAL-01,priority,6111,0.355,0.187,0,0,382
2024-05-06,CENTRAL-01,economy,6269,0.081,0.184,0,0,204
2024-05-06,SOUTH-01,standard,7789,0.201,0.141,0,0,513
2024-05-06,SOUTH-01,priority,7282,0.237,0.126,0,0,293
2024-05-06,SOUTH-01,economy,6277,0.022,0.0,0,0,269
2024-05-06,SOUTH-02,standard,7519,0.228,0.0,0,0,462
2024-05-06,SOUTH-02,priority,7320,0.056,0.183,0,0,395
2024-05-06,SOUTH-02,economy,6851,0.251,0.226,0,0,287
2024-05-06,WEST-01,standard,8136,0.125,0.201,0,0,402
2024-05-06,WEST-01,priority,7439,0.134,0.142,0,0,180
2024-05-06,WEST-01,economy,6499,0.242,0.227,0,0,419
2024-05-07,NORTH-01,standard,6070,0.31,0.198,0,1,248
2024-05-07,NORTH-01,priority,5739,0.19,0.17,0,1,330
2024-05-07,NORTH-01,economy,5420,0.05,0.184,0,1,366
2024-05-07,NORTH-02,standard,6626,0.193,0.284,0,1,532
2024-05-07,NORTH-02,priority,6821,0.092,0.239,0,1,349
2024-05-07,NORTH-02,economy,4992,0.379,0.188,0,1,284
2024-05-07,CENTRAL-01,standard,6688,0.316,0.224,0,1,363
2024-05-07,CENTRAL-01,priority,7460,0.204,0.109,0,1,431
2024-05-07,CENTRAL-01,economy,5895,0.173,0.245,0,1,477
2024-05-07,SOUTH-01,standard,8150,0.0,0.114,0,1,612
2024-05-07,SOUTH-01,priority,7206,0.087,0.079,0,1,321
2024-05-07,SOUTH-01,economy,6241,0.148,0.22,0,1,131
2024-05-07,SOUTH-02,standard,7382,0.024,0.151,0,1,365
2024-05-07,SOUTH-02,priority,8627,0.013,0.281,0,1,311
2024-05-07,SOUTH-02,economy,6529,0.211,0.073,0,1,592
2024-05-07,WEST-01,standard,8079,0.124,0.127,0,1,559
2024-05-07,WEST-01,priority,7931,0.0,0.115,0,1,338
2024-05-07,WEST-01,economy,6647,0.284,0.246,0,1,630
2024-05-08,NORTH-01,standard,5750,0.009,0.253,0,2,292
2024-05-08,NORTH-01,priority,4913,0.131,0.147,0,2,216
2024-05-08,NORTH-01,economy,3602,0.152,0.088,0,2,189
2024-05-08,NORTH-02,standard,6098,0.042,0.116,0,2,377
2024-05-08,NORTH-02,priority,5011,0.417,0.0,0,2,331
2024-05-08,NORTH-02,economy,4508,0.278,0.207,0,2,335
2024-05-08,CENTRAL-01,standard,5617,0.091,0.199,0,2,441
2024-05-08,CENTRAL-01,priority,5500,0.177,0.111,0,2,325
2024-05-08,CENTRAL-01,economy,5720,0.336,0.409,0,2,283
2024-05-08,SOUTH-01,standard,6305,0.256,0.204,0,2,217
2024-05-08,SOUTH-01,priority,5485,0.172,0.215,0,2,258
2024-05-08,SOUTH-01,economy,5991,0.249,0.153,0,2,190
2024-05-08,SOUTH-02,standard,5864,0.462,0.027,0,2,348
2024-05-08,SOUTH-02,priority,6592,0.044,0.147,0,2,354
2024-05-08,SOUTH-02,economy,5885,0.079,0.185,0,2,488
2024-05-08,WEST-01,standard,6768,0.158,0.073,0,2,362
2024-05-08,WEST-01,priority,7158,0.028,0.042,0,2,181
2024-05-08,WEST-01,economy,6159,0.349,0.163,0,2,240
2024-05-09,NORTH-01,standard,5035,0.272,0.15,0,3,355
2024-05-09,NORTH-01,priority,4314,0.0,0.019,0,3,351
2024-05-09,NORTH-01,economy,3884,0.18,0.234,0,3,365
2024-05-09,NORTH-02,standard,5915,0.166,0.075,0,3,349
2024-05-09,NORTH-02,priority,5233,0.105,0.153,0,3,318
2024-05-09,NORTH-02,economy,4541,0.13,0.046,0,3,219
2024-05-09,CENTRAL-01,standard,6660,0.058,0.131,0,3,402
2024-05-09,CENTRAL-01,priority,5913,0.116,0.104,0,3,69
2024-05-09,CENTRAL-01,economy,4158,0.276,0.0,0,3,243
2024-05-09,SOUTH-01,standard,6926,0.44,0.284,0,3,430
2024-05-09,SOUTH-01,priority,6023,0.0,0.163,0,3,262
2024-05-09,SOUTH-01,economy,5757,0.199,0.112,0,3,120
2024-05-09,SOUTH-02,standard,6858,0.189,0.08,0,3,422
2024-05-09,SOUTH-02,priority,6554,0.046,0.163,0,3,297
2024-05-09,SOUTH-02,economy,5598,0.124,0.138,0,3,348
2024-05-09,WEST-01,standard,8192,0.147,0.101,0,3,475
2024-05-09,WEST-01,priority,6560,0.134,0.162,0,3,324
2024-05-09,WEST-01,economy,6388,0.142,0.05,0,3,310
2024-05-10,NORTH-01,standard,6631,0.137,0.105,0,4,299
2024-05-10,NORTH-01,priority,5108,0.0,0.022,0,4,493
2024-05-10,NORTH-01,economy,4680,0.098,0.252,0,4,297
2024-05-10,NORTH-02,standard,6252,0.149,0.164,0,4,415
2024-05-10,NORTH-02,priority,6105,0.099,0.136,0,4,393
2024-05-10,NORTH-02,economy,4672,0.284,0.193,0,4,333
2024-05-10,CENTRAL-01,standard,6353,0.288,0.207,0,4,287
2024-05-10,CENTRAL-01,priority,5469,0.226,0.145,0,4,665
2024-05-10,CENTRAL-01,economy,4923,0.0,0.227,0,4,343
2024-05-10,SOUTH-01,standard,6019,0.488,0.073,0,4,358
2024-05-10,SOUTH-01,priority,6032,0.078,0.221,0,4,439
2024-05-10,SOUTH-01,economy,5324,0.02,0.005,0,4,151
2024-05-10,SOUTH-02,standard,6374,0.362,0.028,0,4,420
2024-05-10,SOUTH-02,priority,7275,0.11,0.029,0,4,278
2024-05-10,SOUTH-02,economy,6186,0.156,0.133,0,4,421
2024-05-10,WEST-01,standard,7518,0.081,0.124,0,4,495
2024-05-10,WEST-01,priority,6946,0.04,0.311,0,4,387
2024-05-10,WEST-01,economy,5945,0.041,0.046,0,4,241
2024-05-11,NORTH-01,standard,5647,0.13,0.072,0,5,255
2024-05-11,NORTH-01,priority,5263,0.073,0.119,0,5,363
2024-05-11,NORTH-01,economy,3556,0.168,0.035,0,5,133
2024-05-11,NORTH-02,standard,5388,0.337,0.192,0,5,273
2024-05-11,NORTH-02,priority,5412,0.081,0.079,0,5,307
2024-05-11,NORTH-02,economy,5049,0.43,0.25,0,5,412
2024-05-11,CENTRAL-01,standard,6227,0.129,0.198,0,5,562
2024-05-11,CENTRAL-01,priority,5684,0.229,0.171,0,5,559
2024-05-11,CENTRAL-01,economy,5289,0.008,0.297,0,5,169
2024-05-11,SOUTH-01,standard,6889,0.09,0.018,0,5,262
2024-05-11,SOUTH-01,priority,5891,0.2,0.241,0,5,324
2024-05-11,SOUTH-01,economy,6641,0.024,0.119,0,5,472
2024-05-11,SOUTH-02,standard,7078,0.148,0.101,0,5,407
2024-05-11,SOUTH-02,priority,6206,0.13,0.192,0,5,251
2024-05-11,SOUTH-02,economy,6038,0.224,0.057,0,5,359
2024-05-11,WEST-01,standard,7024,0.0,0.159,0,5,473
2024-05-11,WEST-01,priority,7600,0.15,0.298,0,5,280
2024-05-11,WEST-01,economy,5892,0.0,0.09,0,5,575
2024-05-12,NORTH-01,standard,5385,0.179,0.225,0,6,319
2024-05-12,NORTH-01,priority,5035,0.176,0.239,0,6,204
2024-05-12,NORTH-01,economy,3774,0.375,0.127,0,6,0
2024-05-12,NORTH-02,standard,5823,0.256,0.158,0,6,306
2024-05-12,NORTH-02,priority,5439,0.111,0.12,0,6,419
2024-05-12,NORTH-02,economy,4686,0.152,0.226,0,6,260
2024-05-12,CENTRAL-01,standard,6210,0.204,0.041,0,6,181
2024-05-12,CENTRAL-01,priority,5500,0.057,0.0,0,6,538
2024-05-12,CENTRAL-01,economy,6095,0.166,0.201,0,6,411
2024-05-12,SOUTH-01,standard,6720,0.088,0.1,0,6,305
2024-05-12,SOUTH-01,priority,6670,0.113,0.229,0,6,182
2024-05-12,SOUTH-01,economy,5753,0.082,0.113,0,6,489
2024-05-12,SOUTH-02,standard,6617,0.504,0.113,0,6,449
2024-05-12,SOUTH-02,priority,6395,0.098,0.139,0,6,57
2024-05-12,SOUTH-02,economy,6392,0.195,0.135,0,6,372
2024-05-12,WEST-01,standard,6791,0.029,0.129,0,6,238
2024-05-12,WEST-01,priority,7234,0.256,0.13,0,6,160
2024-05-12,WEST-01,economy,6700,0.151,0.112,0,6,461
2024-05-13,NORTH-01,standard,6241,0.257,0.273,0,0,527
2024-05-13,NORTH-01,priority,6012,0.055,0.064,0,0,179
2024-05-13,NORTH-01,economy,5470,0.249,0.158,0,0,336
2024-05-13,NORTH-02,standard,6508,0.187,0.191,0,0,290
2024-05-13,NORTH-02,priority,5896,0.237,0.148,0,0,346
2024-05-13,NORTH-02,economy,5086,0.371,0.115,0,0,127
2024-05-13,CENTRAL-01,standard,7593,0.175,0.203,0,0,420
2024-05-13,CENTRAL-01,priority,6989,0.295,0.208,0,0,507
2024-05-13,CENTRAL-01,economy,5187,0.368,0.136,0,0,415
2024-05-13,SOUTH-01,standard,8212,0.274,0.276,0,0,659
2024-05-13,SOUTH-01,priority,6355,0.254,0.168,0,0,407
2024-05-13,SOUTH-01,economy,6465,0.114,0.167,0,0,430
2024-05-13,SOUTH-02,standard,6991,0.168,0.225,0,0,412
2024-05-13,SOUTH-02,priority,7776,0.324,0.3,0,0,615
2024-05-13,SOUTH-02,economy,6996,0.2,0.15,0,0,389
2024-05-13,WEST-01,standard,8027,0.086,0.109,0,0,484
2024-05-13,WEST-01,priority,7566,0.181,0.121,0,0,467
2024-05-13,WEST-01,economy,6483,0.274,0.06,0,0,489
2024-05-14,NORTH-01,standard,7195,0.015,0.194,0,1,590
2024-05-14,NORTH-01,priority,6630,0.269,0.207,0,1,98
2024-05-14,NORTH-01,economy,5066,0.124,0.218,0,1,480
2024-05-14,NORTH-02,standard,6645,0.175,0.161,0,1,316
2024-05-14,NORTH-02,priority,5883,0.114,0.172,0,1,470
2024-05-14,NORTH-02,economy,5068,0.258,0.238,0,1,128
2024-05-14,CENTRAL-01,standard,7995,0.179,0.382,0,1,353
2024-05-14,CENTRAL-01,priority,6005,0.231,0.208,0,1,524
2024-05-14,CENTRAL-01,economy,5952,0.16,0.143,0,1,495
2024-05-14,SOUTH-01,standard,7649,0.089,0.013,0,1,164
2024-05-14,SOUTH-01,priority,7377,0.144,0.245,0,1,526
2024-05-14,SOUTH-01,economy,6290,0.254,0.343,0,1,416
2024-05-14,SOUTH-02,standard,8150,0.127,0.227,0,1,630
2024-05-14,SOUTH-02,priority,7860,0.116,0.263,0,1,411
2024-05-14,SOUTH-02,economy,6910,0.245,0.171,0,1,362
2024-05-14,WEST-01,standard,7798,0.096,0.123,0,1,514
2024-05-14,WEST-01,priority,8226,0.032,0.133,0,1,527
2024-05-14,WEST-01,economy,7569,0.0,0.143,0,1,413
2024-05-15,NORTH-01,standard,4326,0.341,0.084,0,2,407
2024-05-15,NORTH-01,priority,4610,0.116,0.009,0,2,465
2024-05-15,NORTH-01,economy,4192,0.028,0.337,0,2,316
2024-05-15,NORTH-02,standard,5924,0.034,0.153,0,2,178
2024-05-15,NORTH-02,priority,4662,0.519,0.11,0,2,436
2024-05-15,NORTH-02,economy,4016,0.398,0.24,0,2,326
2024-05-15,CENTRAL-01,standard,5839,0.0,0.222,0,2,258
2024-05-15,CENTRAL-01,priority,5589,0.18,0.186,0,2,529
2024-05-15,CENTRAL-01,economy,4504,0.267,0.202,0,2,519
2024-05-15,SOUTH-01,standard,7814,0.084,0.289,0,2,475
2024-05-15,SOUTH-01,priority,5703,0.304,0.0,0,2,483
2024-05-15,SOUTH-01,economy,5119,0.291,0.052,0,2,29
2024-05-15,SOUTH-02,standard,7377,0.23,0.0,0,2,543
2024-05-15,SOUTH-02,priority,6526,0.123,0.192,0,2,404
2024-05-15,SOUTH-02,economy,5391,0.042,0.2,0,2,122
2024-05-15,WEST-01,standard,7670,0.165,0.133,0,2,332
2024-05-15,WEST-01,priority,6854,0.406,0.163,0,2,409
2024-05-15,WEST-01,economy,6459,0.3,0.196,0,2,462
2024-05-16,NORTH-01,standard,5367,0.0,0.007,0,3,317
2024-05-16,NORTH-01,priority,4979,0.25,0.152,0,3,179
2024-05-16,NORTH-01,economy,4205,0.179,0.043,0,3,80
2024-05-16,NORTH-02,standard,5500,0.222,0.032,0,3,452
2024-05-16,NORTH-02,priority,4754,0.207,0.018,0,3,142
2024-05-16,NORTH-02,economy,5014,0.0,0.159,0,3,383
2024-05-16,CENTRAL-01,standard,6094,0.252,0.149,0,3,234
2024-05-16,CENTRAL-01,priority,5216,0.127,0.044,0,3,347
2024-05-16,CENTRAL-01,economy,4789,0.166,0.395,0,3,308
2024-05-16,SOUTH-01,standard,6675,0.009,0.119,0,3,481
2024-05-16,SOUTH-01,priority,5934,0.126,0.135,0,3,189
2024-05-16,SOUTH-01,economy,5529,0.102,0.119,0,3,412
2024-05-16,SOUTH-02,standard,6413,0.152,0.13,0,3,437
2024-05-16,SOUTH-02,priority,7218,0.096,0.21,0,3,373
2024-05-16,SOUTH-02,economy,6151,0.057,0.149,0,3,326
2024-05-16,WEST-01,standard,7892,0.112,0.195,0,3,375
2024-05-16,WEST-01,priority,6831,0.0,0.187,0,3,410
2024-05-16,WEST-01,economy,6156,0.198,0.0,0,3,426
2024-05-17,NORTH-01,standard,4529,0.256,0.159,0,4,469
2024-05-17,NORTH-01,priority,4301,0.229,0.054,0,4,336
2024-05-17,NORTH-01,economy,4401,0.262,0.111,0,4,96
2024-05-17,NORTH-02,standard,5395,0.055,0.0,0,4,522
2024-05-17,NORTH-02,priority,4760,0.427,0.169,0,4,296
2024-05-17,NORTH-02,economy,4159,0.237,0.025,0,4,476
2024-05-17,CENTRAL-01,standard,6320,0.055,0.09,0,4,403
2024-05-17,CENTRAL-01,priority,5987,0.105,0.156,0,4,594
2024-05-17,CENTRAL-01,economy,5688,0.165,0.147,0,4,284
2024-05-17,SOUTH-01,standard,7327,0.021,0.17,0,4,443
2024-05-17,SOUTH-01,priority,5928,0.168,0.034,0,4,505
2024-05-17,SOUTH-01,economy,5413,0.032,0.13,0,4,258
2024-05-17,SOUTH-02,standard,7336,0.21,0.185,0,4,282
2024-05-17,SOUTH-02,priority,6493,0.0,0.171,0,4,595
2024-05-17,SOUTH-02,economy,5497,0.406,0.309,0,4,413
2024-05-17,WEST-01,standard,7400,0.285,0.211,0,4,555
2024-05-17,WEST-01,priority,6314,0.18,0.16,0,4,446
2024-05-17,WEST-01,economy,6500,0.149,0.187,0,4,396
2024-05-18,NORTH-01,standard,5418,0.175,0.213,0,5,167
2024-05-18,NORTH-01,priority,4100,0.248,0.085,0,5,180
2024-05-18,NORTH-01,economy,3242,0.214,0.142,0,5,231
2024-05-18,NORTH-02,standard,5607,0.32,0.114,0,5,473
2024-05-18,NORTH-02,priority,4080,0.275,0.232,0,5,510
2024-05-18,NORTH-02,economy,4457,0.256,0.347,0,5,102
2024-05-18,CENTRAL-01,standard,6524,0.181,0.128,0,5,504
2024-05-18,CENTRAL-01,priority,5863,0.17,0.131,0,5,325
2024-05-18,CENTRAL-01,economy,5708,0.139,0.233,0,5,481
2024-05-18,SOUTH-01,standard,6477,0.16,0.0,0,5,283
2024-05-18,SOUTH-01,priority,6026,0.164,0.096,0,5,236
2024-05-18,SOUTH-01,economy,5322,0.026,0.248,0,5,339
2024-05-18,SOUTH-02,standard,7460,0.295,0.223,0,5,440
2024-05-18,SOUTH-02,priority,6756,0.267,0.26,0,5,162
2024-05-18,SOUTH-02,economy,5762,0.117,0.206,0,5,547
2024-05-18,WEST-01,standard,8056,0.172,0.157,0,5,399
2024-05-18,WEST-01,priority,6401,0.201,0.222,0,5,337
2024-05-18,WEST-01,economy,6861,0.279,0.155,0,5,196
2024-05-19,NORTH-01,standard,6022,0.0,0.212,0,6,337
2024-05-19,NORTH-01,priority,4489,0.228,0.21,0,6,229
2024-05-19,NORTH-01,economy,3760,0.203,0.222,0,6,269
2024-05-19,NORTH-02,standard,5914,0.151,0.183,0,6,291
2024-05-19,NORTH-02,priority,4918,0.33,0.107,0,6,136
2024-05-19,NORTH-02,economy,4873,0.094,0.191,0,6,398
2024-05-19,CENTRAL-01,standard,6115,0.246,0.317,0,6,169
2024-05-19,CENTRAL-01,priority,5293,0.054,0.094,0,6,350
2024-05-19,CENTRAL-01,economy,5270,0.33,0.273,0,6,595
2024-05-19,SOUTH-01,standard,7027,0.137,0.019,0,6,170
2024-05-19,SOUTH-01,priority,6180,0.089,0.192,0,6,342
2024-05-19,SOUTH-01,economy,6018,0.038,0.149,0,6,362
2024-05-19,SOUTH-02,standard,6764,0.08,0.05,0,6,430
2024-05-19,SOUTH-02,priority,5474,0.221,0.086,0,6,394
2024-05-19,SOUTH-02,economy,5748,0.072,0.205,0,6,233
2024-05-19,WEST-01,standard,8103,0.198,0.339,0,6,439
2024-05-19,WEST-01,priority,6264,0.223,0.01,0,6,66
2024-05-19,WEST-01,economy,6460,0.388,0.272,0,6,390
2024-05-20,NORTH-01,standard,7214,0.0,0.132,0,0,412
2024-05-20,NORTH-01,priority,6166,0.112,0.009,0,0,356
2024-05-20,NORTH-01,economy,4614,0.0,0.076,0,0,302
2024-05-20,NORTH-02,standard,7005,0.205,0.11,0,0,399
2024-05-20,NORTH-02,priority,7260,0.307,0.121,0,0,330
2024-05-20,NORTH-02,economy,5417,0.072,0.068,0,0,136
2024-05-20,CENTRAL-01,standard,7030,0.215,0.0,0,0,228
2024-05-20,CENTRAL-01,priority,7630,0.134,0.198,0,0,279
2024-05-20,CENTRAL-01,economy,5520,0.162,0.092,0,0,259
2024-05-20,SOUTH-01,standard,8418,0.279,0.111,0,0,482
2024-05-20,SOUTH-01,priority,6727,0.059,0.121,0,0,477
2024-05-20,SOUTH-01,economy,6150,0.0,0.043,0,0,446
2024-05-20,SOUTH-02,standard,8268,0.328,0.26,0,0,418
2024-05-20,SOUTH-02,priority,6446,0.275,0.058,0,0,425
2024-05-20,SOUTH-02,economy,6953,0.059,0.145,0,0,418
2024-05-20,WEST-01,standard,8535,0.293,0.217,0,0,383
2024-05-20,WEST-01,priority,7697,0.193,0.102,0,0,725
2024-05-20,WEST-01,economy,6960,0.202,0.186,0,0,511
2024-05-21,NORTH-01,standard,6407,0.271,0.211,0,1,496
2024-05-21,NORTH-01,priority,5545,0.333,0.173,0,1,453
2024-05-21,NORTH-01,economy,5086,0.072,0.093,0,1,123
2024-05-21,NORTH-02,standard,6369,0.279,0.073,0,1,345
2024-05-21,NORTH-02,priority,6065,0.185,0.123,0,1,354
2024-05-21,NORTH-02,economy,5938,0.126,0.088,0,1,105
2024-05-21,CENTRAL-01,standard,7334,0.155,0.112,0,1,225
2024-05-21,CENTRAL-01,priority,7056,0.12,0.142,0,1,431
2024-05-21,CENTRAL-01,economy,6394,0.038,0.111,0,1,227
2024-05-21,SOUTH-01,standard,7458,0.171,0.149,0,1,727
2024-05-21,SOUTH-01,priority,6760,0.13,0.186,0,1,446
2024-05-21,SOUTH-01,economy,6197,0.284,0.103,0,1,258
2024-05-21,SOUTH-02,standard,8037,0.043,0.233,0,1,131
2024-05-21,SOUTH-02,priority,7048,0.392,0.086,0,1,588
2024-05-21,SOUTH-02,economy,6286,0.163,0.137,0,1,172
2024-05-21,WEST-01,standard,8655,0.16,0.179,0,1,381
2024-05-21,WEST-01,priority,7860,0.182,0.003,0,1,435
2024-05-21,WEST-01,economy,6624,0.417,0.151,0,1,372
2024-05-22,NORTH-01,standard,5514,0.141,0.185,0,2,194
2024-05-22,NORTH-01,priority,5573,0.0,0.171,0,2,356
2024-05-22,NORTH-01,economy,4309,0.278,0.231,0,2,211
2024-05-22,NORTH-02,standard,6176,0.203,0.247,0,2,455
2024-05-22,NORTH-02,priority,5214,0.124,0.134,0,2,330
2024-05-22,NORTH-02,economy,4313,0.32,0.0,0,2,299
2024-05-22,CENTRAL-01,standard,6195,0.015,0.204,0,2,323
2024-05-22,CENTRAL-01,priority,5806,0.402,0.231,0,2,399
2024-05-22,CENTRAL-01,economy,5598,0.16,0.31,0,2,257
2024-05-22,SOUTH-01,standard,6898,0.012,0.195,0,2,215
2024-05-22,SOUTH-01,priority,6243,0.231,0.128,0,2,420
2024-05-22,SOUTH-01,economy,5394,0.107,0.201,0,2,289
2024-05-22,SOUTH-02,standard,7197,0.116,0.24,0,2,560
2024-05-22,SOUTH-02,priority,5030,0.394,0.091,0,2,456
2024-05-22,SOUTH-02,economy,5607,0.139,0.081,0,2,298
2024-05-22,WEST-01,standard,7989,0.336,0.163,0,2,478
2024-05-22,WEST-01,priority,7184,0.143,0.119,0,2,493
2024-05-22,WEST-01,economy,6274,0.3,0.129,0,2,438
2024-05-23,NORTH-01,standard,5015,0.134,0.059,0,3,301
2024-05-23,NORTH-01,priority,4290,0.259,0.251,0,3,237
2024-05-23,NORTH-01,economy,4082,0.137,0.214,0,3,250
2024-05-23,NORTH-02,standard,5988,0.011,0.189,0,3,281
2024-05-23,NORTH-02,priority,4954,0.149,0.24,0,3,227
2024-05-23,NORTH-02,economy,4769,0.33,0.156,0,3,371
2024-05-23,CENTRAL-01,standard,6603,0.176,0.122,0,3,517
2024-05-23,CENTRAL-01,priority,5978,0.31,0.055,0,3,316
2024-05-23,CENTRAL-01,economy,5459,0.089,0.136,0,3,408
2024-05-23,SOUTH-01,standard,6885,0.149,0.217,0,3,317
2024-05-23,SOUTH-01,priority,6178,0.095,0.183,0,3,200
2024-05-23,SOUTH-01,economy,6004,0.282,0.112,0,3,191
2024-05-23,SOUTH-02,standard,6685,0.158,0.094,0,3,322
2024-05-23,SOUTH-02,priority,6016,0.392,0.161,0,3,141
2024-05-23,SOUTH-02,economy,5747,0.0,0.107,0,3,325
2024-05-23,WEST-01,standard,8160,0.0,0.143,0,3,619
2024-05-23,WEST-01,priority,6678,0.0,0.086,0,3,397
2024-05-23,WEST-01,economy,6653,0.034,0.285,0,3,364
2024-05-24,NORTH-01,standard,5421,0.371,0.149,0,4,252
2024-05-24,NORTH-01,priority,5812,0.016,0.101,0,4,430
2024-05-24,NORTH-01,economy,4442,0.213,0.072,0,4,150
2024-05-24,NORTH-02,standard,6784,0.0,0.105,0,4,611
2024-05-24,NORTH-02,priority,4529,0.126,0.096,0,4,325
2024-05-24,NORTH-02,economy,5061,0.199,0.213,0,4,308
2024-05-24,CENTRAL-01,standard,6382,0.247,0.094,0,4,310
2024-05-24,CENTRAL-01,priority,5684,0.235,0.18,0,4,445
2024-05-24,CENTRAL-01,economy,4989,0.0,0.065,0,4,156
2024-05-24,SOUTH-01,standard,7273,0.131,0.12,0,4,415
2024-05-24,SOUTH-01,priority,5791,0.304,0.174,0,4,369
2024-05-24,SOUTH-01,economy,5462,0.268,0.245,0,4,146
2024-05-24,SOUTH-02,standard,6294,0.0,0.124,0,4,584
2024-05-24,SOUTH-02,priority,5933,0.252,0.099,0,4,481
2024-05-24,SOUTH-02,economy,5603,0.046,0.069,0,4,361
2024-05-24,WEST-01,standard,8068,0.254,0.245,0,4,422
2024-05-24,WEST-01,priority,6015,0.302,0.096,0,4,279
2024-05-24,WEST-01,economy,5958,0.083,0.099,0,4,303
2024-05-25,NORTH-01,standard,4808,0.254,0.287,0,5,169
2024-05-25,NORTH-01,priority,4884,0.085,0.211,0,5,239
2024-05-25,NORTH-01,economy,4198,0.266,0.227,0,5,207
2024-05-25,NORTH-02,standard,5704,0.212,0.131,0,5,289
2024-05-25,NORTH-02,priority,5598,0.291,0.17,0,5,508
2024-05-25,NORTH-02,economy,4955,0.235,0.109,0,5,384
2024-05-25,CENTRAL-01,standard,6331,0.492,0.175,0,5,404
2024-05-25,CENTRAL-01,priority,5776,0.168,0.129,0,5,415
2024-05-25,CENTRAL-01,economy,4760,0.319,0.175,0,5,283
2024-05-25,SOUTH-01,standard,6800,0.021,0.283,0,5,500
2024-05-25,SOUTH-01,priority,6049,0.213,0.174,0,5,266
2024-05-25,SOUTH-01,economy,5803,0.064,0.288,0,5,489
2024-05-25,SOUTH-02,standard,7135,0.346,0.117,0,5,399
2024-05-25,SOUTH-02,priority,6881,0.041,0.135,0,5,326
2024-05-25,SOUTH-02,economy,6813,0.141,0.136,0,5,164
2024-05-25,WEST-01,standard,7229,0.24,0.13,0,5,363
2024-05-25,WEST-01,priority,7037,0.26,0.208,0,5,522
2024-05-25,WEST-01,economy,6053,0.332,0.215,0,5,420
2024-05-26,NORTH-01,standard,4635,0.24,0.085,0,6,76
2024-05-26,NORTH-01,priority,4335,0.188,0.174,0,6,435
2024-05-26,NORTH-01,economy,4464,0.198,0.258,0,6,185
2024-05-26,NORTH-02,standard,5647,0.235,0.204,0,6,176
2024-05-26,NORTH-02,priority,5599,0.192,0.07,0,6,299
2024-05-26,NORTH-02,economy,4302,0.387,0.0,0,6,480
2024-05-26,CENTRAL-01,standard,6200,0.073,0.137,0,6,283
2024-05-26,CENTRAL-01,priority,5467,0.209,0.046,0,6,405
2024-05-26,CENTRAL-01,economy,5405,0.154,0.07,0,6,429
2024-05-26,SOUTH-01,standard,6303,0.055,0.046,0,6,434
2024-05-26,SOUTH-01,priority,6012,0.213,0.213,0,6,249
2024-05-26,SOUTH-01,economy,5403,0.29,0.106,0,6,156
2024-05-26,SOUTH-02,standard,7011,0.112,0.231,0,6,488
2024-05-26,SOUTH-02,priority,6563,0.0,0.105,0,6,585
2024-05-26,SOUTH-02,economy,6547,0.04,0.204,0,6,289
2024-05-26,WEST-01,standard,7012,0.135,0.161,0,6,335
2024-05-26,WEST-01,priority,6808,0.333,0.192,0,6,397
2024-05-26,WEST-01,economy,6120,0.25,0.212,0,6,547
2024-05-27,NORTH-01,standard,5902,0.338,0.204,0,0,234
2024-05-27,NORTH-01,priority,5009,0.141,0.155,0,0,389
2024-05-27,NORTH-01,economy,4725,0.334,0.196,0,0,226
2024-05-27,NORTH-02,standard,6899,0.216,0.138,0,0,459
2024-05-27,NORTH-02,priority,6003,0.311,0.059,0,0,316
2024-05-27,NORTH-02,economy,6027,0.168,0.219,0,0,528
2024-05-27,CENTRAL-01,standard,7028,0.231,0.141,0,0,182
2024-05-27,CENTRAL-01,priority,6606,0.341,0.124,0,0,459
2024-05-27,CENTRAL-01,economy,6643,0.031,0.076,0,0,414
2024-05-27,SOUTH-01,standard,8127,0.11,0.14,0,0,535
2024-05-27,SOUTH-01,priority,7728,0.004,0.281,0,0,393
2024-05-27,SOUTH-01,economy,6815,0.037,0.234,0,0,209
2024-05-27,SOUTH-02,standard,8395,0.152,0.4,0,0,342
2024-05-27,SOUTH-02,priority,8073,0.059,0.292,0,0,591
2024-05-27,SOUTH-02,economy,6553,0.21,0.25,0,0,396
2024-05-27,WEST-01,standard,8722,0.214,0.261,0,0,366
2024-05-27,WEST-01,priority,6711,0.188,0.016,0,0,481
2024-05-27,WEST-01,economy,7604,0.135,0.129,0,0,575
2024-05-28,NORTH-01,standard,6678,0.244,0.304,0,1,416
2024-05-28,NORTH-01,priority,5959,0.209,0.047,0,1,65
2024-05-28,NORTH-01,economy,4826,0.11,0.152,0,1,270
2024-05-28,NORTH-02,standard,6386,0.401,0.238,0,1,315
2024-05-28,NORTH-02,priority,6246,0.027,0.206,0,1,131
2024-05-28,NORTH-02,economy,5960,0.192,0.185,0,1,349
2024-05-28,CENTRAL-01,standard,7434,0.135,0.309,0,1,489
2024-05-28,CENTRAL-01,priority,6088,0.115,0.205,0,1,307
2024-05-28,CENTRAL-01,economy,6547,0.035,0.102,0,1,302
2024-05-28,SOUTH-01,standard,7685,0.266,0.271,0,1,529
2024-05-28,SOUTH-01,priority,7272,0.244,0.159,0,1,618
2024-05-28,SOUTH-01,economy,5928,0.104,0.073,0,1,477
2024-05-28,SOUTH-02,standard,6979,0.316,0.107,0,1,308
2024-05-28,SOUTH-02,priority,7442,0.246,0.145,0,1,340
2024-05-28,SOUTH-02,economy,6983,0.302,0.177,0,1,408
2024-05-28,WEST-01,standard,8082,0.243,0.187,0,1,467
2024-05-28,WEST-01,priority,8067,0.275,0.242,0,1,306
2024-05-28,WEST-01,economy,7366,0.083,0.115,0,1,386
2024-05-29,NORTH-01,standard,4561,0.045,0.06,0,2,0
2024-05-29,NORTH-01,priority,5815,0.164,0.336,0,2,237
2024-05-29,NORTH-01,economy,3480,0.198,0.033,0,2,140
2024-05-29,NORTH-02,standard,5976,0.153,0.135,0,2,438
2024-05-29,NORTH-02,priority,4824,0.14,0.153,0,2,163
2024-05-29,NORTH-02,economy,4708,0.0,0.202,0,2,96
2024-05-29,CENTRAL-01,standard,6873,0.172,0.05,0,2,316
2024-05-29,CENTRAL-01,priority,5308,0.262,0.237,0,2,348
2024-05-29,CENTRAL-01,economy,5157,0.246,0.159,0,2,175
2024-05-29,SOUTH-01,standard,6762,0.246,0.111,0,2,493
2024-05-29,SOUTH-01,priority,6336,0.26,0.178,0,2,452
2024-05-29,SOUTH-01,economy,5388,0.359,0.147,0,2,453
2024-05-29,SOUTH-02,standard,7280,0.121,0.043,0,2,373
2024-05-29,SOUTH-02,priority,7315,0.035,0.19,0,2,203
2024-05-29,SOUTH-02,economy,5448,0.303,0.0,0,2,564
2024-05-29,WEST-01,standard,7948,0.141,0.157,0,2,212
2024-05-29,WEST-01,priority,7744,0.189,0.155,0,2,264
2024-05-29,WEST-01,economy,5858,0.134,0.076,0,2,491
2024-05-30,NORTH-01,standard,5159,0.183,0.106,0,3,267
2024-05-30,NORTH-01,priority,4631,0.123,0.049,0,3,275
2024-05-30,NORTH-01,economy,4393,0.089,0.162,0,3,244
2024-05-30,NORTH-02,standard,6987,0.163,0.323,0,3,263
2024-05-30,NORTH-02,priority,5682,0.07,0.065,0,3,302
2024-05-30,NORTH-02,economy,4794,0.209,0.31,0,3,408
2024-05-30,CENTRAL-01,standard,6625,0.242,0.103,0,3,276
2024-05-30,CENTRAL-01,priority,5271,0.341,0.103,0,3,207
2024-05-30,CENTRAL-01,economy,4091,0.069,0.116,0,3,274
2024-05-30,SOUTH-01,standard,7037,0.119,0.213,0,3,306
2024-05-30,SOUTH-01,priority,6755,0.125,0.131,0,3,283
2024-05-30,SOUTH-01,economy,4827,0.094,0.06,0,3,361
2024-05-30,SOUTH-02,standard,7699,0.204,0.253,0,3,698
2024-05-30,SOUTH-02,priority,5971,0.171,0.129,0,3,442
2024-05-30,SOUTH-02,economy,5489,0.194,0.202,0,3,386
2024-05-30,WEST-01,standard,7290,0.205,0.161,0,3,541
2024-05-30,WEST-01,priority,6935,0.426,0.061,0,3,42
2024-05-30,WEST-01,economy,5865,0.26,0.0,0,3,198
2024-05-31,NORTH-01,standard,4763,0.154,0.217,0,4,279
2024-05-31,NORTH-01,priority,5211,0.118,0.276,0,4,195
2024-05-31,NORTH-01,economy,4703,0.123,0.274,0,4,210
2024-05-31,NORTH-02,standard,5646,0.148,0.131,0,4,144
2024-05-31,NORTH-02,priority,5298,0.099,0.261,0,4,326
2024-05-31,NORTH-02,economy,4837,0.197,0.327,0,4,456
2024-05-31,CENTRAL-01,standard,6340,0.108,0.129,0,4,277
2024-05-31,CENTRAL-01,priority,5451,0.156,0.221,0,4,343
2024-05-31,CENTRAL-01,economy,5357,0.265,0.084,0,4,349
2024-05-31,SOUTH-01,standard,6400,0.16,0.0,0,4,416
2024-05-31,SOUTH-01,priority,6448,0.389,0.195,0,4,228
2024-05-31,SOUTH-01,economy,5249,0.165,0.248,0,4,453
2024-05-31,SOUTH-02,standard,6967,0.268,0.172,0,4,270
2024-05-31,SOUTH-02,priority,6551,0.393,0.201,0,4,326
2024-05-31,SOUTH-02,economy,6097,0.185,0.163,0,4,451
2024-05-31,WEST-01,standard,7560,0.086,0.033,0,4,197
2024-05-31,WEST-01,priority,7157,0.141,0.109,0,4,632
2024-05-31,WEST-01,economy,6638,0.0,0.332,0,4,420
2024-06-01,NORTH-01,standard,5708,0.01,0.23,0,5,343
2024-06-01,NORTH-01,priority,5342,0.0,0.156,0,5,311
2024-06-01,NORTH-01,economy,3915,0.321,0.241,0,5,488
2024-06-01,NORTH-02,standard,5909,0.185,0.154,0,5,365
2024-06-01,NORTH-02,priority,4818,0.0,0.135,0,5,519
2024-06-01,NORTH-02,economy,4442,0.37,0.218,0,5,192
2024-06-01,CENTRAL-01,standard,6272,0.101,0.305,0,5,85
2024-06-01,CENTRAL-01,priority,6413,0.304,0.27,0,5,496
2024-06-01,CENTRAL-01,economy,4061,0.324,0.154,0,5,305
2024-06-01,SOUTH-01,standard,6571,0.255,0.139,0,5,261
2024-06-01,SOUTH-01,priority,7187,0.06,0.297,0,5,395
2024-06-01,SOUTH-01,economy,5629,0.214,0.072,0,5,560
2024-06-01,SOUTH-02,standard,7593,0.0,0.187,0,5,471
2024-06-01,SOUTH-02,priority,6466,0.377,0.313,0,5,454
2024-06-01,SOUTH-02,economy,5959,0.19,0.099,0,5,439
2024-06-01,WEST-01,standard,7282,0.206,0.08,0,5,343
2024-06-01,WEST-01,priority,7266,0.079,0.175,0,5,515
2024-06-01,WEST-01,economy,7036,0.077,0.104,0,5,371
2024-06-02,NORTH-01,standard,5894,0.184,0.136,0,6,497
2024-06-02,NORTH-01,priority,4335,0.314,0.152,0,6,541
2024-06-02,NORTH-01,economy,4659,0.283,0.113,0,6,255
2024-06-02,NORTH-02,standard,5478,0.349,0.268,0,6,414
2024-06-02,NORTH-02,priority,5114,0.274,0.359,0,6,505
2024-06-02,NORTH-02,economy,4453,0.182,0.051,0,6,313
2024-06-02,CENTRAL-01,standard,6847,0.053,0.175,0,6,413
2024-06-02,CENTRAL-01,priority,5721,0.115,0.138,0,6,377
2024-06-02,CENTRAL-01,economy,4377,0.313,0.172,0,6,243
2024-06-02,SOUTH-01,standard,7369,0.2,0.24,0,6,614
2024-06-02,SOUTH-01,priority,5561,0.196,0.211,0,6,398
2024-06-02,SOUTH-01,economy,6872,0.051,0.145,0,6,422
2024-06-02,SOUTH-02,standard,7076,0.076,0.183,0,6,276
2024-06-02,SOUTH-02,priority,6564,0.432,0.235,0,6,329
2024-06-02,SOUTH-02,economy,6236,0.143,0.273,0,6,0
2024-06-02,WEST-01,standard,7490,0.471,0.165,0,6,535
2024-06-02,WEST-01,priority,6816,0.236,0.21,0,6,236
2024-06-02,WEST-01,economy,6190,0.214,0.265,0,6,278
2024-06-03,NORTH-01,standard,5991,0.327,0.113,0,0,314
2024-06-03,NORTH-01,priority,5344,0.172,0.024,0,0,367
2024-06-03,NORTH-01,economy,5965,0.207,0.243,0,0,540
2024-06-03,NORTH-02,standard,6395,0.29,0.138,0,0,373
2024-06-03,NORTH-02,priority,6431,0.25,0.216,0,0,358
2024-06-03,NORTH-02,economy,5941,0.274,0.251,0,0,354
2024-06-03,CENTRAL-01,standard,6919,0.08,0.081,0,0,418
2024-06-03,CENTRAL-01,priority,6171,0.242,0.037,0,0,394
2024-06-03,CENTRAL-01,economy,5972,0.072,0.185,0,0,272
2024-06-03,SOUTH-01,standard,7308,0.186,0.181,0,0,370
2024-06-03,SOUTH-01,priority,6188,0.236,0.089,0,0,181
2024-06-03,SOUTH-01,economy,6158,0.13,0.045,0,0,564
2024-06-03,SOUTH-02,standard,9077,0.015,0.127,0,0,501
2024-06-03,SOUTH-02,priority,7645,0.136,0.137,0,0,612
2024-06-03,SOUTH-02,economy,6223,0.116,0.089,0,0,379
2024-06-03,WEST-01,standard,8214,0.011,0.113,0,0,555
2024-06-03,WEST-01,priority,7291,0.119,0.182,0,0,414
2024-06-03,WEST-01,economy,8267,0.036,0.116,0,0,539
2024-06-04,NORTH-01,standard,6291,0.165,0.406,0,1,508
2024-06-04,NORTH-01,priority,5294,0.0,0.13,0,1,369
2024-06-04,NORTH-01,economy,5524,0.187,0.125,0,1,277
2024-06-04,NORTH-02,standard,6196,0.219,0.216,0,1,276
2024-06-04,NORTH-02,priority,6806,0.186,0.2,0,1,358
2024-06-04,NORTH-02,economy,5618,0.142,0.08,0,1,312
2024-06-04,CENTRAL-01,standard,7454,0.147,0.142,0,1,335
2024-06-04,CENTRAL-01,priority,5438,0.087,0.185,0,1,270
2024-06-04,CENTRAL-01,economy,6021,0.042,0.246,0,1,293
2024-06-04,SOUTH-01,standard,7409,0.174,0.102,0,1,413
2024-06-04,SOUTH-01,priority,6590,0.129,0.116,0,1,239
2024-06-04,SOUTH-01,economy,5816,0.187,0.175,0,1,445
2024-06-04,SOUTH-02,standard,8203,0.272,0.228,0,1,502
2024-06-04,SOUTH-02,priority,6737,0.442,0.126,0,1,198
2024-06-04,SOUTH-02,economy,6421,0.391,0.292,0,1,285
2024-06-04,WEST-01,standard,8109,0.141,0.248,0,1,187
2024-06-04,WEST-01,priority,7860,0.44,0.175,0,1,391
2024-06-04,WEST-01,economy,6697,0.236,0.029,0,1,393
2024-06-05,NORTH-01,standard,5422,0.0,0.126,0,2,306
2024-06-05,NORTH-01,priority,4018,0.114,0.07,0,2,317
2024-06-05,NORTH-01,economy,4125,0.144,0.04,0,2,268
2024-06-05,NORTH-02,standard,6022,0.125,0.0,0,2,212
2024-06-05,NORTH-02,priority,5002,0.188,0.085,0,2,468
2024-06-05,NORTH-02,economy,4828,0.244,0.24,0,2,372
2024-06-05,CENTRAL-01,standard,6339,0.0,0.125,0,2,517
2024-06-05,CENTRAL-01,priority,5859,0.119,0.171,0,2,494
2024-06-05,CENTRAL-01,economy,4445,0.164,0.216,0,2,119
2024-06-05,SOUTH-01,standard,7257,0.0,0.213,0,2,505
2024-06-05,SOUTH-01,priority,6079,0.099,0.105,0,2,535
2024-06-05,SOUTH-01,economy,5529,0.383,0.214,0,2,506
2024-06-05,SOUTH-02,standard,7098,0.149,0.119,0,2,275
2024-06-05,SOUTH-02,priority,6881,0.159,0.061,0,2,451
2024-06-05,SOUTH-02,economy,6405,0.352,0.02,0,2,183
2024-06-05,WEST-01,standard,8210,0.036,0.1,0,2,453
2024-06-05,WEST-01,priority,6343,0.151,0.087,0,2,506
2024-06-05,WEST-01,economy,6569,0.276,0.258,0,2,60
2024-06-06,NORTH-01,standard,5470,0.031,0.187,0,3,277
2024-06-06,NORTH-01,priority,5230,0.048,0.226,0,3,397
2024-06-06,NORTH-01,economy,3729,0.104,0.164,0,3,276
2024-06-06,NORTH-02,standard,5745,0.0,0.025,0,3,637
2024-06-06,NORTH-02,priority,5383,0.0,0.051,0,3,553
2024-06-06,NORTH-02,economy,4541,0.204,0.206,0,3,254
2024-06-06,CENTRAL-01,standard,6534,0.19,0.097,0,3,183
2024-06-06,CENTRAL-01,priority,5502,0.287,0.153,0,3,147
2024-06-06,CENTRAL-01,economy,5203,0.062,0.246,0,3,369
2024-06-06,SOUTH-01,standard,6251,0.074,0.148,0,3,379
2024-06-06,SOUTH-01,priority,5727,0.224,0.176,0,3,310
2024-06-06,SOUTH-01,economy,5295,0.244,0.133,0,3,567
2024-06-06,SOUTH-02,standard,6891,0.066,0.236,0,3,465
2024-06-06,SOUTH-02,priority,5906,0.265,0.109,0,3,120
2024-06-06,SOUTH-02,economy,5591,0.106,0.192,0,3,359
2024-06-06,WEST-01,standard,7249,0.003,0.131,0,3,388
2024-06-06,WEST-01,priority,6633,0.12,0.055,0,3,266
2024-06-06,WEST-01,economy,6454,0.022,0.237,0,3,109
2024-06-07,NORTH-01,standard,5285,0.105,0.223,0,4,518
2024-06-07,NORTH-01,priority,5404,0.077,0.19,0,4,396
2024-06-07,NORTH-01,economy,4752,0.015,0.075,0,4,226
2024-06-07,NORTH-02,standard,5787,0.297,0.116,0,4,187
2024-06-07,NORTH-02,priority,5329,0.107,0.08,0,4,351
2024-06-07,NORTH-02,economy,4146,0.236,0.111,0,4,326
2024-06-07,CENTRAL-01,standard,6477,0.056,0.236,0,4,335
2024-06-07,CENTRAL-01,priority,4932,0.235,0.144,0,4,200
2024-06-07,CENTRAL-01,economy,4254,0.307,0.157,0,4,349
2024-06-07,SOUTH-01,standard,6228,0.113,0.08,0,4,486
2024-06-07,SOUTH-01,priority,6245,0.0,0.083,0,4,556
2024-06-07,SOUTH-01,economy,5994,0.246,0.082,0,4,197
2024-06-07,SOUTH-02,standard,6816,0.212,0.189,0,4,468
2024-06-07,SOUTH-02,priority,5899,0.118,0.206,0,4,397
2024-06-07,SOUTH-02,economy,6067,0.131,0.242,0,4,511
2024-06-07,WEST-01,standard,7859,0.241,0.14,0,4,511
2024-06-07,WEST-01,priority,6325,0.237,0.0,0,4,535
2024-06-07,WEST-01,economy,6877,0.029,0.221,0,4,299
2024-06-08,NORTH-01,standard,6425,0.0,0.104,0,5,269
2024-06-08,NORTH-01,priority,5324,0.085,0.07,0,5,310
2024-06-08,NORTH-01,economy,4660,0.105,0.263,0,5,209
2024-06-08,NORTH-02,standard,6133,0.033,0.243,0,5,178
2024-06-08,NORTH-02,priority,4787,0.0,0.061,0,5,78
2024-06-08,NORTH-02,economy,4470,0.048,0.076,0,5,517
2024-06-08,CENTRAL-01,standard,6534,0.148,0.137,0,5,347
2024-06-08,CENTRAL-01,priority,5724,0.228,0.172,0,5,683
2024-06-08,CENTRAL-01,economy,5017,0.289,0.063,0,5,235
2024-06-08,SOUTH-01,standard,6087,0.234,0.04,0,5,403
2024-06-08,SOUTH-01,priority,6419,0.3,0.19,0,5,417
2024-06-08,SOUTH-01,economy,5770,0.201,0.11,0,5,476
2024-06-08,SOUTH-02,standard,7831,0.172,0.141,0,5,412
2024-06-08,SOUTH-02,priority,6547,0.189,0.189,0,5,277
2024-06-08,SOUTH-02,economy,6657,0.225,0.147,0,5,474
2024-06-08,WEST-01,standard,7864,0.109,0.208,0,5,573
2024-06-08,WEST-01,priority,7011,0.117,0.165,0,5,397
2024-06-08,WEST-01,economy,6686,0.074,0.196,0,5,534
2024-06-09,NORTH-01,standard,5740,0.179,0.117,0,6,256
2024-06-09,NORTH-01,priority,5348,0.31,0.237,0,6,385
2024-06-09,NORTH-01,economy,4432,0.122,0.159,0,6,245
2024-06-09,NORTH-02,standard,5418,0.34,0.196,0,6,568
2024-06-09,NORTH-02,priority,4790,0.192,0.062,0,6,502
2024-06-09,NORTH-02,economy,5097,0.399,0.231,0,6,478
2024-06-09,CENTRAL-01,standard,6508,0.247,0.176,0,6,463
2024-06-09,CENTRAL-01,priority,6455,0.091,0.209,0,6,348
2024-06-09,CENTRAL-01,economy,4878,0.142,0.188,0,6,168
2024-06-09,SOUTH-01,standard,6578,0.318,0.114,0,6,304
2024-06-09,SOUTH-01,priority,5965,0.333,0.218,0,6,217
2024-06-09,SOUTH-01,economy,5673,0.138,0.196,0,6,363
2024-06-09,SOUTH-02,standard,7204,0.205,0.211,0,6,450
2024-06-09,SOUTH-02,priority,6792,0.062,0.354,0,6,408
2024-06-09,SOUTH-02,economy,5830,0.248,0.117,0,6,354
2024-06-09,WEST-01,standard,7049,0.07,0.185,0,6,601
2024-06-09,WEST-01,priority,6228,0.275,0.201,0,6,271
2024-06-09,WEST-01,economy,7126,0.347,0.482,0,6,518
2024-06-10,NORTH-01,standard,6627,0.243,0.082,0,0,246
2024-06-10,NORTH-01,priority,6144,0.035,0.048,0,0,357
2024-06-10,NORTH-01,economy,4625,0.192,0.149,0,0,238
2024-06-10,NORTH-02,standard,6495,0.106,0.038,0,0,245
2024-06-10,NORTH-02,priority,5621,0.249,0.203,0,0,313
2024-06-10,NORTH-02,economy,5421,0.403,0.072,0,0,355
2024-06-10,CENTRAL-01,standard,6941,0.311,0.174,0,0,396
2024-06-10,CENTRAL-01,priority,6018,0.19,0.143,0,0,509
2024-06-10,CENTRAL-01,economy,5625,0.308,0.066,0,0,321
2024-06-10,SOUTH-01,standard,7297,0.041,0.001,0,0,356
2024-06-10,SOUTH-01,priority,7682,0.007,0.164,0,0,511
2024-06-10,SOUTH-01,economy,6531,0.165,0.003,0,0,393
2024-06-10,SOUTH-02,standard,7872,0.231,0.305,0,0,71
2024-06-10,SOUTH-02,priority,7624,0.054,0.189,0,0,262
2024-06-10,SOUTH-02,economy,6425,0.01,0.122,0,0,435
2024-06-10,WEST-01,standard,8164,0.131,0.1,0,0,456
2024-06-10,WEST-01,priority,7972,0.185,0.166,0,0,410
2024-06-10,WEST-01,economy,7133,0.056,0.092,0,0,641
2024-06-11,NORTH-01,standard,6497,0.018,0.116,0,1,338
2024-06-11,NORTH-01,priority,5486,0.309,0.125,0,1,442
2024-06-11,NORTH-01,economy,5000,0.397,0.263,0,1,324
2024-06-11,NORTH-02,standard,6436,0.186,0.162,0,1,485
2024-06-11,NORTH-02,priority,5601,0.205,0.146,0,1,355
2024-06-11,NORTH-02,economy,5409,0.0,0.103,0,1,376
2024-06-11,CENTRAL-01,standard,7674,0.406,0.196,0,1,487
2024-06-11,CENTRAL-01,priority,6349,0.315,0.299,0,1,274
2024-06-11,CENTRAL-01,economy,5992,0.26,0.15,0,1,329
2024-06-11,SOUTH-01,standard,7406,0.108,0.28,0,1,484
2024-06-11,SOUTH-01,priority,6458,0.243,0.024,0,1,294
2024-06-11,SOUTH-01,economy,6268,0.248,0.121,0,1,193
2024-06-11,SOUTH-02,standard,8037,0.459,0.156,0,1,356
2024-06-11,SOUTH-02,priority,6909,0.102,0.303,0,1,420
2024-06-11,SOUTH-02,economy,6654,0.035,0.118,0,1,261
2024-06-11,WEST-01,standard,8178,0.184,0.0,0,1,414
2024-06-11,WEST-01,priority,7930,0.017,0.271,0,1,389
2024-06-11,WEST-01,economy,7867,0.109,0.143,0,1,712
2024-06-12,NORTH-01,standard,6202,0.269,0.237,0,2,395
2024-06-12,NORTH-01,priority,4803,0.368,0.213,0,2,366
2024-06-12,NORTH-01,economy,3756,0.0,0.173,0,2,97
2024-06-12,NORTH-02,standard,5748,0.203,0.061,0,2,369
2024-06-12,NORTH-02,priority,5530,0.202,0.078,0,2,335
2024-06-12,NORTH-02,economy,4401,0.233,0.054,0,2,443
2024-06-12,CENTRAL-01,standard,5900,0.296,0.086,0,2,238
2024-06-12,CENTRAL-01,priority,5566,0.101,0.038,0,2,422
2024-06-12,CENTRAL-01,economy,5056,0.086,0.143,0,2,458
2024-06-12,SOUTH-01,standard,6396,0.107,0.104,0,2,235
2024-06-12,SOUTH-01,priority,6076,0.244,0.139,0,2,515
2024-06-12,SOUTH-01,economy,5467,0.34,0.018,0,2,371
2024-06-12,SOUTH-02,standard,6531,0.125,0.176,0,2,551
2024-06-12,SOUTH-02,priority,6165,0.242,0.081,0,2,160
2024-06-12,SOUTH-02,economy,5362,0.142,0.111,0,2,434
2024-06-12,WEST-01,standard,7334,0.333,0.148,0,2,452
2024-06-12,WEST-01,priority,6603,0.178,0.063,0,2,342
2024-06-12,WEST-01,economy,6426,0.21,0.151,0,2,189
2024-06-13,NORTH-01,standard,6455,0.26,0.15,0,3,327
2024-06-13,NORTH-01,priority,5164,0.219,0.376,0,3,326
2024-06-13,NORTH-01,economy,3987,0.062,0.272,0,3,350
2024-06-13,NORTH-02,standard,5319,0.123,0.135,0,3,500
2024-06-13,NORTH-02,priority,5699,0.147,0.053,0,3,290
2024-06-13,NORTH-02,economy,4892,0.22,0.217,0,3,63
2024-06-13,CENTRAL-01,standard,6091,0.263,0.142,0,3,349
2024-06-13,CENTRAL-01,priority,5303,0.0,0.165,0,3,304
2024-06-13,CENTRAL-01,economy,4821,0.199,0.236,0,3,498
2024-06-13,SOUTH-01,standard,6134,0.294,0.116,0,3,190
2024-06-13,SOUTH-01,priority,6525,0.213,0.091,0,3,294
2024-06-13,SOUTH-01,economy,5337,0.072,0.169,0,3,341
2024-06-13,SOUTH-02,standard,7131,0.298,0.159,0,3,418
2024-06-13,SOUTH-02,priority,6823,0.0,0.181,0,3,491
2024-06-13,SOUTH-02,economy,6283,0.253,0.134,0,3,333
2024-06-13,WEST-01,standard,7741,0.21,0.125,0,3,367
2024-06-13,WEST-01,priority,7375,0.378,0.311,0,3,586
2024-06-13,WEST-01,economy,6249,0.0,0.036,0,3,372
2024-06-14,NORTH-01,standard,5797,0.156,0.019,0,4,612
2024-06-14,NORTH-01,priority,4901,0.334,0.237,0,4,225
2024-06-14,NORTH-01,economy,4271,0.189,0.318,0,4,253
2024-06-14,NORTH-02,standard,5528,0.313,0.244,0,4,314
2024-06-14,NORTH-02,priority,5791,0.12,0.156,0,4,257
2024-06-14,NORTH-02,economy,5515,0.311,0.158,0,4,383
2024-06-14,CENTRAL-01,standard,6242,0.168,0.196,0,4,151
2024-06-14,CENTRAL-01,priority,5028,0.151,0.129,0,4,322
2024-06-14,CENTRAL-01,economy,5306,0.0,0.122,0,4,350
2024-06-14,SOUTH-01,standard,6453,0.131,0.143,0,4,374
2024-06-14,SOUTH-01,priority,6142,0.187,0.078,0,4,395
2024-06-14,SOUTH-01,economy,5707,0.16,0.344,0,4,317
2024-06-14,SOUTH-02,standard,7413,0.129,0.072,0,4,320
2024-06-14,SOUTH-02,priority,6150,0.112,0.107,0,4,154
2024-06-14,SOUTH-02,economy,6156,0.124,0.22,0,4,551
2024-06-14,WEST-01,standard,8368,0.27,0.192,0,4,419
2024-06-14,WEST-01,priority,7626,0.188,0.149,0,4,409
2024-06-14,WEST-01,economy,6152,0.102,0.197,0,4,428
2024-06-15,NORTH-01,standard,5631,0.23,0.135,0,5,170
2024-06-15,NORTH-01,priority,5976,0.2,0.113,0,5,377
2024-06-15,NORTH-01,economy,4692,0.108,0.04,0,5,278
2024-06-15,NORTH-02,standard,6279,0.085,0.177,0,5,444
2024-06-15,NORTH-02,priority,5379,0.182,0.163,0,5,381
2024-06-15,NORTH-02,economy,4735,0.231,0.238,0,5,224
2024-06-15,CENTRAL-01,standard,5658,0.163,0.21,0,5,136
2024-06-15,CENTRAL-01,priority,5219,0.29,0.272,0,5,348
2024-06-15,CENTRAL-01,economy,5223,0.132,0.129,0,5,181
2024-06-15,SOUTH-01,standard,6776,0.047,0.126,0,5,248
2024-06-15,SOUTH-01,priority,5823,0.275,0.117,0,5,388
2024-06-15,SOUTH-01,economy,5213,0.165,0.217,0,5,168
2024-06-15,SOUTH-02,standard,6696,0.143,0.155,0,5,214
2024-06-15,SOUTH-02,priority,5852,0.202,0.089,0,5,471
2024-06-15,SOUTH-02,economy,6133,0.104,0.242,0,5,399
2024-06-15,WEST-01,standard,6965,0.155,0.0,0,5,373
2024-06-15,WEST-01,priority,6747,0.224,0.007,0,5,247
2024-06-15,WEST-01,economy,6652,0.208,0.148,0,5,507
2024-06-16,NORTH-01,standard,5348,0.235,0.219,0,6,679
2024-06-16,NORTH-01,priority,5296,0.034,0.108,0,6,429
2024-06-16,NORTH-01,economy,3359,0.238,0.204,0,6,471
2024-06-16,NORTH-02,standard,5181,0.156,0.25,0,6,366
2024-06-16,NORTH-02,priority,5520,0.112,0.196,0,6,389
2024-06-16,NORTH-02,economy,4682,0.053,0.145,0,6,379
2024-06-16,CENTRAL-01,standard,5691,0.299,0.162,0,6,363
2024-06-16,CENTRAL-01,priority,4332,0.493,0.282,0,6,317
2024-06-16,CENTRAL-01,economy,4767,0.292,0.135,0,6,290
2024-06-16,SOUTH-01,standard,7074,0.246,0.058,0,6,385
2024-06-16,SOUTH-01,priority,5693,0.068,0.24,0,6,284
2024-06-16,SOUTH-01,economy,5497,0.111,0.322,0,6,86
2024-06-16,SOUTH-02,standard,7617,0.11,0.186,0,6,681
2024-06-16,SOUTH-02,priority,6051,0.349,0.165,0,6,556
2024-06-16,SOUTH-02,economy,5738,0.136,0.097,0,6,201
2024-06-16,WEST-01,standard,7943,0.124,0.131,0,6,371
2024-06-16,WEST-01,priority,7053,0.028,0.022,0,6,400
2024-06-16,WEST-01,economy,6545,0.113,0.113,0,6,543
2024-06-17,NORTH-01,standard,6856,0.086,0.157,0,0,292
2024-06-17,NORTH-01,priority,5187,0.178,0.147,0,0,355
2024-06-17,NORTH-01,economy,4674,0.184,0.194,0,0,321
2024-06-17,NORTH-02,standard,7386,0.346,0.316,0,0,260
2024-06-17,NORTH-02,priority,6192,0.234,0.111,0,0,273
2024-06-17,NORTH-02,economy,5981,0.0,0.122,0,0,393
2024-06-17,CENTRAL-01,standard,7368,0.228,0.167,0,0,464
2024-06-17,CENTRAL-01,priority,7370,0.147,0.157,0,0,418
2024-06-17,CENTRAL-01,economy,5894,0.185,0.158,0,0,304
2024-06-17,SOUTH-01,standard,7516,0.205,0.11,0,0,310
2024-06-17,SOUTH-01,priority,6988,0.193,0.197,0,0,148
2024-06-17,SOUTH-01,economy,5941,0.251,0.16,0,0,451
2024-06-17,SOUTH-02,standard,8312,0.012,0.234,0,0,157
2024-06-17,SOUTH-02,priority,7166,0.201,0.118,0,0,306
2024-06-17,SOUTH-02,economy,6026,0.165,0.111,0,0,513
2024-06-17,WEST-01,standard,7989,0.151,0.091,0,0,512
2024-06-17,WEST-01,priority,7799,0.024,0.161,0,0,350
2024-06-17,WEST-01,economy,7331,0.048,0.1,0,0,428
2024-06-18,NORTH-01,standard,6811,0.086,0.143,0,1,184
2024-06-18,NORTH-01,priority,5205,0.179,0.074,0,1,367
2024-06-18,NORTH-01,economy,5615,0.115,0.053,0,1,458
2024-06-18,NORTH-02,standard,7055,0.0,0.032,0,1,357
2024-06-18,NORTH-02,priority,6197,0.36,0.199,0,1,243
2024-06-18,NORTH-02,economy,5919,0.239,0.048,0,1,408
2024-06-18,CENTRAL-01,standard,8333,0.081,0.214,0,1,403
2024-06-18,CENTRAL-01,priority,6535,0.246,0.115,0,1,195
2024-06-18,CENTRAL-01,economy,6742,0.18,0.153,0,1,166
2024-06-18,SOUTH-01,standard,7709,0.146,0.253,0,1,390
2024-06-18,SOUTH-01,priority,6261,0.08,0.075,0,1,292
2024-06-18,SOUTH-01,economy,6199,0.061,0.159,0,1,308
2024-06-18,SOUTH-02,standard,7904,0.126,0.146,0,1,289
2024-06-18,SOUTH-02,priority,7613,0.19,0.235,0,1,335
2024-06-18,SOUTH-02,economy,6609,0.165,0.0,0,1,330
2024-06-18,WEST-01,standard,8365,0.068,0.09,0,1,550
2024-06-18,WEST-01,priority,7463,0.311,0.076,0,1,344
2024-06-18,WEST-01,economy,7238,0.277,0.162,0,1,461
2024-06-19,NORTH-01,standard,5663,0.108,0.259,0,2,247
2024-06-19,NORTH-01,priority,4812,0.152,0.249,0,2,438
2024-06-19,NORTH-01,economy,4491,0.105,0.089,0,2,209
2024-06-19,NORTH-02,standard,5472,0.279,0.178,0,2,335
2024-06-19,NORTH-02,priority,6160,0.114,0.178,0,2,320
2024-06-19,NORTH-02,economy,4608,0.244,0.152,0,2,298
2024-06-19,CENTRAL-01,standard,6328,0.077,0.177,0,2,261
2024-06-19,CENTRAL-01,priority,5508,0.302,0.158,0,2,506
2024-06-19,CENTRAL-01,economy,5003,0.0,0.252,0,2,355
2024-06-19,SOUTH-01,standard,7276,0.109,0.076,0,2,621
2024-06-19,SOUTH-01,priority,6214,0.153,0.177,0,2,574
2024-06-19,SOUTH-01,economy,5407,0.0,0.18,0,2,59
2024-06-19,SOUTH-02,standard,7131,0.137,0.298,0,2,488
2024-06-19,SOUTH-02,priority,6483,0.324,0.149,0,2,168
2024-06-19,SOUTH-02,economy,6137,0.094,0.223,0,2,408
2024-06-19,WEST-01,standard,7637,0.196,0.325,0,2,601
2024-06-19,WEST-01,priority,6634,0.196,0.286,0,2,401
2024-06-19,WEST-01,economy,6943,0.133,0.161,0,2,433
2024-06-20,NORTH-01,standard,4920,0.326,0.096,0,3,329
2024-06-20,NORTH-01,priority,4427,0.175,0.135,0,3,456
2024-06-20,NORTH-01,economy,4412,0.136,0.264,0,3,390
2024-06-20,NORTH-02,standard,5906,0.247,0.084,0,3,588
2024-06-20,NORTH-02,priority,5629,0.21,0.222,0,3,385
2024-06-20,NORTH-02,economy,5010,0.202,0.194,0,3,168
2024-06-20,CENTRAL-01,standard,6115,0.21,0.135,0,3,518
2024-06-20,CENTRAL-01,priority,5978,0.092,0.038,0,3,188
2024-06-20,CENTRAL-01,economy,5404,0.0,0.223,0,3,398
2024-06-20,SOUTH-01,standard,6166,0.127,0.039,0,3,332
2024-06-20,SOUTH-01,priority,6108,0.027,0.175,0,3,385
2024-06-20,SOUTH-01,economy,5746,0.199,0.181,0,3,311
2024-06-20,SOUTH-02,standard,6168,0.202,0.169,0,3,442
2024-06-20,SOUTH-02,priority,6064,0.198,0.195,0,3,324
2024-06-20,SOUTH-02,economy,5547,0.049,0.21,0,3,234
2024-06-20,WEST-01,standard,7104,0.244,0.1,0,3,501
2024-06-20,WEST-01,priority,7321,0.294,0.208,0,3,371
2024-06-20,WEST-01,economy,6402,0.155,0.098,0,3,308
2024-06-21,NORTH-01,standard,6070,0.128,0.198,0,4,409
2024-06-21,NORTH-01,priority,3810,0.395,0.094,0,4,380
2024-06-21,NORTH-01,economy,3538,0.087,0.128,0,4,178
2024-06-21,NORTH-02,standard,5849,0.0,0.115,0,4,366
2024-06-21,NORTH-02,priority,4528,0.329,0.204,0,4,388
2024-06-21,NORTH-02,economy,4624,0.193,0.142,0,4,343
2024-06-21,CENTRAL-01,standard,6880,0.097,0.135,0,4,301
2024-06-21,CENTRAL-01,priority,5336,0.056,0.145,0,4,133
2024-06-21,CENTRAL-01,economy,5252,0.139,0.266,0,4,358
2024-06-21,SOUTH-01,standard,7001,0.0,0.185,0,4,310
2024-06-21,SOUTH-01,priority,5688,0.202,0.164,0,4,390
2024-06-21,SOUTH-01,economy,4999,0.324,0.132,0,4,308
2024-06-21,SOUTH-02,standard,7214,0.283,0.052,0,4,315
2024-06-21,SOUTH-02,priority,6245,0.209,0.105,0,4,550
2024-06-21,SOUTH-02,economy,6874,0.011,0.189,0,4,468
2024-06-21,WEST-01,standard,7316,0.02,0.047,0,4,418
2024-06-21,WEST-01,priority,6478,0.207,0.048,0,4,276
2024-06-21,WEST-01,economy,6202,0.158,0.309,0,4,248
2024-06-22,NORTH-01,standard,5636,0.044,0.201,0,5,241
2024-06-22,NORTH-01,priority,4932,0.136,0.087,0,5,650
2024-06-22,NORTH-01,economy,3879,0.246,0.143,0,5,135
2024-06-22,NORTH-02,standard,5690,0.268,0.204,0,5,496
2024-06-22,NORTH-02,priority,5477,0.183,0.212,0,5,323
2024-06-22,NORTH-02,economy,5099,0.065,0.138,0,5,271
2024-06-22,CENTRAL-01,standard,6499,0.233,0.063,0,5,412
2024-06-22,CENTRAL-01,priority,6206,0.036,0.132,0,5,215
2024-06-22,CENTRAL-01,economy,6092,0.051,0.144,0,5,282
2024-06-22,SOUTH-01,standard,6482,0.239,0.171,0,5,393
2024-06-22,SOUTH-01,priority,5452,0.126,0.121,0,5,340
2024-06-22,SOUTH-01,economy,5884,0.288,0.155,0,5,426
2024-06-22,SOUTH-02,standard,6927,0.173,0.1,0,5,211
2024-06-22,SOUTH-02,priority,7331,0.148,0.162,0,5,463
2024-06-22,SOUTH-02,economy,5810,0.076,0.035,0,5,451
2024-06-22,WEST-01,standard,7619,0.154,0.193,0,5,494
2024-06-22,WEST-01,priority,6852,0.0,0.278,0,5,480
2024-06-22,WEST-01,economy,6294,0.147,0.141,0,5,399
2024-06-23,NORTH-01,standard,6116,0.235,0.235,0,6,403
2024-06-23,NORTH-01,priority,5125,0.386,0.157,0,6,385
2024-06-23,NORTH-01,economy,4517,0.114,0.164,0,6,311
2024-06-23,NORTH-02,standard,5931,0.23,0.219,0,6,4
2024-06-23,NORTH-02,priority,4722,0.381,0.126,0,6,186
2024-06-23,NORTH-02,economy,4329,0.14,0.105,0,6,228
2024-06-23,CENTRAL-01,standard,6819,0.244,0.312,0,6,519
2024-06-23,CENTRAL-01,priority,5939,0.135,0.158,0,6,279
2024-06-23,CENTRAL-01,economy,5678,0.129,0.218,0,6,358
2024-06-23,SOUTH-01,standard,6253,0.037,0.126,0,6,376
2024-06-23,SOUTH-01,priority,6185,0.211,0.128,0,6,415
2024-06-23,SOUTH-01,economy,5264,0.211,0.054,0,6,387
2024-06-23,SOUTH-02,standard,7222,0.369,0.128,0,6,502
2024-06-23,SOUTH-02,priority,7210,0.156,0.242,0,6,561
2024-06-23,SOUTH-02,economy,5877,0.235,0.339,0,6,611
2024-06-23,WEST-01,standard,7535,0.272,0.257,0,6,507
2024-06-23,WEST-01,priority,6667,0.351,0.063,0,6,123
2024-06-23,WEST-01,economy,6225,0.159,0.085,0,6,717
2024-06-24,NORTH-01,standard,6274,0.386,0.035,0,0,464
2024-06-24,NORTH-01,priority,5920,0.139,0.164,0,0,196
2024-06-24,NORTH-01,economy,5300,0.056,0.164,0,0,253
2024-06-24,NORTH-02,standard,7249,0.085,0.143,0,0,388
2024-06-24,NORTH-02,priority,6016,0.375,0.094,0,0,317
2024-06-24,NORTH-02,economy,6228,0.251,0.087,0,0,163
2024-06-24,CENTRAL-01,standard,7286,0.386,0.157,0,0,558
2024-06-24,CENTRAL-01,priority,6696,0.283,0.092,0,0,604
2024-06-24,CENTRAL-01,economy,6460,0.074,0.319,0,0,321
2024-06-24,SOUTH-01,standard,6913,0.073,0.132,0,0,337
2024-06-24,SOUTH-01,priority,7275,0.148,0.064,0,0,371
2024-06-24,SOUTH-01,economy,6605,0.104,0.124,0,0,386
2024-06-24,SOUTH-02,standard,8157,0.096,0.16,0,0,287
2024-06-24,SOUTH-02,priority,7799,0.145,0.196,0,0,386
2024-06-24,SOUTH-02,economy,6280,0.261,0.072,0,0,338
2024-06-24,WEST-01,standard,8259,0.36,0.163,0,0,613
2024-06-24,WEST-01,priority,7940,0.146,0.329,0,0,296
2024-06-24,WEST-01,economy,6934,0.16,0.13,0,0,700
2024-06-25,NORTH-01,standard,6189,0.218,0.187,0,1,296
2024-06-25,NORTH-01,priority,4993,0.303,0.016,0,1,300
2024-06-25,NORTH-01,economy,5123,0.342,0.12,0,1,337
2024-06-25,NORTH-02,standard,6812,0.336,0.023,0,1,360
2024-06-25,NORTH-02,priority,6010,0.291,0.084,0,1,347
2024-06-25,NORTH-02,economy,5298,0.06,0.048,0,1,354
2024-06-25,CENTRAL-01,standard,6488,0.089,0.124,0,1,330
2024-06-25,CENTRAL-01,priority,6535,0.303,0.206,0,1,405
2024-06-25,CENTRAL-01,economy,7112,0.081,0.28,0,1,413
2024-06-25,SOUTH-01,standard,6788,0.491,0.096,0,1,298
2024-06-25,SOUTH-01,priority,7178,0.154,0.335,0,1,292
2024-06-25,SOUTH-01,economy,7051,0.072,0.241,0,1,333
2024-06-25,SOUTH-02,standard,8863,0.0,0.06,0,1,528
2024-06-25,SOUTH-02,priority,8474,0.188,0.3,0,1,429
2024-06-25,SOUTH-02,economy,6676,0.178,0.103,0,1,201
2024-06-25,WEST-01,standard,8966,0.001,0.012,0,1,261
2024-06-25,WEST-01,priority,8347,0.414,0.092,0,1,386
2024-06-25,WEST-01,economy,8161,0.0,0.253,0,1,316
2024-06-26,NORTH-01,standard,5367,0.14,0.078,0,2,353
2024-06-26,NORTH-01,priority,4465,0.138,0.004,0,2,398
2024-06-26,NORTH-01,economy,3832,0.155,0.124,0,2,221
2024-06-26,NORTH-02,standard,5939,0.349,0.059,0,2,363
2024-06-26,NORTH-02,priority,5035,0.209,0.091,0,2,330
2024-06-26,NORTH-02,economy,4944,0.118,0.177,0,2,589
2024-06-26,CENTRAL-01,standard,6604,0.213,0.0,0,2,353
2024-06-26,CENTRAL-01,priority,5430,0.421,0.268,0,2,429
2024-06-26,CENTRAL-01,economy,5441,0.109,0.15,0,2,476
2024-06-26,SOUTH-01,standard,7717,0.287,0.156,0,2,367
2024-06-26,SOUTH-01,priority,6782,0.0,0.037,0,2,374
2024-06-26,SOUTH-01,economy,5261,0.199,0.107,0,2,243
2024-06-26,SOUTH-02,standard,7315,0.237,0.142,0,2,440
2024-06-26,SOUTH-02,priority,5824,0.129,0.033,0,2,717
2024-06-26,SOUTH-02,economy,5644,0.357,0.257,0,2,350
2024-06-26,WEST-01,standard,7332,0.082,0.045,0,2,559
2024-06-26,WEST-01,priority,6683,0.281,0.072,0,2,470
2024-06-26,WEST-01,economy,6621,0.111,0.156,0,2,425
2024-06-27,NORTH-01,standard,5150,0.21,0.098,0,3,198
2024-06-27,NORTH-01,priority,5348,0.0,0.141,0,3,174
2024-06-27,NORTH-01,economy,3512,0.213,0.213,0,3,252
2024-06-27,NORTH-02,standard,4996,0.378,0.194,0,3,408
2024-06-27,NORTH-02,priority,5144,0.09,0.205,0,3,327
2024-06-27,NORTH-02,economy,4484,0.115,0.15,0,3,287
2024-06-27,CENTRAL-01,standard,6584,0.039,0.189,0,3,183
2024-06-27,CENTRAL-01,priority,5657,0.299,0.136,0,3,441
2024-06-27,CENTRAL-01,economy,5052,0.219,0.243,0,3,455
2024-06-27,SOUTH-01,standard,6971,0.195,0.191,0,3,538
2024-06-27,SOUTH-01,priority,5753,0.267,0.115,0,3,346
2024-06-27,SOUTH-01,economy,4607,0.089,0.066,0,3,132
2024-06-27,SOUTH-02,standard,7714,0.418,0.097,0,3,459
2024-06-27,SOUTH-02,priority,6431,0.174,0.03,0,3,599
2024-06-27,SOUTH-02,economy,5331,0.367,0.172,0,3,225
2024-06-27,WEST-01,standard,8529,0.078,0.252,0,3,459
2024-06-27,WEST-01,priority,6781,0.144,0.274,0,3,389
2024-06-27,WEST-01,economy,5981,0.236,0.081,0,3,273
2024-06-28,NORTH-01,standard,5562,0.35,0.303,0,4,314
2024-06-28,NORTH-01,priority,4689,0.108,0.15,0,4,309
2024-06-28,NORTH-01,economy,4071,0.23,0.118,0,4,279
2024-06-28,NORTH-02,standard,6216,0.142,0.115,0,4,153
2024-06-28,NORTH-02,priority,5385,0.369,0.161,0,4,428
2024-06-28,NORTH-02,economy,4217,0.095,0.077,0,4,276
2024-06-28,CENTRAL-01,standard,6457,0.264,0.103,0,4,89
2024-06-28,CENTRAL-01,priority,5802,0.134,0.243,0,4,254
2024-06-28,CENTRAL-01,economy,4554,0.101,0.0,0,4,443
2024-06-28,SOUTH-01,standard,5803,0.11,0.113,0,4,158
2024-06-28,SOUTH-01,priority,5534,0.323,0.199,0,4,270
2024-06-28,SOUTH-01,economy,4567,0.176,0.054,0,4,297
2024-06-28,SOUTH-02,standard,7561,0.249,0.197,0,4,220
2024-06-28,SOUTH-02,priority,6506,0.187,0.129,0,4,349
2024-06-28,SOUTH-02,economy,6327,0.101,0.0,0,4,409
2024-06-28,WEST-01,standard,7645,0.002,0.188,0,4,359
2024-06-28,WEST-01,priority,6806,0.088,0.193,0,4,252
2024-06-28,WEST-01,economy,6184,0.316,0.136,0,4,448
2024-06-29,NORTH-01,standard,5631,0.1,0.113,0,5,163
2024-06-29,NORTH-01,priority,5117,0.207,0.09,0,5,399
2024-06-29,NORTH-01,economy,3988,0.23,0.021,0,5,158
2024-06-29,NORTH-02,standard,5076,0.176,0.0,0,5,474
2024-06-29,NORTH-02,priority,4830,0.224,0.122,0,5,194
2024-06-29,NORTH-02,economy,5261,0.204,0.123,0,5,315
2024-06-29,CENTRAL-01,standard,6040,0.187,0.039,0,5,382
2024-06-29,CENTRAL-01,priority,5846,0.135,0.111,0,5,537
2024-06-29,CENTRAL-01,economy,5457,0.197,0.242,0,5,473
2024-06-29,SOUTH-01,standard,6727,0.107,0.133,0,5,447
2024-06-29,SOUTH-01,priority,6442,0.275,0.16,0,5,305
2024-06-29,SOUTH-01,economy,5818,0.286,0.231,0,5,370
2024-06-29,SOUTH-02,standard,7114,0.266,0.078,0,5,429
2024-06-29,SOUTH-02,priority,6244,0.02,0.188,0,5,315
2024-06-29,SOUTH-02,economy,5914,0.185,0.092,0,5,365
2024-06-29,WEST-01,standard,7451,0.082,0.195,0,5,678
2024-06-29,WEST-01,priority,6488,0.167,0.056,0,5,512
2024-06-29,WEST-01,economy,6653,0.131,0.041,0,5,329
2024-06-30,NORTH-01,standard,5617,0.258,0.225,0,6,636
2024-06-30,NORTH-01,priority,4831,0.0,0.085,0,6,596
2024-06-30,NORTH-01,economy,3840,0.396,0.253,0,6,213
2024-06-30,NORTH-02,standard,6546,0.081,0.087,0,6,347
2024-06-30,NORTH-02,priority,4679,0.167,0.212,0,6,326
2024-06-30,NORTH-02,economy,4511,0.048,0.126,0,6,238
2024-06-30,CENTRAL-01,standard,6244,0.207,0.168,0,6,411
2024-06-30,CENTRAL-01,priority,5794,0.076,0.205,0,6,295
2024-06-30,CENTRAL-01,economy,5946,0.085,0.131,0,6,350
2024-06-30,SOUTH-01,standard,6786,0.043,0.224,0,6,417
2024-06-30,SOUTH-01,priority,6094,0.107,0.252,0,6,530
2024-06-30,SOUTH-01,economy,6200,0.054,0.127,0,6,386
2024-06-30,SOUTH-02,standard,7034,0.453,0.128,0,6,619
2024-06-30,SOUTH-02,priority,6243,0.0,0.019,0,6,464
2024-06-30,SOUTH-02,economy,6401,0.0,0.198,0,6,613
2024-06-30,WEST-01,standard,8123,0.305,0.179,0,6,488
2024-06-30,WEST-01,priority,6704,0.125,0.058,0,6,376
2024-06-30,WEST-01,economy,6090,0.201,0.0,0,6,366
2024-07-01,NORTH-01,standard,6561,0.246,0.28,0,0,267
2024-07-01,NORTH-01,priority,5625,0.0,0.205,0,0,452
2024-07-01,NORTH-01,economy,5067,0.348,0.026,0,0,487
2024-07-01,NORTH-02,standard,6154,0.302,0.0,0,0,210
2024-07-01,NORTH-02,priority,5041,0.243,0.183,0,0,295
2024-07-01,NORTH-02,economy,5560,0.276,0.162,0,0,303
2024-07-01,CENTRAL-01,standard,7374,0.053,0.149,0,0,475
2024-07-01,CENTRAL-01,priority,7013,0.264,0.157,0,0,345
2024-07-01,CENTRAL-01,economy,6257,0.007,0.188,0,0,427
2024-07-01,SOUTH-01,standard,8284,0.028,0.293,0,0,393
2024-07-01,SOUTH-01,priority,6796,0.068,0.236,0,0,655
2024-07-01,SOUTH-01,economy,6591,0.106,0.288,0,0,567
2024-07-01,SOUTH-02,standard,8519,0.092,0.152,0,0,515
2024-07-01,SOUTH-02,priority,7348,0.312,0.111,0,0,550
2024-07-01,SOUTH-02,economy,6901,0.095,0.196,0,0,411
2024-07-01,WEST-01,standard,8332,0.19,0.087,0,0,447
2024-07-01,WEST-01,priority,8502,0.168,0.276,0,0,469
2024-07-01,WEST-01,economy,8119,0.088,0.084,0,0,302
2024-07-02,NORTH-01,standard,6274,0.194,0.179,0,1,247
2024-07-02,NORTH-01,priority,5493,0.086,0.106,0,1,504
2024-07-02,NORTH-01,economy,5135,0.179,0.108,0,1,414
2024-07-02,NORTH-02,standard,6405,0.139,0.222,0,1,512
2024-07-02,NORTH-02,priority,5896,0.179,0.146,0,1,209
2024-07-02,NORTH-02,economy,5904,0.0,0.089,0,1,241
2024-07-02,CENTRAL-01,standard,7151,0.0,0.077,0,1,353
2024-07-02,CENTRAL-01,priority,7263,0.165,0.233,0,1,638
2024-07-02,CENTRAL-01,economy,6371,0.0,0.082,0,1,316
2024-07-02,SOUTH-01,standard,8262,0.283,0.167,0,1,552
2024-07-02,SOUTH-01,priority,6854,0.307,0.117,0,1,348
2024-07-02,SOUTH-01,economy,7053,0.0,0.268,0,1,350
2024-07-02,SOUTH-02,standard,7125,0.337,0.1,0,1,514
2024-07-02,SOUTH-02,priority,7686,0.027,0.134,0,1,456
2024-07-02,SOUTH-02,economy,7059,0.282,0.196,0,1,296
2024-07-02,WEST-01,standard,9005,0.215,0.03,0,1,281
2024-07-02,WEST-01,priority,7510,0.138,0.044,0,1,406
2024-07-02,WEST-01,economy,7558,0.117,0.242,0,1,351
2024-07-03,NORTH-01,standard,6001,0.164,0.248,0,2,223
2024-07-03,NORTH-01,priority,5132,0.098,0.188,0,2,207
2024-07-03,NORTH-01,economy,4620,0.27,0.079,0,2,382
2024-07-03,NORTH-02,standard,5752,0.044,0.108,0,2,371
2024-07-03,NORTH-02,priority,4614,0.156,0.058,0,2,384
2024-07-03,NORTH-02,economy,4766,0.214,0.158,0,2,248
2024-07-03,CENTRAL-01,standard,7070,0.202,0.353,0,2,357
2024-07-03,CENTRAL-01,priority,6040,0.117,0.0,0,2,455
2024-07-03,CENTRAL-01,economy,4533,0.115,0.035,0,2,369
2024-07-03,SOUTH-01,standard,6888,0.169,0.205,0,2,502
2024-07-03,SOUTH-01,priority,5318,0.224,0.216,0,2,191
2024-07-03,SOUTH-01,economy,6470,0.136,0.236,0,2,354
2024-07-03,SOUTH-02,standard,7444,0.107,0.0,0,2,337
2024-07-03,SOUTH-02,priority,7073,0.535,0.091,0,2,481
2024-07-03,SOUTH-02,economy,6421,0.057,0.169,0,2,345
2024-07-03,WEST-01,standard,7874,0.281,0.215,0,2,414
2024-07-03,WEST-01,priority,7206,0.039,0.144,0,2,171
2024-07-03,WEST-01,economy,5820,0.2,0.142,0,2,314
2024-07-04,NORTH-01,standard,7403,0.143,0.304,1,3,526
2024-07-04,NORTH-01,priority,6572,0.166,0.0,1,3,298
2024-07-04,NORTH-01,economy,5806,0.14,0.066,1,3,482
2024-07-04,NORTH-02,standard,8298,0.292,0.277,1,3,183
2024-07-04,NORTH-02,priority,7108,0.037,0.005,1,3,310
2024-07-04,NORTH-02,economy,6466,0.121,0.133,1,3,195
2024-07-04,CENTRAL-01,standard,8584,0.029,0.15,1,3,434
2024-07-04,CENTRAL-01,priority,7622,0.085,0.0,1,3,320
2024-07-04,CENTRAL-01,economy,6052,0.042,0.013,1,3,246
2024-07-04,SOUTH-01,standard,8357,0.151,0.053,1,3,401
2024-07-04,SOUTH-01,priority,7411,0.447,0.014,1,3,423
2024-07-04,SOUTH-01,economy,7578,0.056,0.158,1,3,418
2024-07-04,SOUTH-02,standard,8113,0.346,0.0,1,3,600
2024-07-04,SOUTH-02,priority,8658,0.289,0.193,1,3,209
2024-07-04,SOUTH-02,economy,7308,0.275,0.235,1,3,714
2024-07-04,WEST-01,standard,9185,0.204,0.0,1,3,369
2024-07-04,WEST-01,priority,8292,0.32,0.194,1,3,609
2024-07-04,WEST-01,economy,7746,0.293,0.084,1,3,474
2024-07-05,NORTH-01,standard,5507,0.136,0.123,0,4,217
2024-07-05,NORTH-01,priority,4216,0.0,0.169,0,4,187
2024-07-05,NORTH-01,economy,4422,0.0,0.018,0,4,285
2024-07-05,NORTH-02,standard,5536,0.149,0.045,0,4,391
2024-07-05,NORTH-02,priority,5789,0.174,0.216,0,4,323
2024-07-05,NORTH-02,economy,4721,0.0,0.089,0,4,228
2024-07-05,CENTRAL-01,standard,7487,0.053,0.156,0,4,346
2024-07-05,CENTRAL-01,priority,6117,0.18,0.045,0,4,468
2024-07-05,CENTRAL-01,economy,4975,0.277,0.259,0,4,292
2024-07-05,SOUTH-01,standard,5722,0.385,0.201,0,4,406
2024-07-05,SOUTH-01,priority,6479,0.11,0.222,0,4,165
2024-07-05,SOUTH-01,economy,5680,0.212,0.167,0,4,419
2024-07-05,SOUTH-02,standard,7095,0.36,0.183,0,4,530
2024-07-05,SOUTH-02,priority,6521,0.449,0.223,0,4,427
2024-07-05,SOUTH-02,economy,6849,0.211,0.151,0,4,295
2024-07-05,WEST-01,standard,6876,0.319,0.14,0,4,363
2024-07-05,WEST-01,priority,7171,0.114,0.196,0,4,272
2024-07-05,WEST-01,economy,7012,0.357,0.237,0,4,418
2024-07-06,NORTH-01,standard,5318,0.176,0.206,0,5,355
2024-07-06,NORTH-01,priority,4793,0.159,0.033,0,5,270
2024-07-06,NORTH-01,economy,4844,0.151,0.179,0,5,223
2024-07-06,NORTH-02,standard,5528,0.14,0.089,0,5,274
2024-07-06,NORTH-02,priority,5511,0.156,0.197,0,5,218
2024-07-06,NORTH-02,economy,4253,0.335,0.226,0,5,454
2024-07-06,CENTRAL-01,standard,6446,0.219,0.137,0,5,370
2024-07-06,CENTRAL-01,priority,5545,0.245,0.165,0,5,103
2024-07-06,CENTRAL-01,economy,5339,0.243,0.12,0,5,397
2024-07-06,SOUTH-01,standard,7003,0.138,0.232,0,5,409
2024-07-06,SOUTH-01,priority,6040,0.163,0.285,0,5,322
2024-07-06,SOUTH-01,economy,5499,0.032,0.208,0,5,288
2024-07-06,SOUTH-02,standard,6744,0.118,0.155,0,5,113
2024-07-06,SOUTH-02,priority,6709,0.235,0.0,0,5,568
2024-07-06,SOUTH-02,economy,6104,0.16,0.254,0,5,555
2024-07-06,WEST-01,standard,7465,0.125,0.0,0,5,608
2024-07-06,WEST-01,priority,7046,0.244,0.109,0,5,507
2024-07-06,WEST-01,economy,6451,0.17,0.36,0,5,493
2024-07-07,NORTH-01,standard,5158,0.271,0.094,0,6,456
2024-07-07,NORTH-01,priority,4199,0.197,0.177,0,6,384
2024-07-07,NORTH-01,economy,4362,0.214,0.145,0,6,261
2024-07-07,NORTH-02,standard,5763,0.109,0.131,0,6,614
2024-07-07,NORTH-02,priority,5958,0.289,0.073,0,6,306
2024-07-07,NORTH-02,economy,3937,0.184,0.222,0,6,269
2024-07-07,CENTRAL-01,standard,6586,0.111,0.166,0,6,368
2024-07-07,CENTRAL-01,priority,5975,0.165,0.235,0,6,364
2024-07-07,CENTRAL-01,economy,5348,0.198,0.297,0,6,278
2024-07-07,SOUTH-01,standard,6601,0.0,0.035,0,6,365
2024-07-07,SOUTH-01,priority,6015,0.113,0.178,0,6,250
2024-07-07,SOUTH-01,economy,5144,0.254,0.26,0,6,363
2024-07-07,SOUTH-02,standard,6975,0.0,0.032,0,6,525
2024-07-07,SOUTH-02,priority,6606,0.087,0.085,0,6,382
2024-07-07,SOUTH-02,economy,6140,0.086,0.309,0,6,377
2024-07-07,WEST-01,standard,8244,0.132,0.185,0,6,626
2024-07-07,WEST-01,priority,7441,0.089,0.238,0,6,520
2024-07-07,WEST-01,economy,6782,0.169,0.135,0,6,498
2024-07-08,NORTH-01,standard,6195,0.368,0.166,0,0,70
2024-07-08,NORTH-01,priority,5430,0.0,0.118,0,0,440
2024-07-08,NORTH-01,economy,5047,0.023,0.11,0,0,475
2024-07-08,NORTH-02,standard,7013,0.107,0.186,0,0,498
2024-07-08,NORTH-02,priority,5392,0.282,0.147,0,0,313
2024-07-08,NORTH-02,economy,5301,0.178,0.173,0,0,475
2024-07-08,CENTRAL-01,standard,6964,0.182,0.076,0,0,620
2024-07-08,CENTRAL-01,priority,6225,0.26,0.234,0,0,284
2024-07-08,CENTRAL-01,economy,6029,0.098,0.165,0,0,302
2024-07-08,SOUTH-01,standard,7564,0.136,0.086,0,0,540
2024-07-08,SOUTH-01,priority,7836,0.0,0.178,0,0,393
2024-07-08,SOUTH-01,economy,6176,0.117,0.224,0,0,362
2024-07-08,SOUTH-02,standard,7971,0.055,0.0,0,0,267
2024-07-08,SOUTH-02,priority,8381,0.179,0.239,0,0,442
2024-07-08,SOUTH-02,economy,6639,0.302,0.182,0,0,148
2024-07-08,WEST-01,standard,8840,0.375,0.066,0,0,509
2024-07-08,WEST-01,priority,8952,0.063,0.175,0,0,632
2024-07-08,WEST-01,economy,7326,0.118,0.093,0,0,379
2024-07-09,NORTH-01,standard,5625,0.324,0.209,0,1,403
2024-07-09,NORTH-01,priority,5899,0.159,0.153,0,1,500
2024-07-09,NORTH-01,economy,4946,0.297,0.09,0,1,274
2024-07-09,NORTH-02,standard,7747,0.0,0.141,0,1,206
2024-07-09,NORTH-02,priority,6319,0.177,0.146,0,1,254
2024-07-09,NORTH-02,economy,6156,0.009,0.04,0,1,246
2024-07-09,CENTRAL-01,standard,7207,0.12,0.318,0,1,437
2024-07-09,CENTRAL-01,priority,6058,0.308,0.231,0,1,276
2024-07-09,CENTRAL-01,economy,5851,0.216,0.304,0,1,296
2024-07-09,SOUTH-01,standard,7983,0.23,0.2,0,1,317
2024-07-09,SOUTH-01,priority,7670,0.116,0.167,0,1,381
2024-07-09,SOUTH-01,economy,7123,0.177,0.068,0,1,412
2024-07-09,SOUTH-02,standard,8033,0.309,0.152,0,1,240
2024-07-09,SOUTH-02,priority,7811,0.0,0.25,0,1,439
2024-07-09,SOUTH-02,economy,7362,0.03,0.078,0,1,609
2024-07-09,WEST-01,standard,8755,0.105,0.204,0,1,428
2024-07-09,WEST-01,priority,8197,0.402,0.114,0,1,471
2024-07-09,WEST-01,economy,7562,0.178,0.26,0,1,395
2024-07-10,NORTH-01,standard,5973,0.346,0.25,0,2,0
2024-07-10,NORTH-01,priority,4831,0.233,0.167,0,2,398
2024-07-10,NORTH-01,economy,4179,0.211,0.204,0,2,485
2024-07-10,NORTH-02,standard,6100,0.273,0.193,0,2,501
2024-07-10,NORTH-02,priority,5597,0.303,0.141,0,2,368
2024-07-10,NORTH-02,economy,4322,0.41,0.238,0,2,589
2024-07-10,CENTRAL-01,standard,6286,0.0,0.201,0,2,594
2024-07-10,CENTRAL-01,priority,5514,0.21,0.086,0,2,259
2024-07-10,CENTRAL-01,economy,4797,0.143,0.124,0,2,356
2024-07-10,SOUTH-01,standard,5944,0.227,0.07,0,2,395
2024-07-10,SOUTH-01,priority,6409,0.244,0.208,0,2,560
2024-07-10,SOUTH-01,economy,7005,0.3,0.364,0,2,179
2024-07-10,SOUTH-02,standard,7585,0.0,0.149,0,2,398
2024-07-10,SOUTH-02,priority,6198,0.264,0.128,0,2,300
2024-07-10,SOUTH-02,economy,5874,0.156,0.217,0,2,321
2024-07-10,WEST-01,standard,8030,0.248,0.134,0,2,310
2024-07-10,WEST-01,priority,7345,0.044,0.174,0,2,296
2024-07-10,WEST-01,economy,6186,0.341,0.304,0,2,544
2024-07-11,NORTH-01,standard,5403,0.0,0.236,0,3,459
2024-07-11,NORTH-01,priority,4631,0.065,0.145,0,3,293
2024-07-11,NORTH-01,economy,4932,0.4,0.141,0,3,281
2024-07-11,NORTH-02,standard,5480,0.359,0.02,0,3,280
2024-07-11,NORTH-02,priority,4279,0.365,0.165,0,3,151
2024-07-11,NORTH-02,economy,5225,0.058,0.225,0,3,300
2024-07-11,CENTRAL-01,standard,6010,0.114,0.207,0,3,415
2024-07-11,CENTRAL-01,priority,5833,0.225,0.128,0,3,367
2024-07-11,CENTRAL-01,economy,5185,0.24,0.043,0,3,458
2024-07-11,SOUTH-01,standard,6763,0.219,0.198,0,3,489
2024-07-11,SOUTH-01,priority,6386,0.188,0.058,0,3,175
2024-07-11,SOUTH-01,economy,5287,0.214,0.119,0,3,359
2024-07-11,SOUTH-02,standard,7365,0.095,0.191,0,3,326
2024-07-11,SOUTH-02,priority,6735,0.341,0.166,0,3,552
2024-07-11,SOUTH-02,economy,5753,0.348,0.196,0,3,181
2024-07-11,WEST-01,standard,7880,0.205,0.238,0,3,3
2024-07-11,WEST-01,priority,6896,0.284,0.225,0,3,505
2024-07-11,WEST-01,economy,6801,0.255,0.095,0,3,231
2024-07-12,NORTH-01,standard,5139,0.173,0.137,0,4,370
2024-07-12,NORTH-01,priority,5162,0.337,0.25,0,4,131
2024-07-12,NORTH-01,economy,4402,0.02,0.163,0,4,252
2024-07-12,NORTH-02,standard,5958,0.409,0.158,0,4,477
2024-07-12,NORTH-02,priority,5163,0.187,0.357,0,4,262
2024-07-12,NORTH-02,economy,5280,0.067,0.275,0,4,273
2024-07-12,CENTRAL-01,standard,6739,0.076,0.261,0,4,551
2024-07-12,CENTRAL-01,priority,5919,0.173,0.191,0,4,282
2024-07-12,CENTRAL-01,economy,5220,0.163,0.055,0,4,427
2024-07-12,SOUTH-01,standard,6691,0.299,0.203,0,4,566
2024-07-12,SOUTH-01,priority,6817,0.287,0.261,0,4,369
2024-07-12,SOUTH-01,economy,5098,0.227,0.212,0,4,197
2024-07-12,SOUTH-02,standard,7205,0.024,0.141,0,4,223
2024-07-12,SOUTH-02,priority,7066,0.198,0.142,0,4,633
2024-07-12,SOUTH-02,economy,6128,0.235,0.094,0,4,364
2024-07-12,WEST-01,standard,7390,0.151,0.081,0,4,380
2024-07-12,WEST-01,priority,7756,0.276,0.191,0,4,493
2024-07-12,WEST-01,economy,5893,0.231,0.126,0,4,288
2024-07-13,NORTH-01,standard,4961,0.096,0.0,0,5,521
2024-07-13,NORTH-01,priority,4967,0.224,0.12,0,5,94
2024-07-13,NORTH-01,economy,4303,0.214,0.252,0,5,96
2024-07-13,NORTH-02,standard,6208,0.13,0.252,0,5,196
2024-07-13,NORTH-02,priority,4823,0.464,0.05,0,5,200
2024-07-13,NORTH-02,economy,5020,0.056,0.114,0,5,485
2024-07-13,CENTRAL-01,standard,6498,0.134,0.069,0,5,435
2024-07-13,CENTRAL-01,priority,5691,0.209,0.172,0,5,362
2024-07-13,CENTRAL-01,economy,6179,0.158,0.236,0,5,386
2024-07-13,SOUTH-01,standard,6537,0.179,0.17,0,5,467
2024-07-13,SOUTH-01,priority,6456,0.233,0.116,0,5,375
2024-07-13,SOUTH-01,economy,5786,0.064,0.178,0,5,468
2024-07-13,SOUTH-02,standard,6918,0.28,0.141,0,5,387
2024-07-13,SOUTH-02,priority,6732,0.224,0.189,0,5,371
2024-07-13,SOUTH-02,economy,6843,0.3,0.096,0,5,476
2024-07-13,WEST-01,standard,8111,0.045,0.165,0,5,381
2024-07-13,WEST-01,priority,7312,0.001,0.067,0,5,188
2024-07-13,WEST-01,economy,6523,0.006,0.193,0,5,292
2024-07-14,NORTH-01,standard,5608,0.121,0.032,0,6,251
2024-07-14,NORTH-01,priority,4863,0.116,0.178,0,6,241
2024-07-14,NORTH-01,economy,4490,0.0,0.179,0,6,252
2024-07-14,NORTH-02,standard,6243,0.056,0.151,0,6,379
2024-07-14,NORTH-02,priority,5157,0.377,0.206,0,6,423
2024-07-14,NORTH-02,economy,5232,0.186,0.154,0,6,229
2024-07-14,CENTRAL-01,standard,6604,0.183,0.245,0,6,333
2024-07-14,CENTRAL-01,priority,6584,0.0,0.0,0,6,414
2024-07-14,CENTRAL-01,economy,4818,0.11,0.178,0,6,284
2024-07-14,SOUTH-01,standard,5864,0.067,0.037,0,6,164
2024-07-14,SOUTH-01,priority,6184,0.303,0.071,0,6,480
2024-07-14,SOUTH-01,economy,5572,0.182,0.126,0,6,297
2024-07-14,SOUTH-02,standard,7885,0.324,0.3,0,6,158
2024-07-14,SOUTH-02,priority,6840,0.128,0.15,0,6,177
2024-07-14,SOUTH-02,economy,6036,0.0,0.255,0,6,182
2024-07-14,WEST-01,standard,7461,0.048,0.181,0,6,432
2024-07-14,WEST-01,priority,7558,0.063,0.01,0,6,454
2024-07-14,WEST-01,economy,7007,0.14,0.108,0,6,461
2024-07-15,NORTH-01,standard,6238,0.318,0.103,0,0,415
2024-07-15,NORTH-01,priority,5584,0.114,0.142,0,0,395
2024-07-15,NORTH-01,economy,5490,0.021,0.196,0,0,320
2024-07-15,NORTH-02,standard,6463,0.234,0.121,0,0,439
2024-07-15,NORTH-02,priority,5846,0.25,0.109,0,0,333
2024-07-15,NORTH-02,economy,5934,0.114,0.272,0,0,359
2024-07-15,CENTRAL-01,standard,7177,0.068,0.209,0,0,316
2024-07-15,CENTRAL-01,priority,5543,0.273,0.181,0,0,327
2024-07-15,CENTRAL-01,economy,6039,0.195,0.123,0,0,144
2024-07-15,SOUTH-01,standard,7872,0.0,0.072,0,0,29
2024-07-15,SOUTH-01,priority,6871,0.079,0.0,0,0,621
2024-07-15,SOUTH-01,economy,6815,0.154,0.141,0,0,387
2024-07-15,SOUTH-02,standard,8433,0.154,0.224,0,0,467
2024-07-15,SOUTH-02,priority,7865,0.163,0.122,0,0,375
2024-07-15,SOUTH-02,economy,7244,0.328,0.066,0,0,453
2024-07-15,WEST-01,standard,8432,0.064,0.191,0,0,436
2024-07-15,WEST-01,priority,8364,0.122,0.139,0,0,493
2024-07-15,WEST-01,economy,7438,0.045,0.065,0,0,444
2024-07-16,NORTH-01,standard,6974,0.099,0.277,0,1,314
2024-07-16,NORTH-01,priority,5697,0.093,0.132,0,1,501
2024-07-16,NORTH-01,economy,5343,0.298,0.153,0,1,439
2024-07-16,NORTH-02,standard,7114,0.187,0.182,0,1,451
2024-07-16,NORTH-02,priority,6106,0.087,0.096,0,1,278
2024-07-16,NORTH-02,economy,5963,0.003,0.204,0,1,198
2024-07-16,CENTRAL-01,standard,7345,0.151,0.135,0,1,270
2024-07-16,CENTRAL-01,priority,6195,0.018,0.192,0,1,337
2024-07-16,CENTRAL-01,economy,6150,0.141,0.14,0,1,556
2024-07-16,SOUTH-01,standard,6885,0.0,0.22,0,1,553
2024-07-16,SOUTH-01,priority,7313,0.0,0.345,0,1,554
2024-07-16,SOUTH-01,economy,6139,0.31,0.115,0,1,263
2024-07-16,SOUTH-02,standard,7649,0.274,0.116,0,1,473
2024-07-16,SOUTH-02,priority,7610,0.072,0.124,0,1,331
2024-07-16,SOUTH-02,economy,7002,0.121,0.273,0,1,346
2024-07-16,WEST-01,standard,8181,0.159,0.186,0,1,476
2024-07-16,WEST-01,priority,8478,0.211,0.007,0,1,609
2024-07-16,WEST-01,economy,7381,0.084,0.06,0,1,230
2024-07-17,NORTH-01,standard,5989,0.344,0.113,0,2,260
2024-07-17,NORTH-01,priority,4885,0.167,0.251,0,2,359
2024-07-17,NORTH-01,economy,3559,0.311,0.106,0,2,111
2024-07-17,NORTH-02,standard,6354,0.25,0.181,0,2,337
2024-07-17,NORTH-02,priority,6484,0.008,0.0,0,2,437
2024-07-17,NORTH-02,economy,4104,0.196,0.172,0,2,207
2024-07-17,CENTRAL-01,standard,5919,0.389,0.203,0,2,210
2024-07-17,CENTRAL-01,priority,6627,0.118,0.125,0,2,356
2024-07-17,CENTRAL-01,economy,5356,0.037,0.145,0,2,187
2024-07-17,SOUTH-01,standard,6928,0.228,0.247,0,2,292
2024-07-17,SOUTH-01,priority,6007,0.117,0.017,0,2,397
2024-07-17,SOUTH-01,economy,6176,0.072,0.305,0,2,150
2024-07-17,SOUTH-02,standard,7947,0.0,0.071,0,2,525
2024-07-17,SOUTH-02,priority,6340,0.375,0.151,0,2,220
2024-07-17,SOUTH-02,economy,5826,0.222,0.134,0,2,548
2024-07-17,WEST-01,standard,7132,0.165,0.256,0,2,716
2024-07-17,WEST-01,priority,7507,0.135,0.207,0,2,345
2024-07-17,WEST-01,economy,6111,0.278,0.22,0,2,279
2024-07-18,NORTH-01,standard,6072,0.185,0.141,0,3,446
2024-07-18,NORTH-01,priority,4092,0.172,0.198,0,3,228
2024-07-18,NORTH-01,economy,4428,0.215,0.239,0,3,487
2024-07-18,NORTH-02,standard,5732,0.284,0.111,0,3,400
2024-07-18,NORTH-02,priority,5050,0.126,0.273,0,3,369
2024-07-18,NORTH-02,economy,4357,0.268,0.125,0,3,301
2024-07-18,CENTRAL-01,standard,5777,0.277,0.11,0,3,491
2024-07-18,CENTRAL-01,priority,6120,0.228,0.231,0,3,625
2024-07-18,CENTRAL-01,economy,5128,0.314,0.092,0,3,266
2024-07-18,SOUTH-01,standard,6581,0.126,0.037,0,3,442
2024-07-18,SOUTH-01,priority,5431,0.172,0.062,0,3,596
2024-07-18,SOUTH-01,economy,5630,0.219,0.084,0,3,611
2024-07-18,SOUTH-02,standard,8083,0.254,0.0,0,3,200
2024-07-18,SOUTH-02,priority,6202,0.155,0.059,0,3,400
2024-07-18,SOUTH-02,economy,6618,0.0,0.143,0,3,277
2024-07-18,WEST-01,standard,7648,0.013,0.139,0,3,338
2024-07-18,WEST-01,priority,7464,0.037,0.192,0,3,276
2024-07-18,WEST-01,economy,6122,0.069,0.161,0,3,385
2024-07-19,NORTH-01,standard,4831,0.356,0.145,0,4,371
2024-07-19,NORTH-01,priority,5089,0.159,0.138,0,4,415
2024-07-19,NORTH-01,economy,5122,0.184,0.145,0,4,477
2024-07-19,NORTH-02,standard,5436,0.28,0.16,0,4,478
2024-07-19,NORTH-02,priority,5140,0.197,0.104,0,4,218
2024-07-19,NORTH-02,economy,4725,0.307,0.205,0,4,316
2024-07-19,CENTRAL-01,standard,5658,0.098,0.0,0,4,260
2024-07-19,CENTRAL-01,priority,6211,0.073,0.173,0,4,350
2024-07-19,CENTRAL-01,economy,4838,0.349,0.087,0,4,319
2024-07-19,SOUTH-01,standard,6744,0.311,0.158,0,4,183
2024-07-19,SOUTH-01,priority,5510,0.072,0.238,0,4,506
2024-07-19,SOUTH-01,economy,5077,0.24,0.09,0,4,559
2024-07-19,SOUTH-02,standard,7117,0.349,0.14,0,4,315
2024-07-19,SOUTH-02,priority,6490,0.196,0.096,0,4,591
2024-07-19,SOUTH-02,economy,5317,0.169,0.066,0,4,354
2024-07-19,WEST-01,standard,7082,0.089,0.17,0,4,475
2024-07-19,WEST-01,priority,7012,0.053,0.154,0,4,596
2024-07-19,WEST-01,economy,6827,0.201,0.306,0,4,555
2024-07-20,NORTH-01,standard,6075,0.155,0.178,0,5,470
2024-07-20,NORTH-01,priority,4730,0.244,0.124,0,5,458
2024-07-20,NORTH-01,economy,3749,0.342,0.103,0,5,183
2024-07-20,NORTH-02,standard,6097,0.28,0.076,0,5,428
2024-07-20,NORTH-02,priority,4918,0.115,0.275,0,5,526
2024-07-20,NORTH-02,economy,5143,0.218,0.0,0,5,450
2024-07-20,CENTRAL-01,standard,5657,0.129,0.073,0,5,639
2024-07-20,CENTRAL-01,priority,5832,0.069,0.049,0,5,158
2024-07-20,CENTRAL-01,economy,5527,0.062,0.23,0,5,299
2024-07-20,SOUTH-01,standard,6724,0.182,0.115,0,5,290
2024-07-20,SOUTH-01,priority,5873,0.11,0.101,0,5,481
2024-07-20,SOUTH-01,economy,4878,0.272,0.075,0,5,307
2024-07-20,SOUTH-02,standard,6823,0.439,0.068,0,5,395
2024-07-20,SOUTH-02,priority,7057,0.167,0.113,0,5,446
2024-07-20,SOUTH-02,economy,6329,0.281,0.197,0,5,559
2024-07-20,WEST-01,standard,8256,0.34,0.336,0,5,347
2024-07-20,WEST-01,priority,7822,0.282,0.207,0,5,298
2024-07-20,WEST-01,economy,6503,0.247,0.096,0,5,349
2024-07-21,NORTH-01,standard,5648,0.238,0.037,0,6,374
2024-07-21,NORTH-01,priority,4906,0.198,0.306,0,6,368
2024-07-21,NORTH-01,economy,5210,0.192,0.166,0,6,343
2024-07-21,NORTH-02,standard,6057,0.112,0.3,0,6,169
2024-07-21,NORTH-02,priority,4517,0.091,0.05,0,6,271
2024-07-21,NORTH-02,economy,5088,0.172,0.244,0,6,402
2024-07-21,CENTRAL-01,standard,7137,0.073,0.221,0,6,441
2024-07-21,CENTRAL-01,priority,6019,0.231,0.049,0,6,574
2024-07-21,CENTRAL-01,economy,4965,0.219,0.102,0,6,278
2024-07-21,SOUTH-01,standard,7019,0.137,0.202,0,6,511
2024-07-21,SOUTH-01,priority,5841,0.225,0.081,0,6,287
2024-07-21,SOUTH-01,economy,6578,0.158,0.294,0,6,477
2024-07-21,SOUTH-02,standard,7171,0.194,0.041,0,6,300
2024-07-21,SOUTH-02,priority,6433,0.376,0.022,0,6,268
2024-07-21,SOUTH-02,economy,6485,0.179,0.203,0,6,367
2024-07-21,WEST-01,standard,7612,0.271,0.097,0,6,528
2024-07-21,WEST-01,priority,6832,0.22,0.108,0,6,506
2024-07-21,WEST-01,economy,6694,0.049,0.074,0,6,328
2024-07-22,NORTH-01,standard,6239,0.006,0.258,0,0,343
2024-07-22,NORTH-01,priority,5455,0.106,0.126,0,0,429
2024-07-22,NORTH-01,economy,5000,0.193,0.229,0,0,585
2024-07-22,NORTH-02,standard,7579,0.0,0.023,0,0,464
2024-07-22,NORTH-02,priority,6465,0.221,0.185,0,0,409
2024-07-22,NORTH-02,economy,6063,0.064,0.215,0,0,533
2024-07-22,CENTRAL-01,standard,6596,0.392,0.176,0,0,590
2024-07-22,CENTRAL-01,priority,6685,0.058,0.177,0,0,328
2024-07-22,CENTRAL-01,economy,6187,0.272,0.17,0,0,267
2024-07-22,SOUTH-01,standard,7557,0.159,0.088,0,0,392
2024-07-22,SOUTH-01,priority,5961,0.401,0.129,0,0,526
2024-07-22,SOUTH-01,economy,6214,0.234,0.14,0,0,252
2024-07-22,SOUTH-02,standard,7195,0.413,0.154,0,0,435
2024-07-22,SOUTH-02,priority,7016,0.325,0.163,0,0,271
2024-07-22,SOUTH-02,economy,7110,0.07,0.272,0,0,191
2024-07-22,WEST-01,standard,8343,0.226,0.161,0,0,307
2024-07-22,WEST-01,priority,8267,0.052,0.237,0,0,485
2024-07-22,WEST-01,economy,7129,0.209,0.176,0,0,369
2024-07-23,NORTH-01,standard,5913,0.32,0.263,0,1,332
2024-07-23,NORTH-01,priority,6637,0.281,0.301,0,1,283
2024-07-23,NORTH-01,economy,5477,0.333,0.155,0,1,438
2024-07-23,NORTH-02,standard,7454,0.028,0.194,0,1,401
2024-07-23,NORTH-02,priority,6377,0.15,0.024,0,1,396
2024-07-23,NORTH-02,economy,5733,0.069,0.124,0,1,284
2024-07-23,CENTRAL-01,standard,7662,0.18,0.01,0,1,411
2024-07-23,CENTRAL-01,priority,7014,0.048,0.0,0,1,457
2024-07-23,CENTRAL-01,economy,6456,0.205,0.219,0,1,397
2024-07-23,SOUTH-01,standard,7863,0.149,0.117,0,1,583
2024-07-23,SOUTH-01,priority,7396,0.168,0.268,0,1,447
2024-07-23,SOUTH-01,economy,7071,0.469,0.282,0,1,296
2024-07-23,SOUTH-02,standard,7790,0.443,0.143,0,1,154
2024-07-23,SOUTH-02,priority,7538,0.219,0.063,0,1,266
2024-07-23,SOUTH-02,economy,7709,0.396,0.194,0,1,288
2024-07-23,WEST-01,standard,8300,0.366,0.006,0,1,353
2024-07-23,WEST-01,priority,7553,0.126,0.109,0,1,255
2024-07-23,WEST-01,economy,7869,0.127,0.159,0,1,451
2024-07-24,NORTH-01,standard,5056,0.32,0.032,0,2,417
2024-07-24,NORTH-01,priority,5161,0.221,0.081,0,2,271
2024-07-24,NORTH-01,economy,4407,0.087,0.189,0,2,249
2024-07-24,NORTH-02,standard,5729,0.113,0.064,0,2,483
2024-07-24,NORTH-02,priority,5608,0.209,0.227,0,2,274
2024-07-24,NORTH-02,economy,4489,0.0,0.076,0,2,224
2024-07-24,CENTRAL-01,standard,7292,0.298,0.228,0,2,307
2024-07-24,CENTRAL-01,priority,5641,0.372,0.277,0,2,406
2024-07-24,CENTRAL-01,economy,4935,0.329,0.145,0,2,252
2024-07-24,SOUTH-01,standard,6673,0.0,0.156,0,2,251
2024-07-24,SOUTH-01,priority,6330,0.231,0.034,0,2,427
2024-07-24,SOUTH-01,economy,5099,0.132,0.145,0,2,423
2024-07-24,SOUTH-02,standard,7449,0.202,0.171,0,2,326
2024-07-24,SOUTH-02,priority,7159,0.0,0.227,0,2,330
2024-07-24,SOUTH-02,economy,6552,0.229,0.251,0,2,308
2024-07-24,WEST-01,standard,7560,0.001,0.045,0,2,582
2024-07-24,WEST-01,priority,6802,0.093,0.102,0,2,320
2024-07-24,WEST-01,economy,6751,0.179,0.048,0,2,365
2024-07-25,NORTH-01,standard,5796,0.477,0.056,0,3,520
2024-07-25,NORTH-01,priority,4511,0.131,0.118,0,3,206
2024-07-25,NORTH-01,economy,3603,0.18,0.152,0,3,563
2024-07-25,NORTH-02,standard,5715,0.149,0.155,0,3,319
2024-07-25,NORTH-02,priority,5356,0.137,0.15,0,3,437
2024-07-25,NORTH-02,economy,4745,0.207,0.206,0,3,350
2024-07-25,CENTRAL-01,standard,6635,0.151,0.23,0,3,360
2024-07-25,CENTRAL-01,priority,5776,0.157,0.141,0,3,346
2024-07-25,CENTRAL-01,economy,5618,0.113,0.211,0,3,562
2024-07-25,SOUTH-01,standard,6133,0.108,0.203,0,3,463
2024-07-25,SOUTH-01,priority,6382,0.005,0.071,0,3,296
2024-07-25,SOUTH-01,economy,5903,0.089,0.111,0,3,245
2024-07-25,SOUTH-02,standard,7546,0.174,0.12,0,3,508
2024-07-25,SOUTH-02,priority,6623,0.0,0.234,0,3,407
2024-07-25,SOUTH-02,economy,7203,0.067,0.18,0,3,411
2024-07-25,WEST-01,standard,7073,0.125,0.131,0,3,566
2024-07-25,WEST-01,priority,6478,0.218,0.066,0,3,376
2024-07-25,WEST-01,economy,6675,0.292,0.058,0,3,369
2024-07-26,NORTH-01,standard,6303,0.068,0.113,0,4,202
2024-07-26,NORTH-01,priority,5160,0.092,0.226,0,4,239
2024-07-26,NORTH-01,economy,4411,0.296,0.231,0,4,238
2024-07-26,NORTH-02,standard,5472,0.125,0.173,0,4,503
2024-07-26,NORTH-02,priority,5267,0.384,0.131,0,4,480
2024-07-26,NORTH-02,economy,3920,0.415,0.275,0,4,259
2024-07-26,CENTRAL-01,standard,7020,0.24,0.11,0,4,586
2024-07-26,CENTRAL-01,priority,5512,0.082,0.137,0,4,321
2024-07-26,CENTRAL-01,economy,4881,0.153,0.226,0,4,12
2024-07-26,SOUTH-01,standard,6589,0.0,0.068,0,4,400
2024-07-26,SOUTH-01,priority,5790,0.05,0.053,0,4,219
2024-07-26,SOUTH-01,economy,5854,0.113,0.102,0,4,236
2024-07-26,SOUTH-02,standard,7559,0.137,0.106,0,4,388
2024-07-26,SOUTH-02,priority,6365,0.306,0.058,0,4,301
2024-07-26,SOUTH-02,economy,6848,0.033,0.145,0,4,283
2024-07-26,WEST-01,standard,6934,0.165,0.045,0,4,293
2024-07-26,WEST-01,priority,6958,0.126,0.118,0,4,190
2024-07-26,WEST-01,economy,5972,0.105,0.19,0,4,316
2024-07-27,NORTH-01,standard,5550,0.215,0.087,0,5,163
2024-07-27,NORTH-01,priority,4860,0.287,0.179,0,5,460
2024-07-27,NORTH-01,economy,4826,0.14,0.101,0,5,545
2024-07-27,NORTH-02,standard,6449,0.097,0.141,0,5,364
2024-07-27,NORTH-02,priority,5104,0.251,0.212,0,5,383
2024-07-27,NORTH-02,economy,4170,0.179,0.053,0,5,226
2024-07-27,CENTRAL-01,standard,6687,0.291,0.227,0,5,433
2024-07-27,CENTRAL-01,priority,5911,0.23,0.172,0,5,414
2024-07-27,CENTRAL-01,economy,4777,0.011,0.087,0,5,456
2024-07-27,SOUTH-01,standard,7097,0.378,0.0,0,5,403
2024-07-27,SOUTH-01,priority,6732,0.302,0.191,0,5,407
2024-07-27,SOUTH-01,economy,5919,0.016,0.142,0,5,331
2024-07-27,SOUTH-02,standard,6908,0.259,0.145,0,5,256
2024-07-27,SOUTH-02,priority,5856,0.133,0.166,0,5,262
2024-07-27,SOUTH-02,economy,6599,0.0,0.101,0,5,235
2024-07-27,WEST-01,standard,8486,0.264,0.378,0,5,450
2024-07-27,WEST-01,priority,6156,0.283,0.04,0,5,368
2024-07-27,WEST-01,economy,6254,0.228,0.238,0,5,390
2024-07-28,NORTH-01,standard,5457,0.199,0.139,0,6,241
2024-07-28,NORTH-01,priority,4702,0.214,0.166,0,6,400
2024-07-28,NORTH-01,economy,3797,0.303,0.204,0,6,305
2024-07-28,NORTH-02,standard,5675,0.071,0.158,0,6,503
2024-07-28,NORTH-02,priority,5800,0.274,0.242,0,6,321
2024-07-28,NORTH-02,economy,4858,0.129,0.289,0,6,163
2024-07-28,CENTRAL-01,standard,6916,0.301,0.162,0,6,416
2024-07-28,CENTRAL-01,priority,5266,0.178,0.272,0,6,267
2024-07-28,CENTRAL-01,economy,5413,0.074,0.0,0,6,275
2024-07-28,SOUTH-01,standard,7004,0.289,0.181,0,6,335
2024-07-28,SOUTH-01,priority,6665,0.088,0.157,0,6,373
2024-07-28,SOUTH-01,economy,5609,0.096,0.054,0,6,281
2024-07-28,SOUTH-02,standard,7035,0.171,0.131,0,6,426
2024-07-28,SOUTH-02,priority,7073,0.247,0.307,0,6,583
2024-07-28,SOUTH-02,economy,5920,0.082,0.022,0,6,460
2024-07-28,WEST-01,standard,6648,0.264,0.247,0,6,529
2024-07-28,WEST-01,priority,7161,0.22,0.026,0,6,415
2024-07-28,WEST-01,economy,6667,0.226,0.23,0,6,203
2024-07-29,NORTH-01,standard,6545,0.163,0.021,0,0,544
2024-07-29,NORTH-01,priority,5495,0.031,0.096,0,0,290
2024-07-29,NORTH-01,economy,5364,0.229,0.115,0,0,468
2024-07-29,NORTH-02,standard,7200,0.312,0.061,0,0,571
2024-07-29,NORTH-02,priority,5730,0.366,0.137,0,0,233
2024-07-29,NORTH-02,economy,6085,0.048,0.151,0,0,519
2024-07-29,CENTRAL-01,standard,7284,0.122,0.147,0,0,322
2024-07-29,CENTRAL-01,priority,6675,0.268,0.179,0,0,423
2024-07-29,CENTRAL-01,economy,5681,0.254,0.198,0,0,457
2024-07-29,SOUTH-01,standard,7736,0.211,0.115,0,0,453
2024-07-29,SOUTH-01,priority,7424,0.31,0.066,0,0,405
2024-07-29,SOUTH-01,economy,6049,0.119,0.107,0,0,152
2024-07-29,SOUTH-02,standard,7585,0.261,0.308,0,0,293
2024-07-29,SOUTH-02,priority,7784,0.27,0.146,0,0,401
2024-07-29,SOUTH-02,economy,5939,0.11,0.132,0,0,220
2024-07-29,WEST-01,standard,9176,0.294,0.245,0,0,508
2024-07-29,WEST-01,priority,8604,0.0,0.099,0,0,632
2024-07-29,WEST-01,economy,6609,0.344,0.131,0,0,373
2024-07-30,NORTH-01,standard,6671,0.182,0.275,0,1,382
2024-07-30,NORTH-01,priority,6096,0.189,0.182,0,1,275
2024-07-30,NORTH-01,economy,4742,0.053,0.26,0,1,518
2024-07-30,NORTH-02,standard,7362,0.0,0.103,0,1,400
2024-07-30,NORTH-02,priority,6443,0.022,0.184,0,1,347
2024-07-30,NORTH-02,economy,5430,0.105,0.147,0,1,635
2024-07-30,CENTRAL-01,standard,7041,0.151,0.12,0,1,604
2024-07-30,CENTRAL-01,priority,6758,0.0,0.179,0,1,211
2024-07-30,CENTRAL-01,economy,5798,0.082,0.175,0,1,385
2024-07-30,SOUTH-01,standard,6930,0.387,0.164,0,1,286
2024-07-30,SOUTH-01,priority,7150,0.146,0.122,0,1,431
2024-07-30,SOUTH-01,economy,5799,0.388,0.15,0,1,492
2024-07-30,SOUTH-02,standard,7924,0.332,0.169,0,1,492
2024-07-30,SOUTH-02,priority,7592,0.155,0.0,0,1,514
2024-07-30,SOUTH-02,economy,6767,0.353,0.092,0,1,412
2024-07-30,WEST-01,standard,8588,0.19,0.159,0,1,463
2024-07-30,WEST-01,priority,7675,0.269,0.248,0,1,389
2024-07-30,WEST-01,economy,6641,0.129,0.105,0,1,382
2024-07-31,NORTH-01,standard,5451,0.238,0.138,0,2,393
2024-07-31,NORTH-01,priority,4215,0.349,0.116,0,2,295
2024-07-31,NORTH-01,economy,4235,0.406,0.057,0,2,445
2024-07-31,NORTH-02,standard,6408,0.0,0.183,0,2,340
2024-07-31,NORTH-02,priority,5205,0.102,0.103,0,2,299
2024-07-31,NORTH-02,economy,5230,0.121,0.122,0,2,191
2024-07-31,CENTRAL-01,standard,6584,0.0,0.247,0,2,330
2024-07-31,CENTRAL-01,priority,5575,0.167,0.167,0,2,407
2024-07-31,CENTRAL-01,economy,4285,0.065,0.126,0,2,449
2024-07-31,SOUTH-01,standard,7098,0.159,0.204,0,2,458
2024-07-31,SOUTH-01,priority,5828,0.179,0.181,0,2,214
2024-07-31,SOUTH-01,economy,6113,0.168,0.096,0,2,408
2024-07-31,SOUTH-02,standard,7348,0.094,0.128,0,2,392
2024-07-31,SOUTH-02,priority,6015,0.213,0.155,0,2,102
2024-07-31,SOUTH-02,economy,5946,0.135,0.195,0,2,506
2024-07-31,WEST-01,standard,8296,0.174,0.259,0,2,555
2024-07-31,WEST-01,priority,7697,0.036,0.151,0,2,443
2024-07-31,WEST-01,economy,7039,0.247,0.039,0,2,296
2024-08-01,NORTH-01,standard,4622,0.0,0.122,0,3,188
2024-08-01,NORTH-01,priority,3989,0.487,0.12,0,3,302
2024-08-01,NORTH-01,economy,4093,0.072,0.219,0,3,335
2024-08-01,NORTH-02,standard,6549,0.042,0.358,0,3,359
2024-08-01,NORTH-02,priority,4990,0.145,0.106,0,3,235
2024-08-01,NORTH-02,economy,3582,0.381,0.106,0,3,147
2024-08-01,CENTRAL-01,standard,6201,0.291,0.13,0,3,506
2024-08-01,CENTRAL-01,priority,5630,0.087,0.201,0,3,418
2024-08-01,CENTRAL-01,economy,5506,0.133,0.131,0,3,434
2024-08-01,SOUTH-01,standard,7456,0.16,0.112,0,3,474
2024-08-01,SOUTH-01,priority,6601,0.133,0.098,0,3,391
2024-08-01,SOUTH-01,economy,5744,0.16,0.159,0,3,345
2024-08-01,SOUTH-02,standard,7463,0.324,0.251,0,3,568
2024-08-01,SOUTH-02,priority,7113,0.181,0.205,0,3,515
2024-08-01,SOUTH-02,economy,6789,0.29,0.2,0,3,318
2024-08-01,WEST-01,standard,7514,0.161,0.133,0,3,166
2024-08-01,WEST-01,priority,6873,0.345,0.068,0,3,215
2024-08-01,WEST-01,economy,5811,0.254,0.087,0,3,377
2024-08-02,NORTH-01,standard,5615,0.096,0.104,0,4,444
2024-08-02,NORTH-01,priority,4904,0.082,0.071,0,4,391
2024-08-02,NORTH-01,economy,3886,0.356,0.064,0,4,437
2024-08-02,NORTH-02,standard,5332,0.417,0.071,0,4,385
2024-08-02,NORTH-02,priority,5424,0.111,0.089,0,4,528
2024-08-02,NORTH-02,economy,4764,0.023,0.27,0,4,364
2024-08-02,CENTRAL-01,standard,6120,0.371,0.176,0,4,449
2024-08-02,CENTRAL-01,priority,5749,0.159,0.192,0,4,455
2024-08-02,CENTRAL-01,economy,4602,0.013,0.069,0,4,311
2024-08-02,SOUTH-01,standard,6442,0.0,0.095,0,4,550
2024-08-02,SOUTH-01,priority,6277,0.061,0.047,0,4,570
2024-08-02,SOUTH-01,economy,6125,0.166,0.147,0,4,469
2024-08-02,SOUTH-02,standard,7332,0.231,0.103,0,4,236
2024-08-02,SOUTH-02,priority,7382,0.105,0.265,0,4,453
2024-08-02,SOUTH-02,economy,5760,0.0,0.053,0,4,332
2024-08-02,WEST-01,standard,8527,0.03,0.13,0,4,483
2024-08-02,WEST-01,priority,6241,0.206,0.069,0,4,219
2024-08-02,WEST-01,economy,6765,0.0,0.156,0,4,267
2024-08-03,NORTH-01,standard,6479,0.198,0.268,0,5,466
2024-08-03,NORTH-01,priority,5566,0.159,0.209,0,5,106
2024-08-03,NORTH-01,economy,3847,0.358,0.106,0,5,252
2024-08-03,NORTH-02,standard,5691,0.218,0.061,0,5,413
2024-08-03,NORTH-02,priority,5214,0.206,0.18,0,5,419
2024-08-03,NORTH-02,economy,4881,0.307,0.23,0,5,439
2024-08-03,CENTRAL-01,standard,7071,0.285,0.364,0,5,381
2024-08-03,CENTRAL-01,priority,5699,0.071,0.129,0,5,412
2024-08-03,CENTRAL-01,economy,4757,0.096,0.245,0,5,126
2024-08-03,SOUTH-01,standard,6218,0.164,0.083,0,5,290
2024-08-03,SOUTH-01,priority,6019,0.089,0.151,0,5,295
2024-08-03,SOUTH-01,economy,6296,0.179,0.231,0,5,386
2024-08-03,SOUTH-02,standard,7405,0.207,0.135,0,5,448
2024-08-03,SOUTH-02,priority,6197,0.339,0.0,0,5,406
2024-08-03,SOUTH-02,economy,5369,0.177,0.075,0,5,437
2024-08-03,WEST-01,standard,7942,0.089,0.01,0,5,473
2024-08-03,WEST-01,priority,6929,0.166,0.077,0,5,533
2024-08-03,WEST-01,economy,6178,0.0,0.025,0,5,362
2024-08-04,NORTH-01,standard,6103,0.12,0.201,0,6,396
2024-08-04,NORTH-01,priority,4878,0.247,0.172,0,6,171
2024-08-04,NORTH-01,economy,4201,0.057,0.042,0,6,333
2024-08-04,NORTH-02,standard,5754,0.006,0.156,0,6,224
2024-08-04,NORTH-02,priority,5548,0.105,0.06,0,6,326
2024-08-04,NORTH-02,economy,4415,0.278,0.115,0,6,537
2024-08-04,CENTRAL-01,standard,7373,0.0,0.253,0,6,493
2024-08-04,CENTRAL-01,priority,5811,0.14,0.264,0,6,269
2024-08-04,CENTRAL-01,economy,4735,0.133,0.104,0,6,455
2024-08-04,SOUTH-01,standard,6292,0.087,0.148,0,6,372
2024-08-04,SOUTH-01,priority,6158,0.041,0.056,0,6,491
2024-08-04,SOUTH-01,economy,5526,0.233,0.191,0,6,305
2024-08-04,SOUTH-02,standard,7456,0.275,0.105,0,6,551
2024-08-04,SOUTH-02,priority,6420,0.079,0.094,0,6,196
2024-08-04,SOUTH-02,economy,5749,0.124,0.254,0,6,511
2024-08-04,WEST-01,standard,7649,0.128,0.319,0,6,392
2024-08-04,WEST-01,priority,7649,0.071,0.095,0,6,466
2024-08-04,WEST-01,economy,6470,0.303,0.045,0,6,257
2024-08-05,NORTH-01,standard,6693,0.02,0.169,0,0,387
2024-08-05,NORTH-01,priority,6436,0.266,0.22,0,0,230
2024-08-05,NORTH-01,economy,5061,0.36,0.301,0,0,131
2024-08-05,NORTH-02,standard,7808,0.014,0.113,0,0,416
2024-08-05,NORTH-02,priority,5681,0.106,0.095,0,0,455
2024-08-05,NORTH-02,economy,6103,0.169,0.318,0,0,462
2024-08-05,CENTRAL-01,standard,6839,0.151,0.063,0,0,220
2024-08-05,CENTRAL-01,priority,6932,0.289,0.119,0,0,404
2024-08-05,CENTRAL-01,economy,6090,0.145,0.056,0,0,336
2024-08-05,SOUTH-01,standard,7809,0.288,0.093,0,0,611
2024-08-05,SOUTH-01,priority,7388,0.213,0.213,0,0,629
2024-08-05,SOUTH-01,economy,6493,0.225,0.206,0,0,281
2024-08-05,SOUTH-02,standard,7982,0.035,0.251,0,0,508
2024-08-05,SOUTH-02,priority,7359,0.23,0.223,0,0,305
2024-08-05,SOUTH-02,economy,6322,0.225,0.127,0,0,602
2024-08-05,WEST-01,standard,8463,0.085,0.071,0,0,584
2024-08-05,WEST-01,priority,7855,0.0,0.244,0,0,447
2024-08-05,WEST-01,economy,7663,0.099,0.309,0,0,324
2024-08-06,NORTH-01,standard,6546,0.144,0.157,0,1,429
2024-08-06,NORTH-01,priority,5530,0.18,0.04,0,1,418
2024-08-06,NORTH-01,economy,5343,0.1,0.204,0,1,314
2024-08-06,NORTH-02,standard,6274,0.323,0.011,0,1,516
2024-08-06,NORTH-02,priority,6292,0.4,0.333,0,1,423
2024-08-06,NORTH-02,economy,5791,0.278,0.252,0,1,464
2024-08-06,CENTRAL-01,standard,6907,0.235,0.192,0,1,347
2024-08-06,CENTRAL-01,priority,5914,0.117,0.055,0,1,306
2024-08-06,CENTRAL-01,economy,6323,0.148,0.158,0,1,392
2024-08-06,SOUTH-01,standard,8025,0.149,0.077,0,1,408
2024-08-06,SOUTH-01,priority,6821,0.128,0.135,0,1,320
2024-08-06,SOUTH-01,economy,6788,0.113,0.127,0,1,432
2024-08-06,SOUTH-02,standard,8926,0.366,0.247,0,1,514
2024-08-06,SOUTH-02,priority,7770,0.245,0.111,0,1,334
2024-08-06,SOUTH-02,economy,6697,0.004,0.272,0,1,433
2024-08-06,WEST-01,standard,9318,0.074,0.24,0,1,523
2024-08-06,WEST-01,priority,8765,0.33,0.151,0,1,532
2024-08-06,WEST-01,economy,7380,0.072,0.156,0,1,371
2024-08-07,NORTH-01,standard,5150,0.0,0.181,0,2,31
2024-08-07,NORTH-01,priority,4511,0.139,0.09,0,2,0
2024-08-07,NORTH-01,economy,4100,0.078,0.136,0,2,349
2024-08-07,NORTH-02,standard,6294,0.347,0.191,0,2,501
2024-08-07,NORTH-02,priority,5914,0.058,0.185,0,2,305
2024-08-07,NORTH-02,economy,4238,0.085,0.192,0,2,176
2024-08-07,CENTRAL-01,standard,6601,0.1,0.186,0,2,501
2024-08-07,CENTRAL-01,priority,5994,0.069,0.072,0,2,263
2024-08-07,CENTRAL-01,economy,5153,0.108,0.001,0,2,519
2024-08-07,SOUTH-01,standard,7010,0.056,0.232,0,2,178
2024-08-07,SOUTH-01,priority,6070,0.073,0.073,0,2,412
2024-08-07,SOUTH-01,economy,5035,0.402,0.036,0,2,223
2024-08-07,SOUTH-02,standard,7399,0.028,0.158,0,2,184
2024-08-07,SOUTH-02,priority,6514,0.182,0.054,0,2,527
2024-08-07,SOUTH-02,economy,5757,0.236,0.164,0,2,360
2024-08-07,WEST-01,standard,7626,0.248,0.187,0,2,434
2024-08-07,WEST-01,priority,7428,0.022,0.091,0,2,503
2024-08-07,WEST-01,economy,6793,0.191,0.268,0,2,355
2024-08-08,NORTH-01,standard,6132,0.034,0.265,0,3,579
2024-08-08,NORTH-01,priority,4011,0.44,0.047,0,3,0
2024-08-08,NORTH-01,economy,4301,0.29,0.203,0,3,161
2024-08-08,NORTH-02,standard,6320,0.169,0.165,0,3,402
2024-08-08,NORTH-02,priority,5755,0.26,0.14,0,3,428
2024-08-08,NORTH-02,economy,5505,0.038,0.261,0,3,401
2024-08-08,CENTRAL-01,standard,5843,0.214,0.283,0,3,504
2024-08-08,CENTRAL-01,priority,5985,0.123,0.238,0,3,210
2024-08-08,CENTRAL-01,economy,5221,0.12,0.232,0,3,262
2024-08-08,SOUTH-01,standard,7690,0.105,0.201,0,3,153
2024-08-08,SOUTH-01,priority,6165,0.516,0.166,0,3,312
2024-08-08,SOUTH-01,economy,5162,0.18,0.165,0,3,238
2024-08-08,SOUTH-02,standard,7155,0.322,0.026,0,3,350
2024-08-08,SOUTH-02,priority,6533,0.065,0.308,0,3,240
2024-08-08,SOUTH-02,economy,5959,0.158,0.089,0,3,377
2024-08-08,WEST-01,standard,7350,0.208,0.14,0,3,477
2024-08-08,WEST-01,priority,7647,0.167,0.11,0,3,394
2024-08-08,WEST-01,economy,6989,0.311,0.248,0,3,472
2024-08-09,NORTH-01,standard,5426,0.18,0.145,0,4,82
2024-08-09,NORTH-01,priority,5208,0.266,0.17,0,4,322
2024-08-09,NORTH-01,economy,3594,0.26,0.04,0,4,0
2024-08-09,NORTH-02,standard,5522,0.164,0.088,0,4,385
2024-08-09,NORTH-02,priority,6316,0.129,0.035,0,4,365
2024-08-09,NORTH-02,economy,4702,0.05,0.096,0,4,300
2024-08-09,CENTRAL-01,standard,7025,0.336,0.144,0,4,338
2024-08-09,CENTRAL-01,priority,6333,0.231,0.232,0,4,527
2024-08-09,CENTRAL-01,economy,4142,0.147,0.15,0,4,280
2024-08-09,SOUTH-01,standard,6760,0.311,0.222,0,4,586
2024-08-09,SOUTH-01,priority,5978,0.134,0.093,0,4,224
2024-08-09,SOUTH-01,economy,5802,0.255,0.173,0,4,304
2024-08-09,SOUTH-02,standard,7231,0.173,0.0,0,4,408
2024-08-09,SOUTH-02,priority,6634,0.048,0.142,0,4,590
2024-08-09,SOUTH-02,economy,5704,0.053,0.177,0,4,284
2024-08-09,WEST-01,standard,7631,0.213,0.133,0,4,448
2024-08-09,WEST-01,priority,7078,0.121,0.221,0,4,380
2024-08-09,WEST-01,economy,6699,0.223,0.168,0,4,419
2024-08-10,NORTH-01,standard,5004,0.236,0.124,0,5,158
2024-08-10,NORTH-01,priority,4325,0.0,0.291,0,5,452
2024-08-10,NORTH-01,economy,3578,0.081,0.245,0,5,259
2024-08-10,NORTH-02,standard,5738,0.354,0.207,0,5,118
2024-08-10,NORTH-02,priority,5481,0.021,0.261,0,5,335
2024-08-10,NORTH-02,economy,4736,0.214,0.046,0,5,271
2024-08-10,CENTRAL-01,standard,5646,0.215,0.104,0,5,298
2024-08-10,CENTRAL-01,priority,5759,0.257,0.182,0,5,460
2024-08-10,CENTRAL-01,economy,4982,0.156,0.155,0,5,444
2024-08-10,SOUTH-01,standard,6113,0.215,0.105,0,5,495
2024-08-10,SOUTH-01,priority,7281,0.091,0.156,0,5,494
2024-08-10,SOUTH-01,economy,5808,0.373,0.107,0,5,357
2024-08-10,SOUTH-02,standard,7301,0.224,0.312,0,5,401
2024-08-10,SOUTH-02,priority,6587,0.072,0.221,0,5,500
2024-08-10,SOUTH-02,economy,5962,0.0,0.194,0,5,446
2024-08-10,WEST-01,standard,7471,0.178,0.107,0,5,302
2024-08-10,WEST-01,priority,6758,0.281,0.066,0,5,424
2024-08-10,WEST-01,economy,6169,0.374,0.149,0,5,397
2024-08-11,NORTH-01,standard,5422,0.0,0.054,0,6,257
2024-08-11,NORTH-01,priority,5274,0.0,0.219,0,6,355
2024-08-11,NORTH-01,economy,4596,0.097,0.156,0,6,286
2024-08-11,NORTH-02,standard,5881,0.233,0.086,0,6,493
2024-08-11,NORTH-02,priority,5467,0.328,0.256,0,6,347
2024-08-11,NORTH-02,economy,4030,0.126,0.005,0,6,280
2024-08-11,CENTRAL-01,standard,7102,0.167,0.263,0,6,310
2024-08-11,CENTRAL-01,priority,5928,0.278,0.112,0,6,454
2024-08-11,CENTRAL-01,economy,5400,0.329,0.111,0,6,117
2024-08-11,SOUTH-01,standard,6683,0.336,0.148,0,6,135
2024-08-11,SOUTH-01,priority,6206,0.133,0.258,0,6,451
2024-08-11,SOUTH-01,economy,5770,0.184,0.235,0,6,241
2024-08-11,SOUTH-02,standard,7620,0.187,0.278,0,6,394
2024-08-11,SOUTH-02,priority,6853,0.451,0.243,0,6,423
2024-08-11,SOUTH-02,economy,5098,0.268,0.211,0,6,380
2024-08-11,WEST-01,standard,7573,0.161,0.11,0,6,220
2024-08-11,WEST-01,priority,7548,0.0,0.25,0,6,116
2024-08-11,WEST-01,economy,6480,0.111,0.22,0,6,523
2024-08-12,NORTH-01,standard,6129,0.306,0.041,0,0,310
2024-08-12,NORTH-01,priority,5485,0.013,0.034,0,0,267
2024-08-12,NORTH-01,economy,5488,0.214,0.234,0,0,434
2024-08-12,NORTH-02,standard,6895,0.148,0.198,0,0,333
2024-08-12,NORTH-02,priority,5069,0.408,0.0,0,0,377
2024-08-12,NORTH-02,economy,5071,0.148,0.035,0,0,221
2024-08-12,CENTRAL-01,standard,8012,0.287,0.247,0,0,229
2024-08-12,CENTRAL-01,priority,7224,0.016,0.035,0,0,446
2024-08-12,CENTRAL-01,economy,6049,0.19,0.168,0,0,226
2024-08-12,SOUTH-01,standard,7150,0.242,0.135,0,0,463
2024-08-12,SOUTH-01,priority,7125,0.129,0.168,0,0,500
2024-08-12,SOUTH-01,economy,6512,0.206,0.079,0,0,417
2024-08-12,SOUTH-02,standard,7948,0.241,0.233,0,0,498
2024-08-12,SOUTH-02,priority,7573,0.0,0.14,0,0,580
2024-08-12,SOUTH-02,economy,6256,0.161,0.199,0,0,325
2024-08-12,WEST-01,standard,8648,0.078,0.348,0,0,448
2024-08-12,WEST-01,priority,7575,0.195,0.023,0,0,455
2024-08-12,WEST-01,economy,6914,0.19,0.0,0,0,509
2024-08-13,NORTH-01,standard,6084,0.251,0.247,0,1,516
2024-08-13,NORTH-01,priority,5985,0.175,0.277,0,1,113
2024-08-13,NORTH-01,economy,4906,0.282,0.115,0,1,152
2024-08-13,NORTH-02,standard,7304,0.375,0.108,0,1,347
2024-08-13,NORTH-02,priority,6451,0.069,0.256,0,1,365
2024-08-13,NORTH-02,economy,5903,0.026,0.113,0,1,201
2024-08-13,CENTRAL-01,standard,7344,0.115,0.116,0,1,577
2024-08-13,CENTRAL-01,priority,7797,0.144,0.095,0,1,361
2024-08-13,CENTRAL-01,economy,5929,0.157,0.121,0,1,367
2024-08-13,SOUTH-01,standard,8123,0.29,0.182,0,1,548
2024-08-13,SOUTH-01,priority,7591,0.205,0.18,0,1,274
2024-08-13,SOUTH-01,economy,6022,0.48,0.109,0,1,215
2024-08-13,SOUTH-02,standard,9339,0.038,0.228,0,1,392
2024-08-13,SOUTH-02,priority,7945,0.222,0.168,0,1,684
2024-08-13,SOUTH-02,economy,6954,0.363,0.131,0,1,463
2024-08-13,WEST-01,standard,8147,0.178,0.062,0,1,562
2024-08-13,WEST-01,priority,7924,0.33,0.133,0,1,561
2024-08-13,WEST-01,economy,8315,0.0,0.114,0,1,465
2024-08-14,NORTH-01,standard,6104,0.044,0.159,0,2,57
2024-08-14,NORTH-01,priority,4175,0.201,0.12,0,2,315
2024-08-14,NORTH-01,economy,4167,0.164,0.148,0,2,182
2024-08-14,NORTH-02,standard,6420,0.005,0.095,0,2,400
2024-08-14,NORTH-02,priority,5098,0.172,0.067,0,2,421
2024-08-14,NORTH-02,economy,3532,0.241,0.112,0,2,204
2024-08-14,CENTRAL-01,standard,6189,0.122,0.077,0,2,463
2024-08-14,CENTRAL-01,priority,5251,0.176,0.229,0,2,300
2024-08-14,CENTRAL-01,economy,4842,0.0,0.116,0,2,479
2024-08-14,SOUTH-01,standard,6708,0.229,0.231,0,2,258
2024-08-14,SOUTH-01,priority,7112,0.054,0.171,0,2,442
2024-08-14,SOUTH-01,economy,5600,0.135,0.135,0,2,591
2024-08-14,SOUTH-02,standard,7200,0.328,0.171,0,2,431
2024-08-14,SOUTH-02,priority,6192,0.239,0.117,0,2,489
2024-08-14,SOUTH-02,economy,6805,0.183,0.226,0,2,446
2024-08-14,WEST-01,standard,8060,0.223,0.406,0,2,290
2024-08-14,WEST-01,priority,6713,0.146,0.274,0,2,291
2024-08-14,WEST-01,economy,6258,0.313,0.128,0,2,496
2024-08-15,NORTH-01,standard,4890,0.094,0.033,0,3,396
2024-08-15,NORTH-01,priority,4339,0.211,0.095,0,3,277
2024-08-15,NORTH-01,economy,3820,0.314,0.083,0,3,151
2024-08-15,NORTH-02,standard,6935,0.136,0.177,0,3,414
2024-08-15,NORTH-02,priority,5737,0.174,0.219,0,3,282
2024-08-15,NORTH-02,economy,4581,0.456,0.148,0,3,383
2024-08-15,CENTRAL-01,standard,6270,0.222,0.272,0,3,462
2024-08-15,CENTRAL-01,priority,5773,0.2,0.229,0,3,311
2024-08-15,CENTRAL-01,economy,4775,0.268,0.179,0,3,484
2024-08-15,SOUTH-01,standard,6550,0.268,0.144,0,3,420
2024-08-15,SOUTH-01,priority,6140,0.259,0.022,0,3,442
2024-08-15,SOUTH-01,economy,6066,0.0,0.166,0,3,431
2024-08-15,SOUTH-02,standard,6707,0.276,0.124,0,3,165
2024-08-15,SOUTH-02,priority,7086,0.311,0.206,0,3,305
2024-08-15,SOUTH-02,economy,5421,0.276,0.03,0,3,357
2024-08-15,WEST-01,standard,7688,0.26,0.284,0,3,306
2024-08-15,WEST-01,priority,8036,0.07,0.095,0,3,511
2024-08-15,WEST-01,economy,6308,0.314,0.131,0,3,453
2024-08-16,NORTH-01,standard,5286,0.119,0.127,0,4,284
2024-08-16,NORTH-01,priority,4957,0.186,0.084,0,4,362
2024-08-16,NORTH-01,economy,4285,0.158,0.084,0,4,247
2024-08-16,NORTH-02,standard,5553,0.186,0.238,0,4,607
2024-08-16,NORTH-02,priority,5087,0.171,0.183,0,4,469
2024-08-16,NORTH-02,economy,4467,0.165,0.118,0,4,281
2024-08-16,CENTRAL-01,standard,6360,0.23,0.164,0,4,285
2024-08-16,CENTRAL-01,priority,6014,0.088,0.113,0,4,439
2024-08-16,CENTRAL-01,economy,5239,0.276,0.15,0,4,316
2024-08-16,SOUTH-01,standard,6817,0.0,0.133,0,4,259
2024-08-16,SOUTH-01,priority,5813,0.112,0.161,0,4,269
2024-08-16,SOUTH-01,economy,5190,0.366,0.022,0,4,195
2024-08-16,SOUTH-02,standard,6911,0.09,0.134,0,4,456
2024-08-16,SOUTH-02,priority,7013,0.342,0.217,0,4,224
2024-08-16,SOUTH-02,economy,6463,0.151,0.187,0,4,584
2024-08-16,WEST-01,standard,8775,0.308,0.222,0,4,454
2024-08-16,WEST-01,priority,6739,0.145,0.164,0,4,390
2024-08-16,WEST-01,economy,6515,0.0,0.108,0,4,489
2024-08-17,NORTH-01,standard,6201,0.313,0.073,0,5,383
2024-08-17,NORTH-01,priority,4477,0.209,0.021,0,5,440
2024-08-17,NORTH-01,economy,4393,0.2,0.159,0,5,138
2024-08-17,NORTH-02,standard,6583,0.168,0.263,0,5,362
2024-08-17,NORTH-02,priority,4653,0.368,0.049,0,5,543
2024-08-17,NORTH-02,economy,4621,0.249,0.127,0,5,221
2024-08-17,CENTRAL-01,standard,6404,0.213,0.166,0,5,232
2024-08-17,CENTRAL-01,priority,5290,0.212,0.108,0,5,490
2024-08-17,CENTRAL-01,economy,5399,0.44,0.305,0,5,310
2024-08-17,SOUTH-01,standard,6707,0.172,0.182,0,5,539
2024-08-17,SOUTH-01,priority,6684,0.0,0.126,0,5,279
2024-08-17,SOUTH-01,economy,6319,0.151,0.197,0,5,214
2024-08-17,SOUTH-02,standard,6673,0.016,0.074,0,5,204
2024-08-17,SOUTH-02,priority,6743,0.063,0.249,0,5,386
2024-08-17,SOUTH-02,economy,6980,0.065,0.201,0,5,282
2024-08-17,WEST-01,standard,7553,0.387,0.179,0,5,454
2024-08-17,WEST-01,priority,7438,0.227,0.299,0,5,468
2024-08-17,WEST-01,economy,6183,0.129,0.217,0,5,378
2024-08-18,NORTH-01,standard,5146,0.526,0.0,0,6,366
2024-08-18,NORTH-01,priority,4970,0.153,0.134,0,6,298
2024-08-18,NORTH-01,economy,5084,0.207,0.111,0,6,302
2024-08-18,NORTH-02,standard,6240,0.248,0.096,0,6,455
2024-08-18,NORTH-02,priority,4893,0.23,0.068,0,6,529
2024-08-18,NORTH-02,economy,4487,0.088,0.201,0,6,435
2024-08-18,CENTRAL-01,standard,6086,0.098,0.073,0,6,296
2024-08-18,CENTRAL-01,priority,5290,0.229,0.156,0,6,335
2024-08-18,CENTRAL-01,economy,5702,0.043,0.201,0,6,348
2024-08-18,SOUTH-01,standard,6917,0.213,0.29,0,6,274
2024-08-18,SOUTH-01,priority,5953,0.25,0.059,0,6,286
2024-08-18,SOUTH-01,economy,6026,0.096,0.13,0,6,493
2024-08-18,SOUTH-02,standard,7092,0.291,0.177,0,6,109
2024-08-18,SOUTH-02,priority,5612,0.224,0.0,0,6,328
2024-08-18,SOUTH-02,economy,6598,0.212,0.114,0,6,433
2024-08-18,WEST-01,standard,8520,0.15,0.261,0,6,497
2024-08-18,WEST-01,priority,6498,0.087,0.106,0,6,369
2024-08-18,WEST-01,economy,6647,0.054,0.124,0,6,141
2024-08-19,NORTH-01,standard,6512,0.028,0.109,0,0,316
2024-08-19,NORTH-01,priority,5178,0.148,0.094,0,0,271
2024-08-19,NORTH-01,economy,5247,0.154,0.125,0,0,387
2024-08-19,NORTH-02,standard,6080,0.262,0.099,0,0,514
2024-08-19,NORTH-02,priority,6238,0.226,0.074,0,0,495
2024-08-19,NORTH-02,economy,5922,0.388,0.17,0,0,212
2024-08-19,CENTRAL-01,standard,7423,0.176,0.123,0,0,596
2024-08-19,CENTRAL-01,priority,6037,0.21,0.075,0,0,558
2024-08-19,CENTRAL-01,economy,5913,0.242,0.186,0,0,389
2024-08-19,SOUTH-01,standard,7390,0.062,0.181,0,0,358
2024-08-19,SOUTH-01,priority,6855,0.103,0.0,0,0,277
2024-08-19,SOUTH-01,economy,7264,0.155,0.15,0,0,434
2024-08-19,SOUTH-02,standard,8548,0.22,0.19,0,0,490
2024-08-19,SOUTH-02,priority,6570,0.214,0.207,0,0,627
2024-08-19,SOUTH-02,economy,6185,0.371,0.167,0,0,510
2024-08-19,WEST-01,standard,8188,0.097,0.193,0,0,692
2024-08-19,WEST-01,priority,7250,0.007,0.156,0,0,392
2024-08-19,WEST-01,economy,7339,0.129,0.241,0,0,536
2024-08-20,NORTH-01,standard,6422,0.057,0.127,0,1,432
2024-08-20,NORTH-01,priority,5974,0.224,0.208,0,1,438
2024-08-20,NORTH-01,economy,6021,0.072,0.181,0,1,159
2024-08-20,NORTH-02,standard,7508,0.239,0.204,0,1,492
2024-08-20,NORTH-02,priority,5983,0.192,0.184,0,1,312
2024-08-20,NORTH-02,economy,6122,0.02,0.269,0,1,253
2024-08-20,CENTRAL-01,standard,7813,0.213,0.243,0,1,303
2024-08-20,CENTRAL-01,priority,6519,0.0,0.182,0,1,450
2024-08-20,CENTRAL-01,economy,6811,0.294,0.239,0,1,532
2024-08-20,SOUTH-01,standard,8305,0.39,0.26,0,1,424
2024-08-20,SOUTH-01,priority,7534,0.025,0.349,0,1,553
2024-08-20,SOUTH-01,economy,5629,0.114,0.227,0,1,299
2024-08-20,SOUTH-02,standard,8677,0.168,0.187,0,1,309
2024-08-20,SOUTH-02,priority,8586,0.259,0.248,0,1,522
2024-08-20,SOUTH-02,economy,7621,0.125,0.048,0,1,497
2024-08-20,WEST-01,standard,8049,0.177,0.02,0,1,497
2024-08-20,WEST-01,priority,8020,0.222,0.0,0,1,232
2024-08-20,WEST-01,economy,7040,0.342,0.167,0,1,510
2024-08-21,NORTH-01,standard,5679,0.222,0.256,0,2,367
2024-08-21,NORTH-01,priority,5701,0.146,0.171,0,2,290
2024-08-21,NORTH-01,economy,3285,0.258,0.08,0,2,303
2024-08-21,NORTH-02,standard,5302,0.224,0.141,0,2,375
2024-08-21,NORTH-02,priority,4675,0.212,0.079,0,2,289
2024-08-21,NORTH-02,economy,4342,0.258,0.183,0,2,326
2024-08-21,CENTRAL-01,standard,6225,0.286,0.056,0,2,527
2024-08-21,CENTRAL-01,priority,6725,0.027,0.242,0,2,355
2024-08-21,CENTRAL-01,economy,5233,0.139,0.233,0,2,54
2024-08-21,SOUTH-01,standard,7210,0.168,0.188,0,2,290
2024-08-21,SOUTH-01,priority,6323,0.148,0.228,0,2,186
2024-08-21,SOUTH-01,economy,5904,0.329,0.133,0,2,189
2024-08-21,SOUTH-02,standard,7299,0.165,0.191,0,2,257
2024-08-21,SOUTH-02,priority,7070,0.0,0.272,0,2,532
2024-08-21,SOUTH-02,economy,5856,0.291,0.198,0,2,414
2024-08-21,WEST-01,standard,8354,0.352,0.157,0,2,250
2024-08-21,WEST-01,priority,6998,0.0,0.229,0,2,635
2024-08-21,WEST-01,economy,6847,0.34,0.277,0,2,274
2024-08-22,NORTH-01,standard,5234,0.0,0.27,0,3,527
2024-08-22,NORTH-01,priority,5038,0.26,0.144,0,3,386
2024-08-22,NORTH-01,economy,5061,0.156,0.264,0,3,350
2024-08-22,NORTH-02,standard,5329,0.108,0.254,0,3,393
2024-08-22,NORTH-02,priority,5609,0.269,0.084,0,3,345
2024-08-22,NORTH-02,economy,4442,0.115,0.227,0,3,417
2024-08-22,CENTRAL-01,standard,6622,0.0,0.173,0,3,313
2024-08-22,CENTRAL-01,priority,6186,0.227,0.144,0,3,432
2024-08-22,CENTRAL-01,economy,4955,0.234,0.173,0,3,292
2024-08-22,SOUTH-01,standard,7265,0.21,0.136,0,3,409
2024-08-22,SOUTH-01,priority,6438,0.225,0.038,0,3,303
2024-08-22,SOUTH-01,economy,6173,0.055,0.282,0,3,482
2024-08-22,SOUTH-02,standard,7097,0.235,0.143,0,3,486
2024-08-22,SOUTH-02,priority,7394,0.316,0.145,0,3,378
2024-08-22,SOUTH-02,economy,5302,0.013,0.012,0,3,289
2024-08-22,WEST-01,standard,7784,0.152,0.205,0,3,514
2024-08-22,WEST-01,priority,6837,0.185,0.151,0,3,555
2024-08-22,WEST-01,economy,6578,0.0,0.174,0,3,471
2024-08-23,NORTH-01,standard,5445,0.178,0.151,0,4,510
2024-08-23,NORTH-01,priority,5245,0.18,0.308,0,4,339
2024-08-23,NORTH-01,economy,4139,0.163,0.195,0,4,321
2024-08-23,NORTH-02,standard,6163,0.181,0.176,0,4,413
2024-08-23,NORTH-02,priority,5688,0.191,0.276,0,4,663
2024-08-23,NORTH-02,economy,4530,0.186,0.227,0,4,483
2024-08-23,CENTRAL-01,standard,6425,0.095,0.186,0,4,426
2024-08-23,CENTRAL-01,priority,5626,0.152,0.087,0,4,533
2024-08-23,CENTRAL-01,economy,5455,0.236,0.047,0,4,236
2024-08-23,SOUTH-01,standard,7078,0.269,0.194,0,4,614
2024-08-23,SOUTH-01,priority,6904,0.081,0.199,0,4,309
2024-08-23,SOUTH-01,economy,5792,0.091,0.127,0,4,184
2024-08-23,SOUTH-02,standard,7617,0.246,0.037,0,4,470
2024-08-23,SOUTH-02,priority,6386,0.41,0.204,0,4,275
2024-08-23,SOUTH-02,economy,6503,0.209,0.148,0,4,263
2024-08-23,WEST-01,standard,7528,0.423,0.252,0,4,621
2024-08-23,WEST-01,priority,6653,0.086,0.166,0,4,601
2024-08-23,WEST-01,economy,6215,0.0,0.035,0,4,525
2024-08-24,NORTH-01,standard,5892,0.295,0.16,0,5,342
2024-08-24,NORTH-01,priority,4951,0.231,0.282,0,5,236
2024-08-24,NORTH-01,economy,4385,0.236,0.209,0,5,431
2024-08-24,NORTH-02,standard,6177,0.156,0.16,0,5,399
2024-08-24,NORTH-02,priority,5100,0.374,0.18,0,5,396
2024-08-24,NORTH-02,economy,5016,0.301,0.212,0,5,150
2024-08-24,CENTRAL-01,standard,6889,0.0,0.252,0,5,384
2024-08-24,CENTRAL-01,priority,6507,0.263,0.304,0,5,490
2024-08-24,CENTRAL-01,economy,4193,0.074,0.089,0,5,381
2024-08-24,SOUTH-01,standard,7128,0.313,0.245,0,5,375
2024-08-24,SOUTH-01,priority,6135,0.112,0.084,0,5,246
2024-08-24,SOUTH-01,economy,5203,0.391,0.046,0,5,103
2024-08-24,SOUTH-02,standard,7093,0.216,0.15,0,5,280
2024-08-24,SOUTH-02,priority,6543,0.18,0.106,0,5,611
2024-08-24,SOUTH-02,economy,5875,0.201,0.193,0,5,262
2024-08-24,WEST-01,standard,7838,0.177,0.35,0,5,458
2024-08-24,WEST-01,priority,6656,0.081,0.0,0,5,665
2024-08-24,WEST-01,economy,6419,0.251,0.281,0,5,89
2024-08-25,NORTH-01,standard,5816,0.047,0.182,0,6,353
2024-08-25,NORTH-01,priority,4877,0.116,0.225,0,6,363
2024-08-25,NORTH-01,economy,3889,0.203,0.121,0,6,245
2024-08-25,NORTH-02,standard,6324,0.405,0.239,0,6,275
2024-08-25,NORTH-02,priority,6012,0.007,0.238,0,6,376
2024-08-25,NORTH-02,economy,5005,0.136,0.033,0,6,472
2024-08-25,CENTRAL-01,standard,6935,0.099,0.089,0,6,311
2024-08-25,CENTRAL-01,priority,5431,0.393,0.141,0,6,348
2024-08-25,CENTRAL-01,economy,5703,0.134,0.24,0,6,481
2024-08-25,SOUTH-01,standard,6777,0.202,0.113,0,6,332
2024-08-25,SOUTH-01,priority,6130,0.356,0.23,0,6,252
2024-08-25,SOUTH-01,economy,5399,0.365,0.161,0,6,527
2024-08-25,SOUTH-02,standard,7203,0.119,0.124,0,6,238
2024-08-25,SOUTH-02,priority,6307,0.218,0.089,0,6,284
2024-08-25,SOUTH-02,economy,6120,0.11,0.083,0,6,344
2024-08-25,WEST-01,standard,7872,0.186,0.338,0,6,488
2024-08-25,WEST-01,priority,7118,0.266,0.145,0,6,396
2024-08-25,WEST-01,economy,6179,0.204,0.103,0,6,367
2024-08-26,NORTH-01,standard,7677,0.0,0.27,0,0,430
2024-08-26,NORTH-01,priority,5318,0.26,0.236,0,0,450
2024-08-26,NORTH-01,economy,5414,0.129,0.333,0,0,451
2024-08-26,NORTH-02,standard,6912,0.159,0.326,0,0,527
2024-08-26,NORTH-02,priority,6337,0.255,0.182,0,0,290
2024-08-26,NORTH-02,economy,5712,0.0,0.236,0,0,491
2024-08-26,CENTRAL-01,standard,7737,0.222,0.246,0,0,116
2024-08-26,CENTRAL-01,priority,7087,0.254,0.123,0,0,463
2024-08-26,CENTRAL-01,economy,5603,0.252,0.128,0,0,296
2024-08-26,SOUTH-01,standard,7236,0.0,0.103,0,0,224
2024-08-26,SOUTH-01,priority,7156,0.194,0.193,0,0,334
2024-08-26,SOUTH-01,economy,6233,0.066,0.125,0,0,359
2024-08-26,SOUTH-02,standard,8172,0.0,0.206,0,0,470
2024-08-26,SOUTH-02,priority,7831,0.286,0.176,0,0,166
2024-08-26,SOUTH-02,economy,7316,0.121,0.238,0,0,621
2024-08-26,WEST-01,standard,8348,0.385,0.174,0,0,315
2024-08-26,WEST-01,priority,7750,0.123,0.117,0,0,302
2024-08-26,WEST-01,economy,7886,0.228,0.286,0,0,377
2024-08-27,NORTH-01,standard,6368,0.302,0.178,0,1,358
2024-08-27,NORTH-01,priority,5985,0.156,0.202,0,1,272
2024-08-27,NORTH-01,economy,5514,0.087,0.174,0,1,307
2024-08-27,NORTH-02,standard,7573,0.044,0.25,0,1,168
2024-08-27,NORTH-02,priority,6184,0.341,0.133,0,1,502
2024-08-27,NORTH-02,economy,5673,0.378,0.23,0,1,185
2024-08-27,CENTRAL-01,standard,8133,0.0,0.22,0,1,326
2024-08-27,CENTRAL-01,priority,6428,0.148,0.105,0,1,501
2024-08-27,CENTRAL-01,economy,7149,0.206,0.132,0,1,222
2024-08-27,SOUTH-01,standard,7519,0.246,0.066,0,1,423
2024-08-27,SOUTH-01,priority,6858,0.281,0.129,0,1,352
2024-08-27,SOUTH-01,economy,6808,0.05,0.201,0,1,436
2024-08-27,SOUTH-02,standard,8662,0.172,0.135,0,1,562
2024-08-27,SOUTH-02,priority,8012,0.35,0.18,0,1,370
2024-08-27,SOUTH-02,economy,7435,0.156,0.246,0,1,368
2024-08-27,WEST-01,standard,8415,0.054,0.134,0,1,639
2024-08-27,WEST-01,priority,7392,0.271,0.089,0,1,308
2024-08-27,WEST-01,economy,7881,0.113,0.137,0,1,300
2024-08-28,NORTH-01,standard,4628,0.455,0.075,0,2,521
2024-08-28,NORTH-01,priority,4940,0.339,0.135,0,2,376
2024-08-28,NORTH-01,economy,3134,0.196,0.046,0,2,172
2024-08-28,NORTH-02,standard,5870,0.398,0.298,0,2,241
2024-08-28,NORTH-02,priority,5637,0.213,0.185,0,2,45
2024-08-28,NORTH-02,economy,4440,0.559,0.241,0,2,226
2024-08-28,CENTRAL-01,standard,6403,0.298,0.19,0,2,427
2024-08-28,CENTRAL-01,priority,6158,0.166,0.182,0,2,405
2024-08-28,CENTRAL-01,economy,4618,0.215,0.261,0,2,222
2024-08-28,SOUTH-01,standard,6609,0.183,0.092,0,2,532
2024-08-28,SOUTH-01,priority,5886,0.162,0.004,0,2,363
2024-08-28,SOUTH-01,economy,5862,0.185,0.194,0,2,339
2024-08-28,SOUTH-02,standard,7104,0.037,0.115,0,2,358
2024-08-28,SOUTH-02,priority,6973,0.263,0.182,0,2,343
2024-08-28,SOUTH-02,economy,5993,0.361,0.204,0,2,432
2024-08-28,WEST-01,standard,7342,0.099,0.0,0,2,489
2024-08-28,WEST-01,priority,6713,0.19,0.139,0,2,146
2024-08-28,WEST-01,economy,6116,0.351,0.133,0,2,282
2024-08-29,NORTH-01,standard,5109,0.331,0.221,0,3,473
2024-08-29,NORTH-01,priority,4774,0.163,0.101,0,3,229
2024-08-29,NORTH-01,economy,4450,0.021,0.212,0,3,387
2024-08-29,NORTH-02,standard,5157,0.214,0.194,0,3,230
2024-08-29,NORTH-02,priority,5340,0.248,0.048,0,3,173
2024-08-29,NORTH-02,economy,5237,0.182,0.279,0,3,115
2024-08-29,CENTRAL-01,standard,7688,0.282,0.296,0,3,467
2024-08-29,CENTRAL-01,priority,6664,0.016,0.185,0,3,357
2024-08-29,CENTRAL-01,economy,5142,0.305,0.083,0,3,35
2024-08-29,SOUTH-01,standard,6802,0.066,0.15,0,3,227
2024-08-29,SOUTH-01,priority,6283,0.12,0.176,0,3,375
2024-08-29,SOUTH-01,economy,6070,0.268,0.123,0,3,243
2024-08-29,SOUTH-02,standard,7036,0.411,0.239,0,3,356
2024-08-29,SOUTH-02,priority,7160,0.205,0.198,0,3,233
2024-08-29,SOUTH-02,economy,5733,0.232,0.0,0,3,526
2024-08-29,WEST-01,standard,7798,0.01,0.022,0,3,580
2024-08-29,WEST-01,priority,6163,0.219,0.0,0,3,376
2024-08-29,WEST-01,economy,6696,0.038,0.161,0,3,322
2024-08-30,NORTH-01,standard,5936,0.398,0.197,0,4,468
2024-08-30,NORTH-01,priority,4816,0.162,0.134,0,4,406
2024-08-30,NORTH-01,economy,4253,0.102,0.288,0,4,333
2024-08-30,NORTH-02,standard,6886,0.153,0.114,0,4,333
2024-08-30,NORTH-02,priority,5358,0.143,0.097,0,4,328
2024-08-30,NORTH-02,economy,5088,0.046,0.116,0,4,455
2024-08-30,CENTRAL-01,standard,6275,0.183,0.155,0,4,307
2024-08-30,CENTRAL-01,priority,5452,0.07,0.025,0,4,452
2024-08-30,CENTRAL-01,economy,5042,0.129,0.122,0,4,480
2024-08-30,SOUTH-01,standard,6953,0.069,0.172,0,4,396
2024-08-30,SOUTH-01,priority,6546,0.209,0.155,0,4,372
2024-08-30,SOUTH-01,economy,4714,0.389,0.154,0,4,398
2024-08-30,SOUTH-02,standard,7136,0.227,0.153,0,4,140
2024-08-30,SOUTH-02,priority,6745,0.0,0.282,0,4,498
2024-08-30,SOUTH-02,economy,6386,0.0,0.066,0,4,359
2024-08-30,WEST-01,standard,7567,0.245,0.149,0,4,325
2024-08-30,WEST-01,priority,8021,0.037,0.262,0,4,295
2024-08-30,WEST-01,economy,6701,0.048,0.122,0,4,359
2024-08-31,NORTH-01,standard,5458,0.24,0.146,0,5,633
2024-08-31,NORTH-01,priority,5774,0.117,0.281,0,5,413
2024-08-31,NORTH-01,economy,4274,0.0,0.152,0,5,310
2024-08-31,NORTH-02,standard,6599,0.052,0.211,0,5,518
2024-08-31,NORTH-02,priority,5458,0.134,0.065,0,5,554
2024-08-31,NORTH-02,economy,4694,0.188,0.186,0,5,260
2024-08-31,CENTRAL-01,standard,6513,0.259,0.142,0,5,436
2024-08-31,CENTRAL-01,priority,5465,0.222,0.195,0,5,234
2024-08-31,CENTRAL-01,economy,4969,0.175,0.149,0,5,357
2024-08-31,SOUTH-01,standard,7469,0.289,0.245,0,5,246
2024-08-31,SOUTH-01,priority,6366,0.04,0.127,0,5,342
2024-08-31,SOUTH-01,economy,5847,0.114,0.126,0,5,195
2024-08-31,SOUTH-02,standard,7476,0.461,0.152,0,5,334
2024-08-31,SOUTH-02,priority,6973,0.249,0.158,0,5,365
2024-08-31,SOUTH-02,economy,6127,0.366,0.031,0,5,378
2024-08-31,WEST-01,standard,8797,0.058,0.306,0,5,195
2024-08-31,WEST-01,priority,7332,0.201,0.206,0,5,581
2024-08-31,WEST-01,economy,7317,0.337,0.171,0,5,511
2024-09-01,NORTH-01,standard,6072,0.138,0.106,0,6,267
2024-09-01,NORTH-01,priority,5116,0.131,0.131,0,6,310
2024-09-01,NORTH-01,economy,4415,0.022,0.243,0,6,554
2024-09-01,NORTH-02,standard,6355,0.216,0.251,0,6,528
2024-09-01,NORTH-02,priority,5798,0.248,0.169,0,6,652
2024-09-01,NORTH-02,economy,4863,0.148,0.214,0,6,386
2024-09-01,CENTRAL-01,standard,6150,0.185,0.0,0,6,484
2024-09-01,CENTRAL-01,priority,6058,0.088,0.224,0,6,338
2024-09-01,CENTRAL-01,economy,5334,0.289,0.204,0,6,461
2024-09-01,SOUTH-01,standard,6511,0.204,0.018,0,6,158
2024-09-01,SOUTH-01,priority,6651,0.259,0.222,0,6,438
2024-09-01,SOUTH-01,economy,5309,0.296,0.024,0,6,169
2024-09-01,SOUTH-02,standard,7946,0.137,0.279,0,6,497
2024-09-01,SOUTH-02,priority,6665,0.158,0.071,0,6,513
2024-09-01,SOUTH-02,economy,5888,0.229,0.023,0,6,127
2024-09-01,WEST-01,standard,7047,0.277,0.095,0,6,489
2024-09-01,WEST-01,priority,7980,0.247,0.169,0,6,495
2024-09-01,WEST-01,economy,6478,0.103,0.192,0,6,526
2024-09-02,NORTH-01,standard,5870,0.214,0.18,0,0,363
2024-09-02,NORTH-01,priority,5659,0.173,0.068,0,0,402
2024-09-02,NORTH-01,economy,4973,0.179,0.037,0,0,273
2024-09-02,NORTH-02,standard,6713,0.203,0.157,0,0,327
2024-09-02,NORTH-02,priority,6484,0.188,0.227,0,0,545
2024-09-02,NORTH-02,economy,6260,0.316,0.27,0,0,555
2024-09-02,CENTRAL-01,standard,8029,0.042,0.202,0,0,588
2024-09-02,CENTRAL-01,priority,6889,0.088,0.203,0,0,608
2024-09-02,CENTRAL-01,economy,5400,0.014,0.088,0,0,359
2024-09-02,SOUTH-01,standard,7552,0.452,0.146,0,0,472
2024-09-02,SOUTH-01,priority,7352,0.166,0.179,0,0,299
2024-09-02,SOUTH-01,economy,6992,0.169,0.209,0,0,545
2024-09-02,SOUTH-02,standard,8502,0.22,0.178,0,0,363
2024-09-02,SOUTH-02,priority,7089,0.104,0.14,0,0,441
2024-09-02,SOUTH-02,economy,6946,0.306,0.093,0,0,312
2024-09-02,WEST-01,standard,8512,0.058,0.314,0,0,281
2024-09-02,WEST-01,priority,8282,0.206,0.171,0,0,668
2024-09-02,WEST-01,economy,8080,0.087,0.104,0,0,535
2024-09-03,NORTH-01,standard,6797,0.276,0.103,0,1,480
2024-09-03,NORTH-01,priority,5815,0.203,0.103,0,1,552
2024-09-03,NORTH-01,economy,5004,0.049,0.086,0,1,280
2024-09-03,NORTH-02,standard,7191,0.178,0.227,0,1,403
2024-09-03,NORTH-02,priority,5606,0.213,0.2,0,1,476
2024-09-03,NORTH-02,economy,5847,0.081,0.115,0,1,346
2024-09-03,CENTRAL-01,standard,7169,0.238,0.161,0,1,578
2024-09-03,CENTRAL-01,priority,6954,0.265,0.174,0,1,303
2024-09-03,CENTRAL-01,economy,5793,0.441,0.063,0,1,319
2024-09-03,SOUTH-01,standard,7425,0.141,0.114,0,1,545
2024-09-03,SOUTH-01,priority,7640,0.035,0.229,0,1,363
2024-09-03,SOUTH-01,economy,5984,0.244,0.137,0,1,228
2024-09-03,SOUTH-02,standard,8281,0.259,0.198,0,1,381
2024-09-03,SOUTH-02,priority,6824,0.157,0.124,0,1,392
2024-09-03,SOUTH-02,economy,7643,0.243,0.155,0,1,288
2024-09-03,WEST-01,standard,8806,0.101,0.161,0,1,216
2024-09-03,WEST-01,priority,7069,0.252,0.17,0,1,378
2024-09-03,WEST-01,economy,6859,0.083,0.114,0,1,435
2024-09-04,NORTH-01,standard,4500,0.391,0.171,0,2,349
2024-09-04,NORTH-01,priority,5010,0.157,0.062,0,2,435
2024-09-04,NORTH-01,economy,3394,0.1,0.019,0,2,201
2024-09-04,NORTH-02,standard,5679,0.161,0.109,0,2,418
2024-09-04,NORTH-02,priority,5694,0.236,0.166,0,2,272
2024-09-04,NORTH-02,economy,4578,0.049,0.108,0,2,71
2024-09-04,CENTRAL-01,standard,6937,0.115,0.238,0,2,451
2024-09-04,CENTRAL-01,priority,5496,0.196,0.266,0,2,229
2024-09-04,CENTRAL-01,economy,4790,0.315,0.152,0,2,389
2024-09-04,SOUTH-01,standard,6461,0.127,0.083,0,2,412
2024-09-04,SOUTH-01,priority,6248,0.205,0.271,0,2,330
2024-09-04,SOUTH-01,economy,5625,0.353,0.229,0,2,161
2024-09-04,SOUTH-02,standard,7288,0.083,0.066,0,2,337
2024-09-04,SOUTH-02,priority,5853,0.372,0.024,0,2,384
2024-09-04,SOUTH-02,economy,5078,0.243,0.0,0,2,300
2024-09-04,WEST-01,standard,7589,0.343,0.301,0,2,387
2024-09-04,WEST-01,priority,7896,0.08,0.201,0,2,567
2024-09-04,WEST-01,economy,6404,0.177,0.083,0,2,537
2024-09-05,NORTH-01,standard,5283,0.132,0.005,0,3,305
2024-09-05,NORTH-01,priority,5350,0.0,0.169,0,3,563
2024-09-05,NORTH-01,economy,4955,0.02,0.208,0,3,391
2024-09-05,NORTH-02,standard,6045,0.059,0.065,0,3,372
2024-09-05,NORTH-02,priority,5403,0.113,0.253,0,3,114
2024-09-05,NORTH-02,economy,4978,0.153,0.188,0,3,369
2024-09-05,CENTRAL-01,standard,5981,0.359,0.061,0,3,544
2024-09-05,CENTRAL-01,priority,6485,0.0,0.146,0,3,520
2024-09-05,CENTRAL-01,economy,4752,0.259,0.205,0,3,487
2024-09-05,SOUTH-01,standard,7041,0.036,0.059,0,3,332
2024-09-05,SOUTH-01,priority,7010,0.205,0.184,0,3,442
2024-09-05,SOUTH-01,economy,5407,0.106,0.204,0,3,451
2024-09-05,SOUTH-02,standard,6577,0.188,0.182,0,3,107
2024-09-05,SOUTH-02,priority,6527,0.0,0.29,0,3,463
2024-09-05,SOUTH-02,economy,6079,0.103,0.131,0,3,559
2024-09-05,WEST-01,standard,8242,0.25,0.181,0,3,351
2024-09-05,WEST-01,priority,7451,0.308,0.222,0,3,384
2024-09-05,WEST-01,economy,6103,0.128,0.08,0,3,253
2024-09-06,NORTH-01,standard,5692,0.224,0.132,0,4,409
2024-09-06,NORTH-01,priority,4863,0.053,0.063,0,4,232
2024-09-06,NORTH-01,economy,3954,0.074,0.286,0,4,541
2024-09-06,NORTH-02,standard,6436,0.215,0.229,0,4,447
2024-09-06,NORTH-02,priority,5030,0.379,0.063,0,4,228
2024-09-06,NORTH-02,economy,5646,0.0,0.097,0,4,328
2024-09-06,CENTRAL-01,standard,7686,0.418,0.317,0,4,639
2024-09-06,CENTRAL-01,priority,5687,0.463,0.176,0,4,385
2024-09-06,CENTRAL-01,economy,5524,0.18,0.162,0,4,289
2024-09-06,SOUTH-01,standard,6758,0.015,0.179,0,4,312
2024-09-06,SOUTH-01,priority,6688,0.163,0.12,0,4,360
2024-09-06,SOUTH-01,economy,5482,0.319,0.166,0,4,363
2024-09-06,SOUTH-02,standard,7824,0.025,0.177,0,4,533
2024-09-06,SOUTH-02,priority,6442,0.018,0.028,0,4,539
2024-09-06,SOUTH-02,economy,5342,0.207,0.088,0,4,258
2024-09-06,WEST-01,standard,8324,0.09,0.225,0,4,303
2024-09-06,WEST-01,priority,6592,0.27,0.202,0,4,367
2024-09-06,WEST-01,economy,5745,0.221,0.163,0,4,368
2024-09-07,NORTH-01,standard,5383,0.256,0.276,0,5,276
2024-09-07,NORTH-01,priority,5047,0.155,0.173,0,5,403
2024-09-07,NORTH-01,economy,4184,0.045,0.182,0,5,288
2024-09-07,NORTH-02,standard,5563,0.385,0.038,0,5,193
2024-09-07,NORTH-02,priority,5545,0.198,0.234,0,5,332
2024-09-07,NORTH-02,economy,4999,0.339,0.176,0,5,415
2024-09-07,CENTRAL-01,standard,6137,0.0,0.144,0,5,264
2024-09-07,CENTRAL-01,priority,6413,0.357,0.12,0,5,203
2024-09-07,CENTRAL-01,economy,5245,0.05,0.211,0,5,374
2024-09-07,SOUTH-01,standard,6735,0.167,0.139,0,5,403
2024-09-07,SOUTH-01,priority,6252,0.257,0.279,0,5,320
2024-09-07,SOUTH-01,economy,6118,0.117,0.268,0,5,135
2024-09-07,SOUTH-02,standard,7471,0.0,0.084,0,5,400
2024-09-07,SOUTH-02,priority,7189,0.242,0.136,0,5,488
2024-09-07,SOUTH-02,economy,5469,0.189,0.242,0,5,333
2024-09-07,WEST-01,standard,7050,0.197,0.198,0,5,360
2024-09-07,WEST-01,priority,7608,0.228,0.188,0,5,499
2024-09-07,WEST-01,economy,6474,0.173,0.204,0,5,391
2024-09-08,NORTH-01,standard,5638,0.275,0.146,0,6,464
2024-09-08,NORTH-01,priority,5981,0.265,0.249,0,6,443
2024-09-08,NORTH-01,economy,4634,0.125,0.191,0,6,392
2024-09-08,NORTH-02,standard,6312,0.359,0.015,0,6,591
2024-09-08,NORTH-02,priority,5283,0.248,0.197,0,6,339
2024-09-08,NORTH-02,economy,5057,0.264,0.201,0,6,406
2024-09-08,CENTRAL-01,standard,5988,0.288,0.213,0,6,459
2024-09-08,CENTRAL-01,priority,6243,0.403,0.148,0,6,257
2024-09-08,CENTRAL-01,economy,5715,0.176,0.099,0,6,548
2024-09-08,SOUTH-01,standard,7687,0.168,0.244,0,6,406
2024-09-08,SOUTH-01,priority,5952,0.196,0.209,0,6,371
2024-09-08,SOUTH-01,economy,5704,0.437,0.11,0,6,413
2024-09-08,SOUTH-02,standard,8072,0.16,0.168,0,6,488
2024-09-08,SOUTH-02,priority,6638,0.265,0.278,0,6,253
2024-09-08,SOUTH-02,economy,6254,0.392,0.161,0,6,276
2024-09-08,WEST-01,standard,7602,0.227,0.062,0,6,330
2024-09-08,WEST-01,priority,6208,0.075,0.126,0,6,227
2024-09-08,WEST-01,economy,5986,0.274,0.178,0,6,425
2024-09-09,NORTH-01,standard,6596,0.075,0.208,0,0,338
2024-09-09,NORTH-01,priority,5805,0.169,0.355,0,0,381
2024-09-09,NORTH-01,economy,4388,0.274,0.073,0,0,239
2024-09-09,NORTH-02,standard,6695,0.271,0.123,0,0,490
2024-09-09,NORTH-02,priority,5730,0.083,0.143,0,0,390
2024-09-09,NORTH-02,economy,5242,0.208,0.214,0,0,314
2024-09-09,CENTRAL-01,standard,8074,0.027,0.13,0,0,383
2024-09-09,CENTRAL-01,priority,6121,0.016,0.096,0,0,208
2024-09-09,CENTRAL-01,economy,6012,0.261,0.034,0,0,363
2024-09-09,SOUTH-01,standard,7454,0.116,0.168,0,0,504
2024-09-09,SOUTH-01,priority,6972,0.096,0.119,0,0,471
2024-09-09,SOUTH-01,economy,6388,0.245,0.0,0,0,162
2024-09-09,SOUTH-02,standard,8076,0.139,0.141,0,0,482
2024-09-09,SOUTH-02,priority,7083,0.266,0.088,0,0,388
2024-09-09,SOUTH-02,economy,7638,0.0,0.112,0,0,228
2024-09-09,WEST-01,standard,9448,0.139,0.103,0,0,398
2024-09-09,WEST-01,priority,7960,0.122,0.068,0,0,451
2024-09-09,WEST-01,economy,7696,0.074,0.229,0,0,513
2024-09-10,NORTH-01,standard,6449,0.141,0.169,0,1,548
2024-09-10,NORTH-01,priority,5655,0.194,0.151,0,1,287
2024-09-10,NORTH-01,economy,5008,0.209,0.216,0,1,345
2024-09-10,NORTH-02,standard,6208,0.202,0.179,0,1,255
2024-09-10,NORTH-02,priority,6062,0.016,0.153,0,1,302
2024-09-10,NORTH-02,economy,5286,0.037,0.118,0,1,429
2024-09-10,CENTRAL-01,standard,7176,0.238,0.162,0,1,150
2024-09-10,CENTRAL-01,priority,6796,0.125,0.089,0,1,458
2024-09-10,CENTRAL-01,economy,5952,0.219,0.251,0,1,285
2024-09-10,SOUTH-01,standard,7570,0.305,0.163,0,1,628
2024-09-10,SOUTH-01,priority,6780,0.249,0.135,0,1,542
2024-09-10,SOUTH-01,economy,6793,0.205,0.152,0,1,489
2024-09-10,SOUTH-02,standard,8418,0.246,0.221,0,1,499
2024-09-10,SOUTH-02,priority,7321,0.092,0.295,0,1,436
2024-09-10,SOUTH-02,economy,6854,0.02,0.142,0,1,401
2024-09-10,WEST-01,standard,8484,0.221,0.073,0,1,601
2024-09-10,WEST-01,priority,8427,0.023,0.082,0,1,442
2024-09-10,WEST-01,economy,7142,0.198,0.232,0,1,331
2024-09-11,NORTH-01,standard,6178,0.103,0.122,0,2,161
2024-09-11,NORTH-01,priority,5542,0.037,0.041,0,2,272
2024-09-11,NORTH-01,economy,4104,0.141,0.021,0,2,407
2024-09-11,NORTH-02,standard,5315,0.21,0.141,0,2,300
2024-09-11,NORTH-02,priority,5551,0.198,0.071,0,2,452
2024-09-11,NORTH-02,economy,4854,0.117,0.208,0,2,463
2024-09-11,CENTRAL-01,standard,6435,0.424,0.063,0,2,529
2024-09-11,CENTRAL-01,priority,5622,0.064,0.104,0,2,332
2024-09-11,CENTRAL-01,economy,5571,0.137,0.134,0,2,119
2024-09-11,SOUTH-01,standard,7275,0.063,0.204,0,2,271
2024-09-11,SOUTH-01,priority,6302,0.247,0.256,0,2,248
2024-09-11,SOUTH-01,economy,5336,0.285,0.288,0,2,344
2024-09-11,SOUTH-02,standard,6461,0.311,0.159,0,2,427
2024-09-11,SOUTH-02,priority,5934,0.063,0.048,0,2,500
2024-09-11,SOUTH-02,economy,6427,0.08,0.177,0,2,392
2024-09-11,WEST-01,standard,7795,0.216,0.18,0,2,322
2024-09-11,WEST-01,priority,7139,0.078,0.142,0,2,445
2024-09-11,WEST-01,economy,6065,0.312,0.178,0,2,100
2024-09-12,NORTH-01,standard,5224,0.088,0.042,0,3,365
2024-09-12,NORTH-01,priority,5342,0.19,0.299,0,3,569
2024-09-12,NORTH-01,economy,4223,0.266,0.237,0,3,177
2024-09-12,NORTH-02,standard,5795,0.126,0.149,0,3,233
2024-09-12,NORTH-02,priority,4602,0.23,0.07,0,3,183
2024-09-12,NORTH-02,economy,4602,0.152,0.071,0,3,390
2024-09-12,CENTRAL-01,standard,5766,0.249,0.097,0,3,283
2024-09-12,CENTRAL-01,priority,5988,0.259,0.221,0,3,503
2024-09-12,CENTRAL-01,economy,5591,0.388,0.111,0,3,316
2024-09-12,SOUTH-01,standard,6002,0.302,0.207,0,3,244
2024-09-12,SOUTH-01,priority,6575,0.033,0.007,0,3,625
2024-09-12,SOUTH-01,economy,6369,0.149,0.218,0,3,396
2024-09-12,SOUTH-02,standard,7506,0.177,0.13,0,3,510
2024-09-12,SOUTH-02,priority,6653,0.235,0.184,0,3,188
2024-09-12,SOUTH-02,economy,6097,0.288,0.047,0,3,453
2024-09-12,WEST-01,standard,8685,0.043,0.101,0,3,431
2024-09-12,WEST-01,priority,6999,0.034,0.214,0,3,159
2024-09-12,WEST-01,economy,6479,0.242,0.077,0,3,276
2024-09-13,NORTH-01,standard,4438,0.265,0.165,0,4,358
2024-09-13,NORTH-01,priority,5302,0.145,0.263,0,4,429
2024-09-13,NORTH-01,economy,4330,0.095,0.087,0,4,266
2024-09-13,NORTH-02,standard,5339,0.341,0.138,0,4,240
2024-09-13,NORTH-02,priority,5180,0.296,0.137,0,4,462
2024-09-13,NORTH-02,economy,4326,0.07,0.0,0,4,338
2024-09-13,CENTRAL-01,standard,6741,0.15,0.025,0,4,401
2024-09-13,CENTRAL-01,priority,5278,0.227,0.184,0,4,374
2024-09-13,CENTRAL-01,economy,5522,0.289,0.241,0,4,407
2024-09-13,SOUTH-01,standard,6632,0.0,0.149,0,4,532
2024-09-13,SOUTH-01,priority,6017,0.316,0.074,0,4,390
2024-09-13,SOUTH-01,economy,4441,0.288,0.016,0,4,317
2024-09-13,SOUTH-02,standard,7730,0.0,0.163,0,4,560
2024-09-13,SOUTH-02,priority,7040,0.105,0.163,0,4,250
2024-09-13,SOUTH-02,economy,5738,0.29,0.172,0,4,369
2024-09-13,WEST-01,standard,7675,0.163,0.212,0,4,437
2024-09-13,WEST-01,priority,7159,0.105,0.075,0,4,287
2024-09-13,WEST-01,economy,6145,0.276,0.197,0,4,390
2024-09-14,NORTH-01,standard,5257,0.088,0.022,0,5,331
2024-09-14,NORTH-01,priority,5305,0.243,0.162,0,5,221
2024-09-14,NORTH-01,economy,3739,0.135,0.282,0,5,237
2024-09-14,NORTH-02,standard,5929,0.051,0.134,0,5,430
2024-09-14,NORTH-02,priority,4990,0.211,0.046,0,5,329
2024-09-14,NORTH-02,economy,5233,0.269,0.345,0,5,215
2024-09-14,CENTRAL-01,standard,6255,0.169,0.164,0,5,424
2024-09-14,CENTRAL-01,priority,5842,0.0,0.194,0,5,342
2024-09-14,CENTRAL-01,economy,5035,0.356,0.049,0,5,426
2024-09-14,SOUTH-01,standard,7262,0.2,0.021,0,5,372
2024-09-14,SOUTH-01,priority,6120,0.117,0.125,0,5,220
2024-09-14,SOUTH-01,economy,5839,0.2,0.102,0,5,417
2024-09-14,SOUTH-02,standard,6771,0.375,0.133,0,5,206
2024-09-14,SOUTH-02,priority,6223,0.443,0.203,0,5,569
2024-09-14,SOUTH-02,economy,5467,0.343,0.042,0,5,328
2024-09-14,WEST-01,standard,8140,0.052,0.142,0,5,259
2024-09-14,WEST-01,priority,7368,0.215,0.243,0,5,391
2024-09-14,WEST-01,economy,6156,0.1,0.216,0,5,393
2024-09-15,NORTH-01,standard,5451,0.183,0.24,0,6,283
2024-09-15,NORTH-01,priority,4966,0.031,0.185,0,6,225
2024-09-15,NORTH-01,economy,4019,0.088,0.193,0,6,178
2024-09-15,NORTH-02,standard,6304,0.288,0.137,0,6,325
2024-09-15,NORTH-02,priority,5995,0.18,0.163,0,6,516
2024-09-15,NORTH-02,economy,4174,0.318,0.1,0,6,396
2024-09-15,CENTRAL-01,standard,6419,0.345,0.243,0,6,459
2024-09-15,CENTRAL-01,priority,5841,0.269,0.162,0,6,367
2024-09-15,CENTRAL-01,economy,4928,0.085,0.095,0,6,135
2024-09-15,SOUTH-01,standard,7177,0.197,0.147,0,6,546
2024-09-15,SOUTH-01,priority,5937,0.339,0.263,0,6,186
2024-09-15,SOUTH-01,economy,6327,0.292,0.261,0,6,428
2024-09-15,SOUTH-02,standard,7738,0.0,0.179,0,6,562
2024-09-15,SOUTH-02,priority,6376,0.352,0.223,0,6,247
2024-09-15,SOUTH-02,economy,6549,0.244,0.087,0,6,171
2024-09-15,WEST-01,standard,7620,0.248,0.176,0,6,297
2024-09-15,WEST-01,priority,7009,0.0,0.107,0,6,523
2024-09-15,WEST-01,economy,6083,0.086,0.186,0,6,420
2024-09-16,NORTH-01,standard,6800,0.0,0.318,0,0,48
2024-09-16,NORTH-01,priority,5582,0.094,0.08,0,0,303
2024-09-16,NORTH-01,economy,4751,0.1,0.085,0,0,421
2024-09-16,NORTH-02,standard,6755,0.324,0.13,0,0,247
2024-09-16,NORTH-02,priority,6221,0.189,0.168,0,0,414
2024-09-16,NORTH-02,economy,6040,0.217,0.066,0,0,336
2024-09-16,CENTRAL-01,standard,8036,0.381,0.184,0,0,562
2024-09-16,CENTRAL-01,priority,6336,0.207,0.092,0,0,434
2024-09-16,CENTRAL-01,economy,6383,0.197,0.103,0,0,376
2024-09-16,SOUTH-01,standard,8009,0.281,0.072,0,0,480
2024-09-16,SOUTH-01,priority,7090,0.324,0.228,0,0,372
2024-09-16,SOUTH-01,economy,6630,0.394,0.127,0,0,333
2024-09-16,SOUTH-02,standard,8417,0.0,0.052,0,0,516
2024-09-16,SOUTH-02,priority,7822,0.229,0.242,0,0,321
2024-09-16,SOUTH-02,economy,6679,0.251,0.164,0,0,437
2024-09-16,WEST-01,standard,8494,0.19,0.102,0,0,604
2024-09-16,WEST-01,priority,7911,0.346,0.165,0,0,245
2024-09-16,WEST-01,economy,7631,0.386,0.233,0,0,135
2024-09-17,NORTH-01,standard,6759,0.185,0.14,0,1,328
2024-09-17,NORTH-01,priority,5631,0.152,0.2,0,1,280
2024-09-17,NORTH-01,economy,5702,0.203,0.257,0,1,480
2024-09-17,NORTH-02,standard,6330,0.188,0.27,0,1,612
2024-09-17,NORTH-02,priority,6462,0.438,0.187,0,1,369
2024-09-17,NORTH-02,economy,5620,0.155,0.101,0,1,415
2024-09-17,CENTRAL-01,standard,7544,0.23,0.309,0,1,227
2024-09-17,CENTRAL-01,priority,6194,0.377,0.052,0,1,398
2024-09-17,CENTRAL-01,economy,5606,0.23,0.034,0,1,170
2024-09-17,SOUTH-01,standard,7317,0.255,0.245,0,1,518
2024-09-17,SOUTH-01,priority,6160,0.292,0.097,0,1,236
2024-09-17,SOUTH-01,economy,6708,0.109,0.273,0,1,260
2024-09-17,SOUTH-02,standard,8280,0.198,0.046,0,1,311
2024-09-17,SOUTH-02,priority,8452,0.08,0.18,0,1,697
2024-09-17,SOUTH-02,economy,7238,0.055,0.102,0,1,537
2024-09-17,WEST-01,standard,8605,0.0,0.157,0,1,207
2024-09-17,WEST-01,priority,8131,0.02,0.105,0,1,544
2024-09-17,WEST-01,economy,7467,0.223,0.226,0,1,319
2024-09-18,NORTH-01,standard,6113,0.158,0.206,0,2,345
2024-09-18,NORTH-01,priority,5305,0.069,0.177,0,2,487
2024-09-18,NORTH-01,economy,4675,0.099,0.097,0,2,271
2024-09-18,NORTH-02,standard,5619,0.126,0.25,0,2,595
2024-09-18,NORTH-02,priority,5508,0.106,0.219,0,2,377
2024-09-18,NORTH-02,economy,4749,0.148,0.219,0,2,253
2024-09-18,CENTRAL-01,standard,5974,0.398,0.152,0,2,180
2024-09-18,CENTRAL-01,priority,6440,0.404,0.106,0,2,421
2024-09-18,CENTRAL-01,economy,6143,0.197,0.164,0,2,101
2024-09-18,SOUTH-01,standard,6741,0.206,0.129,0,2,400
2024-09-18,SOUTH-01,priority,6298,0.148,0.165,0,2,211
2024-09-18,SOUTH-01,economy,5443,0.226,0.207,0,2,567
2024-09-18,SOUTH-02,standard,7600,0.34,0.218,0,2,411
2024-09-18,SOUTH-02,priority,7064,0.317,0.276,0,2,323
2024-09-18,SOUTH-02,economy,6484,0.175,0.196,0,2,365
2024-09-18,WEST-01,standard,7510,0.112,0.277,0,2,292
2024-09-18,WEST-01,priority,7693,0.021,0.075,0,2,564
2024-09-18,WEST-01,economy,6554,0.171,0.19,0,2,233
2024-09-19,NORTH-01,standard,5639,0.446,0.26,0,3,246
2024-09-19,NORTH-01,priority,4968,0.153,0.095,0,3,366
2024-09-19,NORTH-01,economy,5139,0.139,0.034,0,3,362
2024-09-19,NORTH-02,standard,5274,0.235,0.116,0,3,328
2024-09-19,NORTH-02,priority,5888,0.141,0.207,0,3,448
2024-09-19,NORTH-02,economy,5019,0.299,0.294,0,3,462
2024-09-19,CENTRAL-01,standard,6146,0.239,0.0,0,3,260
2024-09-19,CENTRAL-01,priority,5982,0.208,0.087,0,3,477
2024-09-19,CENTRAL-01,economy,4540,0.324,0.28,0,3,172
2024-09-19,SOUTH-01,standard,6761,0.531,0.231,0,3,386
2024-09-19,SOUTH-01,priority,5756,0.173,0.0,0,3,339
2024-09-19,SOUTH-01,economy,6735,0.094,0.103,0,3,351
2024-09-19,SOUTH-02,standard,7554,0.213,0.169,0,3,349
2024-09-19,SOUTH-02,priority,6061,0.33,0.185,0,3,348
2024-09-19,SOUTH-02,economy,6282,0.159,0.133,0,3,444
2024-09-19,WEST-01,standard,7756,0.242,0.177,0,3,154
2024-09-19,WEST-01,priority,6673,0.273,0.189,0,3,413
2024-09-19,WEST-01,economy,6763,0.258,0.244,0,3,421
2024-09-20,NORTH-01,standard,5633,0.294,0.125,0,4,274
2024-09-20,NORTH-01,priority,5035,0.313,0.021,0,4,333
2024-09-20,NORTH-01,economy,4209,0.296,0.088,0,4,313
2024-09-20,NORTH-02,standard,6139,0.232,0.066,0,4,142
2024-09-20,NORTH-02,priority,5667,0.1,0.025,0,4,398
2024-09-20,NORTH-02,economy,4749,0.235,0.268,0,4,395
2024-09-20,CENTRAL-01,standard,6986,0.188,0.143,0,4,639
2024-09-20,CENTRAL-01,priority,6097,0.128,0.217,0,4,402
2024-09-20,CENTRAL-01,economy,3648,0.21,0.123,0,4,473
2024-09-20,SOUTH-01,standard,6842,0.097,0.131,0,4,291
2024-09-20,SOUTH-01,priority,5932,0.209,0.146,0,4,375
2024-09-20,SOUTH-01,economy,5177,0.176,0.224,0,4,238
2024-09-20,SOUTH-02,standard,6791,0.267,0.099,0,4,312
2024-09-20,SOUTH-02,priority,6606,0.168,0.142,0,4,254
2024-09-20,SOUTH-02,economy,5320,0.273,0.256,0,4,153
2024-09-20,WEST-01,standard,6898,0.3,0.276,0,4,484
2024-09-20,WEST-01,priority,7524,0.377,0.081,0,4,384
2024-09-20,WEST-01,economy,6818,0.218,0.092,0,4,484
2024-09-21,NORTH-01,standard,5549,0.387,0.265,0,5,719
2024-09-21,NORTH-01,priority,4464,0.342,0.193,0,5,130
2024-09-21,NORTH-01,economy,4996,0.007,0.075,0,5,388
2024-09-21,NORTH-02,standard,5969,0.106,0.139,0,5,455
2024-09-21,NORTH-02,priority,5661,0.075,0.178,0,5,247
2024-09-21,NORTH-02,economy,4167,0.371,0.126,0,5,407
2024-09-21,CENTRAL-01,standard,5992,0.187,0.183,0,5,457
2024-09-21,CENTRAL-01,priority,5622,0.441,0.049,0,5,254
2024-09-21,CENTRAL-01,economy,5167,0.503,0.249,0,5,187
2024-09-21,SOUTH-01,standard,6493,0.062,0.21,0,5,215
2024-09-21,SOUTH-01,priority,6437,0.181,0.161,0,5,320
2024-09-21,SOUTH-01,economy,5722,0.29,0.081,0,5,377
2024-09-21,SOUTH-02,standard,7177,0.252,0.245,0,5,315
2024-09-21,SOUTH-02,priority,6595,0.0,0.0,0,5,364
2024-09-21,SOUTH-02,economy,6745,0.05,0.08,0,5,487
2024-09-21,WEST-01,standard,8007,0.029,0.115,0,5,345
2024-09-21,WEST-01,priority,7636,0.083,0.123,0,5,550
2024-09-21,WEST-01,economy,6627,0.092,0.187,0,5,257
2024-09-22,NORTH-01,standard,5990,0.144,0.049,0,6,545
2024-09-22,NORTH-01,priority,5398,0.131,0.098,0,6,487
2024-09-22,NORTH-01,economy,4437,0.046,0.138,0,6,220
2024-09-22,NORTH-02,standard,5687,0.226,0.094,0,6,338
2024-09-22,NORTH-02,priority,5765,0.001,0.0,0,6,264
2024-09-22,NORTH-02,economy,4540,0.436,0.308,0,6,596
2024-09-22,CENTRAL-01,standard,5206,0.293,0.098,0,6,418
2024-09-22,CENTRAL-01,priority,5780,0.184,0.185,0,6,216
2024-09-22,CENTRAL-01,economy,5184,0.129,0.207,0,6,292
2024-09-22,SOUTH-01,standard,6590,0.0,0.157,0,6,487
2024-09-22,SOUTH-01,priority,7225,0.092,0.126,0,6,359
2024-09-22,SOUTH-01,economy,5002,0.127,0.197,0,6,480
2024-09-22,SOUTH-02,standard,5843,0.299,0.192,0,6,324
2024-09-22,SOUTH-02,priority,7388,0.027,0.24,0,6,448
2024-09-22,SOUTH-02,economy,6245,0.036,0.27,0,6,583
2024-09-22,WEST-01,standard,7575,0.212,0.191,0,6,576
2024-09-22,WEST-01,priority,7279,0.253,0.265,0,6,392
2024-09-22,WEST-01,economy,7013,0.251,0.265,0,6,406
2024-09-23,NORTH-01,standard,6136,0.0,0.215,0,0,368
2024-09-23,NORTH-01,priority,5905,0.166,0.037,0,0,615
2024-09-23,NORTH-01,economy,6357,0.142,0.211,0,0,474
2024-09-23,NORTH-02,standard,7223,0.103,0.169,0,0,568
2024-09-23,NORTH-02,priority,5629,0.326,0.0,0,0,340
2024-09-23,NORTH-02,economy,5305,0.058,0.0,0,0,338
2024-09-23,CENTRAL-01,standard,7332,0.117,0.07,0,0,441
2024-09-23,CENTRAL-01,priority,6949,0.124,0.26,0,0,283
2024-09-23,CENTRAL-01,economy,6685,0.045,0.133,0,0,281
2024-09-23,SOUTH-01,standard,8570,0.252,0.158,0,0,483
2024-09-23,SOUTH-01,priority,7640,0.096,0.209,0,0,361
2024-09-23,SOUTH-01,economy,6753,0.04,0.193,0,0,200
2024-09-23,SOUTH-02,standard,7490,0.211,0.099,0,0,362
2024-09-23,SOUTH-02,priority,7977,0.334,0.247,0,0,451
2024-09-23,SOUTH-02,economy,6459,0.251,0.158,0,0,265
2024-09-23,WEST-01,standard,9305,0.107,0.262,0,0,329
2024-09-23,WEST-01,priority,7916,0.186,0.118,0,0,353
2024-09-23,WEST-01,economy,7344,0.349,0.148,0,0,427
2024-09-24,NORTH-01,standard,7067,0.057,0.159,0,1,568
2024-09-24,NORTH-01,priority,5877,0.042,0.029,0,1,489
2024-09-24,NORTH-01,economy,4717,0.223,0.204,0,1,252
2024-09-24,NORTH-02,standard,6168,0.0,0.139,0,1,524
2024-09-24,NORTH-02,priority,5520,0.367,0.161,0,1,390
2024-09-24,NORTH-02,economy,6033,0.403,0.188,0,1,302
2024-09-24,CENTRAL-01,standard,6637,0.075,0.144,0,1,650
2024-09-24,CENTRAL-01,priority,6617,0.197,0.219,0,1,193
2024-09-24,CENTRAL-01,economy,5999,0.351,0.06,0,1,413
2024-09-24,SOUTH-01,standard,7640,0.189,0.087,0,1,295
2024-09-24,SOUTH-01,priority,7130,0.277,0.196,0,1,325
2024-09-24,SOUTH-01,economy,5542,0.433,0.046,0,1,336
2024-09-24,SOUTH-02,standard,8628,0.149,0.238,0,1,442
2024-09-24,SOUTH-02,priority,8476,0.24,0.189,0,1,464
2024-09-24,SOUTH-02,economy,5972,0.098,0.166,0,1,355
2024-09-24,WEST-01,standard,8716,0.311,0.198,0,1,519
2024-09-24,WEST-01,priority,8240,0.312,0.264,0,1,389
2024-09-24,WEST-01,economy,7885,0.0,0.228,0,1,434
2024-09-25,NORTH-01,standard,5663,0.097,0.227,0,2,345
2024-09-25,NORTH-01,priority,4549,0.173,0.186,0,2,383
2024-09-25,NORTH-01,economy,4741,0.093,0.095,0,2,202
2024-09-25,NORTH-02,standard,5253,0.286,0.158,0,2,501
2024-09-25,NORTH-02,priority,5839,0.217,0.182,0,2,535
2024-09-25,NORTH-02,economy,4986,0.204,0.199,0,2,288
2024-09-25,CENTRAL-01,standard,7223,0.0,0.167,0,2,466
2024-09-25,CENTRAL-01,priority,5935,0.052,0.238,0,2,107
2024-09-25,CENTRAL-01,economy,5764,0.302,0.074,0,2,490
2024-09-25,SOUTH-01,standard,7979,0.153,0.187,0,2,539
2024-09-25,SOUTH-01,priority,6583,0.209,0.381,0,2,447
2024-09-25,SOUTH-01,economy,5463,0.068,0.016,0,2,348
2024-09-25,SOUTH-02,standard,7420,0.22,0.036,0,2,302
2024-09-25,SOUTH-02,priority,6562,0.253,0.225,0,2,261
2024-09-25,SOUTH-02,economy,6065,0.365,0.22,0,2,538
2024-09-25,WEST-01,standard,7258,0.19,0.1,0,2,384
2024-09-25,WEST-01,priority,7196,0.273,0.261,0,2,541
2024-09-25,WEST-01,economy,5907,0.154,0.087,0,2,296
2024-09-26,NORTH-01,standard,6124,0.028,0.311,0,3,352
2024-09-26,NORTH-01,priority,4608,0.387,0.046,0,3,558
2024-09-26,NORTH-01,economy,4952,0.163,0.346,0,3,485
2024-09-26,NORTH-02,standard,5683,0.34,0.15,0,3,336
2024-09-26,NORTH-02,priority,5510,0.062,0.145,0,3,548
2024-09-26,NORTH-02,economy,4057,0.251,0.339,0,3,155
2024-09-26,CENTRAL-01,standard,6603,0.137,0.269,0,3,201
2024-09-26,CENTRAL-01,priority,5163,0.151,0.054,0,3,574
2024-09-26,CENTRAL-01,economy,5238,0.138,0.164,0,3,306
2024-09-26,SOUTH-01,standard,7093,0.079,0.125,0,3,563
2024-09-26,SOUTH-01,priority,6463,0.294,0.052,0,3,430
2024-09-26,SOUTH-01,economy,5978,0.105,0.165,0,3,364
2024-09-26,SOUTH-02,standard,8020,0.238,0.081,0,3,189
2024-09-26,SOUTH-02,priority,6946,0.249,0.179,0,3,303
2024-09-26,SOUTH-02,economy,5446,0.32,0.141,0,3,212
2024-09-26,WEST-01,standard,8335,0.195,0.022,0,3,555
2024-09-26,WEST-01,priority,6959,0.399,0.288,0,3,284
2024-09-26,WEST-01,economy,7375,0.0,0.118,0,3,301
2024-09-27,NORTH-01,standard,5728,0.155,0.106,0,4,506
2024-09-27,NORTH-01,priority,5635,0.0,0.042,0,4,437
2024-09-27,NORTH-01,economy,3988,0.149,0.287,0,4,411
2024-09-27,NORTH-02,standard,5098,0.172,0.199,0,4,301
2024-09-27,NORTH-02,priority,5854,0.268,0.145,0,4,502
2024-09-27,NORTH-02,economy,4562,0.065,0.216,0,4,323
2024-09-27,CENTRAL-01,standard,6639,0.259,0.083,0,4,318
2024-09-27,CENTRAL-01,priority,5625,0.11,0.207,0,4,242
2024-09-27,CENTRAL-01,economy,4511,0.305,0.159,0,4,418
2024-09-27,SOUTH-01,standard,5744,0.131,0.038,0,4,460
2024-09-27,SOUTH-01,priority,6510,0.077,0.05,0,4,471
2024-09-27,SOUTH-01,economy,6692,0.086,0.223,0,4,542
2024-09-27,SOUTH-02,standard,7039,0.323,0.175,0,4,384
2024-09-27,SOUTH-02,priority,6207,0.233,0.049,0,4,194
2024-09-27,SOUTH-02,economy,5792,0.208,0.157,0,4,452
2024-09-27,WEST-01,standard,8125,0.055,0.095,0,4,535
2024-09-27,WEST-01,priority,6915,0.085,0.169,0,4,363
2024-09-27,WEST-01,economy,6687,0.197,0.195,0,4,413
2024-09-28,NORTH-01,standard,5991,0.051,0.181,0,5,442
2024-09-28,NORTH-01,priority,4600,0.094,0.223,0,5,266
2024-09-28,NORTH-01,economy,4146,0.147,0.049,0,5,330
2024-09-28,NORTH-02,standard,5423,0.0,0.118,0,5,587
2024-09-28,NORTH-02,priority,5502,0.205,0.16,0,5,417
2024-09-28,NORTH-02,economy,5083,0.297,0.025,0,5,481
2024-09-28,CENTRAL-01,standard,5157,0.172,0.141,0,5,185
2024-09-28,CENTRAL-01,priority,6215,0.242,0.246,0,5,357
2024-09-28,CENTRAL-01,economy,4952,0.411,0.23,0,5,590
2024-09-28,SOUTH-01,standard,6689,0.048,0.032,0,5,289
2024-09-28,SOUTH-01,priority,6379,0.136,0.214,0,5,370
2024-09-28,SOUTH-01,economy,4824,0.187,0.0,0,5,278
2024-09-28,SOUTH-02,standard,7982,0.079,0.131,0,5,410
2024-09-28,SOUTH-02,priority,7486,0.021,0.087,0,5,588
2024-09-28,SOUTH-02,economy,5993,0.252,0.025,0,5,405
2024-09-28,WEST-01,standard,7542,0.183,0.104,0,5,329
2024-09-28,WEST-01,priority,7765,0.043,0.259,0,5,378
2024-09-28,WEST-01,economy,7499,0.222,0.181,0,5,509
2024-09-29,NORTH-01,standard,5337,0.28,0.153,0,6,506
2024-09-29,NORTH-01,priority,5023,0.258,0.084,0,6,431
2024-09-29,NORTH-01,economy,4588,0.0,0.076,0,6,86
2024-09-29,NORTH-02,standard,6377,0.0,0.128,0,6,435
2024-09-29,NORTH-02,priority,5097,0.37,0.157,0,6,176
2024-09-29,NORTH-02,economy,5224,0.134,0.207,0,6,368
2024-09-29,CENTRAL-01,standard,6566,0.246,0.252,0,6,541
2024-09-29,CENTRAL-01,priority,5715,0.093,0.144,0,6,446
2024-09-29,CENTRAL-01,economy,4522,0.058,0.124,0,6,386
2024-09-29,SOUTH-01,standard,7194,0.33,0.223,0,6,496
2024-09-29,SOUTH-01,priority,6547,0.264,0.199,0,6,297
2024-09-29,SOUTH-01,economy,5543,0.156,0.156,0,6,158
2024-09-29,SOUTH-02,standard,7863,0.032,0.168,0,6,417
2024-09-29,SOUTH-02,priority,6502,0.512,0.076,0,6,530
2024-09-29,SOUTH-02,economy,6486,0.308,0.202,0,6,381
2024-09-29,WEST-01,standard,7347,0.38,0.253,0,6,438
2024-09-29,WEST-01,priority,7544,0.0,0.272,0,6,568
2024-09-29,WEST-01,economy,7450,0.167,0.001,0,6,419
2024-09-30,NORTH-01,standard,7585,0.06,0.242,0,0,383
2024-09-30,NORTH-01,priority,5455,0.168,0.169,0,0,260
2024-09-30,NORTH-01,economy,4710,0.394,0.139,0,0,267
2024-09-30,NORTH-02,standard,6741,0.309,0.0,0,0,677
2024-09-30,NORTH-02,priority,6708,0.424,0.196,0,0,538
2024-09-30,NORTH-02,economy,6554,0.165,0.224,0,0,224
2024-09-30,CENTRAL-01,standard,7384,0.249,0.179,0,0,403
2024-09-30,CENTRAL-01,priority,7224,0.208,0.175,0,0,453
2024-09-30,CENTRAL-01,economy,5864,0.159,0.083,0,0,387
2024-09-30,SOUTH-01,standard,8149,0.095,0.226,0,0,561
2024-09-30,SOUTH-01,priority,7640,0.103,0.084,0,0,424
2024-09-30,SOUTH-01,economy,6927,0.156,0.206,0,0,237
2024-09-30,SOUTH-02,standard,8751,0.346,0.117,0,0,282
2024-09-30,SOUTH-02,priority,6725,0.218,0.135,0,0,460
2024-09-30,SOUTH-02,economy,7584,0.0,0.127,0,0,343
2024-09-30,WEST-01,standard,8730,0.072,0.214,0,0,393
2024-09-30,WEST-01,priority,7590,0.333,0.057,0,0,511
2024-09-30,WEST-01,economy,7637,0.032,0.292,0,0,514
2024-10-01,NORTH-01,standard,6198,0.285,0.138,0,1,360
2024-10-01,NORTH-01,priority,5208,0.266,0.071,0,1,514
2024-10-01,NORTH-01,economy,5298,0.092,0.178,0,1,319
2024-10-01,NORTH-02,standard,6626,0.352,0.143,0,1,346
2024-10-01,NORTH-02,priority,6096,0.12,0.096,0,1,562
2024-10-01,NORTH-02,economy,6000,0.265,0.122,0,1,169
2024-10-01,CENTRAL-01,standard,8289,0.345,0.254,0,1,550
2024-10-01,CENTRAL-01,priority,6568,0.232,0.253,0,1,329
2024-10-01,CENTRAL-01,economy,5913,0.172,0.26,0,1,241
2024-10-01,SOUTH-01,standard,7550,0.208,0.207,0,1,486
2024-10-01,SOUTH-01,priority,7299,0.344,0.246,0,1,388
2024-10-01,SOUTH-01,economy,6768,0.388,0.151,0,1,618
2024-10-01,SOUTH-02,standard,7518,0.28,0.07,0,1,369
2024-10-01,SOUTH-02,priority,8503,0.265,0.186,0,1,487
2024-10-01,SOUTH-02,economy,7406,0.141,0.059,0,1,401
2024-10-01,WEST-01,standard,8405,0.0,0.152,0,1,381
2024-10-01,WEST-01,priority,7743,0.181,0.078,0,1,322
2024-10-01,WEST-01,economy,7193,0.094,0.069,0,1,288
2024-10-02,NORTH-01,standard,6069,0.25,0.166,0,2,588
2024-10-02,NORTH-01,priority,5273,0.261,0.186,0,2,394
2024-10-02,NORTH-01,economy,3933,0.186,0.148,0,2,398
2024-10-02,NORTH-02,standard,6573,0.176,0.266,0,2,302
2024-10-02,NORTH-02,priority,5909,0.33,0.0,0,2,196
2024-10-02,NORTH-02,economy,5261,0.239,0.184,0,2,298
2024-10-02,CENTRAL-01,standard,6507,0.0,0.124,0,2,129
2024-10-02,CENTRAL-01,priority,6010,0.185,0.064,0,2,330
2024-10-02,CENTRAL-01,economy,5173,0.415,0.13,0,2,309
2024-10-02,SOUTH-01,standard,7358,0.0,0.134,0,2,472
2024-10-02,SOUTH-01,priority,6437,0.145,0.033,0,2,423
2024-10-02,SOUTH-01,economy,4834,0.281,0.128,0,2,389
2024-10-02,SOUTH-02,standard,7482,0.179,0.261,0,2,399
2024-10-02,SOUTH-02,priority,6334,0.23,0.102,0,2,358
2024-10-02,SOUTH-02,economy,6981,0.07,0.132,0,2,514
2024-10-02,WEST-01,standard,7535,0.217,0.274,0,2,704
2024-10-02,WEST-01,priority,8230,0.125,0.31,0,2,216
2024-10-02,WEST-01,economy,6095,0.356,0.127,0,2,425
2024-10-03,NORTH-01,standard,5375,0.059,0.19,0,3,362
2024-10-03,NORTH-01,priority,4735,0.34,0.181,0,3,387
2024-10-03,NORTH-01,economy,4259,0.011,0.083,0,3,402
2024-10-03,NORTH-02,standard,6040,0.229,0.193,0,3,266
2024-10-03,NORTH-02,priority,5367,0.359,0.094,0,3,327
2024-10-03,NORTH-02,economy,5122,0.248,0.102,0,3,499
2024-10-03,CENTRAL-01,standard,6197,0.299,0.163,0,3,704
2024-10-03,CENTRAL-01,priority,6186,0.061,0.22,0,3,358
2024-10-03,CENTRAL-01,economy,5340,0.202,0.109,0,3,378
2024-10-03,SOUTH-01,standard,6936,0.501,0.236,0,3,457
2024-10-03,SOUTH-01,priority,5909,0.401,0.072,0,3,128
2024-10-03,SOUTH-01,economy,5268,0.247,0.218,0,3,510
2024-10-03,SOUTH-02,standard,7425,0.094,0.123,0,3,594
2024-10-03,SOUTH-02,priority,7159,0.077,0.173,0,3,462
2024-10-03,SOUTH-02,economy,5869,0.253,0.211,0,3,558
2024-10-03,WEST-01,standard,8315,0.167,0.13,0,3,353
2024-10-03,WEST-01,priority,8093,0.218,0.092,0,3,699
2024-10-03,WEST-01,economy,6587,0.167,0.192,0,3,335
2024-10-04,NORTH-01,standard,4957,0.194,0.147,0,4,360
2024-10-04,NORTH-01,priority,4996,0.175,0.175,0,4,286
2024-10-04,NORTH-01,economy,4918,0.285,0.193,0,4,386
2024-10-04,NORTH-02,standard,5294,0.156,0.199,0,4,591
2024-10-04,NORTH-02,priority,5246,0.213,0.325,0,4,203
2024-10-04,NORTH-02,economy,4942,0.224,0.179,0,4,350
2024-10-04,CENTRAL-01,standard,6511,0.105,0.031,0,4,221
2024-10-04,CENTRAL-01,priority,6144,0.015,0.12,0,4,602
2024-10-04,CENTRAL-01,economy,5545,0.298,0.265,0,4,390
2024-10-04,SOUTH-01,standard,6326,0.481,0.044,0,4,329
2024-10-04,SOUTH-01,priority,6409,0.287,0.072,0,4,441
2024-10-04,SOUTH-01,economy,6301,0.278,0.214,0,4,363
2024-10-04,SOUTH-02,standard,6797,0.244,0.091,0,4,595
2024-10-04,SOUTH-02,priority,7088,0.083,0.201,0,4,533
2024-10-04,SOUTH-02,economy,6320,0.0,0.221,0,4,297
2024-10-04,WEST-01,standard,8201,0.15,0.233,0,4,410
2024-10-04,WEST-01,priority,7475,0.043,0.065,0,4,250
2024-10-04,WEST-01,economy,6997,0.166,0.364,0,4,478
2024-10-05,NORTH-01,standard,5940,0.053,0.052,0,5,324
2024-10-05,NORTH-01,priority,6375,0.321,0.161,0,5,314
2024-10-05,NORTH-01,economy,4728,0.227,0.086,0,5,386
2024-10-05,NORTH-02,standard,6734,0.077,0.133,0,5,544
2024-10-05,NORTH-02,priority,6337,0.022,0.121,0,5,362
2024-10-05,NORTH-02,economy,4369,0.214,0.24,0,5,210
2024-10-05,CENTRAL-01,standard,7099,0.153,0.254,0,5,491
2024-10-05,CENTRAL-01,priority,5959,0.175,0.248,0,5,440
2024-10-05,CENTRAL-01,economy,5323,0.301,0.294,0,5,308
2024-10-05,SOUTH-01,standard,6714,0.347,0.268,0,5,260
2024-10-05,SOUTH-01,priority,5319,0.338,0.027,0,5,319
2024-10-05,SOUTH-01,economy,5640,0.192,0.065,0,5,381
2024-10-05,SOUTH-02,standard,7770,0.122,0.313,0,5,548
2024-10-05,SOUTH-02,priority,6918,0.005,0.033,0,5,610
2024-10-05,SOUTH-02,economy,5699,0.059,0.161,0,5,264
2024-10-05,WEST-01,standard,7146,0.203,0.111,0,5,235
2024-10-05,WEST-01,priority,7605,0.0,0.188,0,5,479
2024-10-05,WEST-01,economy,7020,0.071,0.23,0,5,391
2024-10-06,NORTH-01,standard,5648,0.161,0.098,0,6,543
2024-10-06,NORTH-01,priority,5073,0.317,0.13,0,6,200
2024-10-06,NORTH-01,economy,4504,0.268,0.084,0,6,671
2024-10-06,NORTH-02,standard,6606,0.112,0.384,0,6,288
2024-10-06,NORTH-02,priority,5955,0.085,0.339,0,6,290
2024-10-06,NORTH-02,economy,4867,0.156,0.184,0,6,367
2024-10-06,CENTRAL-01,standard,6442,0.393,0.06,0,6,364
2024-10-06,CENTRAL-01,priority,5403,0.12,0.236,0,6,58
2024-10-06,CENTRAL-01,economy,4629,0.207,0.139,0,6,113
2024-10-06,SOUTH-01,standard,6752,0.412,0.187,0,6,645
2024-10-06,SOUTH-01,priority,5857,0.303,0.292,0,6,209
2024-10-06,SOUTH-01,economy,6165,0.254,0.183,0,6,169
2024-10-06,SOUTH-02,standard,7752,0.264,0.229,0,6,363
2024-10-06,SOUTH-02,priority,6459,0.242,0.088,0,6,248
2024-10-06,SOUTH-02,economy,5947,0.089,0.131,0,6,267
2024-10-06,WEST-01,standard,7892,0.024,0.307,0,6,456
2024-10-06,WEST-01,priority,7514,0.0,0.259,0,6,352
2024-10-06,WEST-01,economy,5419,0.128,0.22,0,6,243
2024-10-07,NORTH-01,standard,7569,0.166,0.14,0,0,366
2024-10-07,NORTH-01,priority,6253,0.299,0.295,0,0,286
2024-10-07,NORTH-01,economy,6181,0.026,0.21,0,0,430
2024-10-07,NORTH-02,standard,7425,0.328,0.357,0,0,270
2024-10-07,NORTH-02,priority,6354,0.186,0.26,0,0,551
2024-10-07,NORTH-02,economy,5600,0.172,0.177,0,0,367
2024-10-07,CENTRAL-01,standard,7008,0.205,0.021,0,0,242
2024-10-07,CENTRAL-01,priority,7146,0.131,0.086,0,0,517
2024-10-07,CENTRAL-01,economy,5909,0.247,0.049,0,0,195
2024-10-07,SOUTH-01,standard,8304,0.162,0.202,0,0,485
2024-10-07,SOUTH-01,priority,6979,0.331,0.171,0,0,494
2024-10-07,SOUTH-01,economy,6576,0.289,0.108,0,0,341
2024-10-07,SOUTH-02,standard,7899,0.0,0.185,0,0,456
2024-10-07,SOUTH-02,priority,7525,0.0,0.092,0,0,549
2024-10-07,SOUTH-02,economy,7100,0.116,0.064,0,0,366
2024-10-07,WEST-01,standard,8569,0.275,0.069,0,0,733
2024-10-07,WEST-01,priority,7394,0.151,0.165,0,0,299
2024-10-07,WEST-01,economy,7602,0.235,0.124,0,0,459
2024-10-08,NORTH-01,standard,6240,0.022,0.231,0,1,275
2024-10-08,NORTH-01,priority,5609,0.208,0.275,0,1,365
2024-10-08,NORTH-01,economy,5825,0.199,0.203,0,1,306
2024-10-08,NORTH-02,standard,7721,0.301,0.256,0,1,471
2024-10-08,NORTH-02,priority,5651,0.199,0.112,0,1,316
2024-10-08,NORTH-02,economy,5936,0.193,0.141,0,1,183
2024-10-08,CENTRAL-01,standard,8016,0.158,0.31,0,1,494
2024-10-08,CENTRAL-01,priority,5943,0.227,0.121,0,1,413
2024-10-08,CENTRAL-01,economy,6266,0.0,0.124,0,1,314
2024-10-08,SOUTH-01,standard,8190,0.441,0.296,0,1,314
2024-10-08,SOUTH-01,priority,6647,0.411,0.2,0,1,383
2024-10-08,SOUTH-01,economy,6464,0.295,0.102,0,1,411
2024-10-08,SOUTH-02,standard,7900,0.048,0.128,0,1,521
2024-10-08,SOUTH-02,priority,7162,0.071,0.173,0,1,258
2024-10-08,SOUTH-02,economy,7173,0.038,0.127,0,1,438
2024-10-08,WEST-01,standard,8498,0.0,0.137,0,1,499
2024-10-08,WEST-01,priority,7756,0.148,0.144,0,1,619
2024-10-08,WEST-01,economy,7572,0.026,0.118,0,1,376
2024-10-09,NORTH-01,standard,5231,0.088,0.005,0,2,221
2024-10-09,NORTH-01,priority,5024,0.382,0.331,0,2,162
2024-10-09,NORTH-01,economy,3971,0.269,0.072,0,2,223
2024-10-09,NORTH-02,standard,5517,0.12,0.122,0,2,261
2024-10-09,NORTH-02,priority,5369,0.302,0.147,0,2,73
2024-10-09,NORTH-02,economy,5111,0.294,0.095,0,2,351
2024-10-09,CENTRAL-01,standard,7286,0.113,0.016,0,2,494
2024-10-09,CENTRAL-01,priority,6043,0.284,0.296,0,2,523
2024-10-09,CENTRAL-01,economy,5101,0.123,0.209,0,2,272
2024-10-09,SOUTH-01,standard,6911,0.192,0.049,0,2,349
2024-10-09,SOUTH-01,priority,6261,0.0,0.113,0,2,470
2024-10-09,SOUTH-01,economy,6002,0.214,0.266,0,2,293
2024-10-09,SOUTH-02,standard,7516,0.173,0.122,0,2,412
2024-10-09,SOUTH-02,priority,6982,0.105,0.151,0,2,268
2024-10-09,SOUTH-02,economy,6372,0.218,0.024,0,2,434
2024-10-09,WEST-01,standard,7958,0.376,0.061,0,2,531
2024-10-09,WEST-01,priority,6676,0.158,0.12,0,2,218
2024-10-09,WEST-01,economy,7156,0.09,0.05,0,2,214
2024-10-10,NORTH-01,standard,5799,0.198,0.185,0,3,407
2024-10-10,NORTH-01,priority,4891,0.294,0.114,0,3,291
2024-10-10,NORTH-01,economy,3949,0.336,0.318,0,3,54
2024-10-10,NORTH-02,standard,6919,0.248,0.236,0,3,476
2024-10-10,NORTH-02,priority,6062,0.347,0.283,0,3,467
2024-10-10,NORTH-02,economy,5075,0.026,0.149,0,3,320
2024-10-10,CENTRAL-01,standard,6324,0.175,0.275,0,3,465
2024-10-10,CENTRAL-01,priority,5289,0.218,0.081,0,3,134
2024-10-10,CENTRAL-01,economy,4836,0.238,0.145,0,3,99
2024-10-10,SOUTH-01,standard,6547,0.232,0.136,0,3,260
2024-10-10,SOUTH-01,priority,6225,0.151,0.188,0,3,224
2024-10-10,SOUTH-01,economy,5799,0.173,0.234,0,3,362
2024-10-10,SOUTH-02,standard,6900,0.141,0.079,0,3,187
2024-10-10,SOUTH-02,priority,6675,0.322,0.187,0,3,415
2024-10-10,SOUTH-02,economy,5854,0.221,0.091,0,3,298
2024-10-10,WEST-01,standard,7672,0.481,0.232,0,3,574
2024-10-10,WEST-01,priority,6786,0.329,0.04,0,3,381
2024-10-10,WEST-01,economy,6401,0.253,0.132,0,3,316
2024-10-11,NORTH-01,standard,5185,0.306,0.035,0,4,114
2024-10-11,NORTH-01,priority,5287,0.056,0.175,0,4,301
2024-10-11,NORTH-01,economy,4368,0.315,0.258,0,4,341
2024-10-11,NORTH-02,standard,5663,0.126,0.2,0,4,565
2024-10-11,NORTH-02,priority,4858,0.317,0.054,0,4,376
2024-10-11,NORTH-02,economy,4753,0.139,0.194,0,4,505
2024-10-11,CENTRAL-01,standard,6977,0.181,0.344,0,4,227
2024-10-11,CENTRAL-01,priority,5907,0.43,0.238,0,4,434
2024-10-11,CENTRAL-01,economy,5173,0.037,0.006,0,4,500
2024-10-11,SOUTH-01,standard,7596,0.227,0.287,0,4,410
2024-10-11,SOUTH-01,priority,6283,0.322,0.272,0,4,342
2024-10-11,SOUTH-01,economy,5588,0.197,0.0,0,4,434
2024-10-11,SOUTH-02,standard,7343,0.197,0.178,0,4,160
2024-10-11,SOUTH-02,priority,6247,0.38,0.121,0,4,530
2024-10-11,SOUTH-02,economy,6347,0.297,0.172,0,4,231
2024-10-11,WEST-01,standard,7626,0.17,0.254,0,4,288
2024-10-11,WEST-01,priority,7426,0.189,0.158,0,4,237
2024-10-11,WEST-01,economy,6332,0.0,0.224,0,4,296
2024-10-12,NORTH-01,standard,6035,0.0,0.232,0,5,398
2024-10-12,NORTH-01,priority,4370,0.216,0.0,0,5,256
2024-10-12,NORTH-01,economy,4541,0.09,0.128,0,5,437
2024-10-12,NORTH-02,standard,6512,0.002,0.149,0,5,264
2024-10-12,NORTH-02,priority,5506,0.157,0.187,0,5,426
2024-10-12,NORTH-02,economy,4280,0.191,0.125,0,5,338
2024-10-12,CENTRAL-01,standard,6618,0.192,0.071,0,5,530
2024-10-12,CENTRAL-01,priority,5542,0.101,0.092,0,5,144
2024-10-12,CENTRAL-01,economy,4622,0.421,0.114,0,5,183
2024-10-12,SOUTH-01,standard,7490,0.133,0.094,0,5,254
2024-10-12,SOUTH-01,priority,6466,0.0,0.194,0,5,347
2024-10-12,SOUTH-01,economy,5608,0.247,0.161,0,5,179
2024-10-12,SOUTH-02,standard,6981,0.0,0.094,0,5,421
2024-10-12,SOUTH-02,priority,6769,0.0,0.114,0,5,378
2024-10-12,SOUTH-02,economy,5748,0.228,0.124,0,5,501
2024-10-12,WEST-01,standard,7814,0.142,0.264,0,5,412
2024-10-12,WEST-01,priority,7016,0.163,0.168,0,5,402
2024-10-12,WEST-01,economy,6917,0.364,0.234,0,5,226
2024-10-13,NORTH-01,standard,6098,0.038,0.167,0,6,300
2024-10-13,NORTH-01,priority,5508,0.096,0.262,0,6,472
2024-10-13,NORTH-01,economy,4780,0.127,0.108,0,6,291
2024-10-13,NORTH-02,standard,5815,0.107,0.077,0,6,459
2024-10-13,NORTH-02,priority,5363,0.0,0.2,0,6,315
2024-10-13,NORTH-02,economy,4689,0.162,0.132,0,6,267
2024-10-13,CENTRAL-01,standard,6690,0.111,0.256,0,6,365
2024-10-13,CENTRAL-01,priority,5625,0.103,0.117,0,6,440
2024-10-13,CENTRAL-01,economy,5164,0.09,0.0,0,6,301
2024-10-13,SOUTH-01,standard,5922,0.11,0.223,0,6,546
2024-10-13,SOUTH-01,priority,5929,0.307,0.1,0,6,418
2024-10-13,SOUTH-01,economy,4876,0.244,0.099,0,6,579
2024-10-13,SOUTH-02,standard,7332,0.295,0.163,0,6,474
2024-10-13,SOUTH-02,priority,6310,0.269,0.0,0,6,314
2024-10-13,SOUTH-02,economy,5448,0.161,0.212,0,6,181
2024-10-13,WEST-01,standard,8214,0.098,0.162,0,6,622
2024-10-13,WEST-01,priority,7568,0.146,0.216,0,6,472
2024-10-13,WEST-01,economy,6051,0.177,0.118,0,6,225
2024-10-14,NORTH-01,standard,6309,0.222,0.146,0,0,449
2024-10-14,NORTH-01,priority,5725,0.156,0.077,0,0,450
2024-10-14,NORTH-01,economy,5395,0.057,0.167,0,0,250
2024-10-14,NORTH-02,standard,6877,0.145,0.024,0,0,222
2024-10-14,NORTH-02,priority,5972,0.309,0.143,0,0,498
2024-10-14,NORTH-02,economy,4985,0.056,0.09,0,0,486
2024-10-14,CENTRAL-01,standard,6675,0.405,0.016,0,0,388
2024-10-14,CENTRAL-01,priority,6770,0.118,0.147,0,0,432
2024-10-14,CENTRAL-01,economy,5801,0.065,0.165,0,0,304
2024-10-14,SOUTH-01,standard,7698,0.0,0.118,0,0,524
2024-10-14,SOUTH-01,priority,7206,0.173,0.16,0,0,140
2024-10-14,SOUTH-01,economy,6824,0.0,0.125,0,0,356
2024-10-14,SOUTH-02,standard,8179,0.076,0.131,0,0,518
2024-10-14,SOUTH-02,priority,7472,0.267,0.106,0,0,437
2024-10-14,SOUTH-02,economy,7114,0.231,0.282,0,0,533
2024-10-14,WEST-01,standard,7841,0.041,0.099,0,0,433
2024-10-14,WEST-01,priority,7878,0.258,0.0,0,0,488
2024-10-14,WEST-01,economy,7583,0.246,0.054,0,0,408
2024-10-15,NORTH-01,standard,6612,0.251,0.14,0,1,511
2024-10-15,NORTH-01,priority,6484,0.156,0.173,0,1,358
2024-10-15,NORTH-01,economy,6080,0.045,0.204,0,1,517
2024-10-15,NORTH-02,standard,6426,0.266,0.0,0,1,302
2024-10-15,NORTH-02,priority,6048,0.185,0.285,0,1,630
2024-10-15,NORTH-02,economy,6038,0.134,0.089,0,1,472
2024-10-15,CENTRAL-01,standard,7452,0.258,0.088,0,1,279
2024-10-15,CENTRAL-01,priority,6500,0.084,0.142,0,1,501
2024-10-15,CENTRAL-01,economy,5819,0.111,0.132,0,1,479
2024-10-15,SOUTH-01,standard,8453,0.1,0.241,0,1,380
2024-10-15,SOUTH-01,priority,7377,0.184,0.112,0,1,377
2024-10-15,SOUTH-01,economy,5963,0.13,0.154,0,1,349
2024-10-15,SOUTH-02,standard,8592,0.258,0.161,0,1,392
2024-10-15,SOUTH-02,priority,7396,0.125,0.061,0,1,637
2024-10-15,SOUTH-02,economy,6497,0.213,0.103,0,1,183
2024-10-15,WEST-01,standard,8664,0.08,0.211,0,1,324
2024-10-15,WEST-01,priority,8181,0.078,0.202,0,1,350
2024-10-15,WEST-01,economy,8204,0.143,0.326,0,1,602
2024-10-16,NORTH-01,standard,5506,0.0,0.138,0,2,410
2024-10-16,NORTH-01,priority,4561,0.307,0.176,0,2,237
2024-10-16,NORTH-01,economy,4454,0.254,0.208,0,2,329
2024-10-16,NORTH-02,standard,6382,0.186,0.172,0,2,447
2024-10-16,NORTH-02,priority,5395,0.183,0.146,0,2,248
2024-10-16,NORTH-02,economy,4660,0.085,0.194,0,2,417
2024-10-16,CENTRAL-01,standard,6845,0.174,0.216,0,2,486
2024-10-16,CENTRAL-01,priority,6272,0.123,0.183,0,2,182
2024-10-16,CENTRAL-01,economy,5690,0.384,0.331,0,2,447
2024-10-16,SOUTH-01,standard,6777,0.251,0.124,0,2,499
2024-10-16,SOUTH-01,priority,6132,0.063,0.065,0,2,442
2024-10-16,SOUTH-01,economy,5706,0.076,0.132,0,2,229
2024-10-16,SOUTH-02,standard,7519,0.0,0.068,0,2,463
2024-10-16,SOUTH-02,priority,6474,0.239,0.199,0,2,273
2024-10-16,SOUTH-02,economy,6429,0.225,0.133,0,2,418
2024-10-16,WEST-01,standard,8043,0.334,0.113,0,2,665
2024-10-16,WEST-01,priority,6813,0.186,0.19,0,2,491
2024-10-16,WEST-01,economy,6614,0.315,0.11,0,2,412
2024-10-17,NORTH-01,standard,5888,0.227,0.215,0,3,339
2024-10-17,NORTH-01,priority,4799,0.28,0.239,0,3,323
2024-10-17,NORTH-01,economy,5125,0.0,0.197,0,3,302
2024-10-17,NORTH-02,standard,5863,0.196,0.132,0,3,383
2024-10-17,NORTH-02,priority,5122,0.086,0.131,0,3,404
2024-10-17,NORTH-02,economy,4768,0.209,0.116,0,3,296
2024-10-17,CENTRAL-01,standard,6590,0.317,0.115,0,3,293
2024-10-17,CENTRAL-01,priority,6342,0.278,0.233,0,3,546
2024-10-17,CENTRAL-01,economy,6025,0.215,0.249,0,3,226
2024-10-17,SOUTH-01,standard,7282,0.108,0.03,0,3,217
2024-10-17,SOUTH-01,priority,5623,0.0,0.062,0,3,381
2024-10-17,SOUTH-01,economy,5612,0.05,0.015,0,3,350
2024-10-17,SOUTH-02,standard,7410,0.0,0.093,0,3,359
2024-10-17,SOUTH-02,priority,7786,0.14,0.244,0,3,375
2024-10-17,SOUTH-02,economy,6312,0.021,0.131,0,3,362
2024-10-17,WEST-01,standard,7217,0.253,0.327,0,3,335
2024-10-17,WEST-01,priority,7274,0.365,0.108,0,3,473
2024-10-17,WEST-01,economy,6739,0.328,0.303,0,3,172
2024-10-18,NORTH-01,standard,5333,0.096,0.325,0,4,399
2024-10-18,NORTH-01,priority,5412,0.0,0.042,0,4,346
2024-10-18,NORTH-01,economy,3513,0.135,0.085,0,4,368
2024-10-18,NORTH-02,standard,5953,0.146,0.028,0,4,428
2024-10-18,NORTH-02,priority,5492,0.156,0.159,0,4,259
2024-10-18,NORTH-02,economy,5325,0.187,0.209,0,4,434
2024-10-18,CENTRAL-01,standard,6824,0.099,0.201,0,4,299
2024-10-18,CENTRAL-01,priority,6569,0.124,0.204,0,4,159
2024-10-18,CENTRAL-01,economy,5275,0.377,0.243,0,4,309
2024-10-18,SOUTH-01,standard,6742,0.227,0.099,0,4,205
2024-10-18,SOUTH-01,priority,6724,0.0,0.337,0,4,406
2024-10-18,SOUTH-01,economy,5474,0.176,0.084,0,4,355
2024-10-18,SOUTH-02,standard,7500,0.156,0.09,0,4,427
2024-10-18,SOUTH-02,priority,6689,0.227,0.206,0,4,360
2024-10-18,SOUTH-02,economy,5071,0.358,0.074,0,4,398
2024-10-18,WEST-01,standard,8114,0.104,0.064,0,4,406
2024-10-18,WEST-01,priority,6816,0.028,0.305,0,4,374
2024-10-18,WEST-01,economy,6462,0.0,0.172,0,4,472
2024-10-19,NORTH-01,standard,5590,0.178,0.258,0,5,155
2024-10-19,NORTH-01,priority,4199,0.209,0.13,0,5,179
2024-10-19,NORTH-01,economy,4926,0.092,0.274,0,5,286
2024-10-19,NORTH-02,standard,5588,0.237,0.0,0,5,395
2024-10-19,NORTH-02,priority,5356,0.2,0.107,0,5,381
2024-10-19,NORTH-02,economy,5045,0.179,0.219,0,5,392
2024-10-19,CENTRAL-01,standard,7123,0.386,0.216,0,5,313
2024-10-19,CENTRAL-01,priority,5927,0.0,0.139,0,5,532
2024-10-19,CENTRAL-01,economy,5538,0.044,0.144,0,5,358
2024-10-19,SOUTH-01,standard,7431,0.159,0.179,0,5,587
2024-10-19,SOUTH-01,priority,6863,0.184,0.085,0,5,256
2024-10-19,SOUTH-01,economy,6250,0.395,0.258,0,5,449
2024-10-19,SOUTH-02,standard,7541,0.0,0.067,0,5,325
2024-10-19,SOUTH-02,priority,6758,0.142,0.199,0,5,236
2024-10-19,SOUTH-02,economy,5965,0.286,0.191,0,5,444
2024-10-19,WEST-01,standard,7970,0.191,0.257,0,5,577
2024-10-19,WEST-01,priority,7205,0.0,0.187,0,5,293
2024-10-19,WEST-01,economy,5665,0.319,0.221,0,5,435
2024-10-20,NORTH-01,standard,5148,0.251,0.092,0,6,143
2024-10-20,NORTH-01,priority,5369,0.139,0.136,0,6,373
2024-10-20,NORTH-01,economy,4427,0.053,0.169,0,6,200
2024-10-20,NORTH-02,standard,6477,0.0,0.2,0,6,441
2024-10-20,NORTH-02,priority,4963,0.093,0.164,0,6,210
2024-10-20,NORTH-02,economy,4164,0.184,0.171,0,6,178
2024-10-20,CENTRAL-01,standard,6289,0.136,0.227,0,6,385
2024-10-20,CENTRAL-01,priority,5936,0.209,0.13,0,6,196
2024-10-20,CENTRAL-01,economy,6101,0.101,0.265,0,6,464
2024-10-20,SOUTH-01,standard,6225,0.312,0.004,0,6,329
2024-10-20,SOUTH-01,priority,6326,0.47,0.125,0,6,415
2024-10-20,SOUTH-01,economy,5140,0.223,0.148,0,6,10
2024-10-20,SOUTH-02,standard,6371,0.334,0.101,0,6,423
2024-10-20,SOUTH-02,priority,7235,0.23,0.211,0,6,286
2024-10-20,SOUTH-02,economy,6523,0.075,0.125,0,6,123
2024-10-20,WEST-01,standard,8239,0.195,0.225,0,6,512
2024-10-20,WEST-01,priority,7541,0.308,0.0,0,6,445
2024-10-20,WEST-01,economy,5547,0.34,0.056,0,6,560
2024-10-21,NORTH-01,standard,6827,0.069,0.125,0,0,477
2024-10-21,NORTH-01,priority,5380,0.309,0.168,0,0,426
2024-10-21,NORTH-01,economy,5633,0.267,0.005,0,0,50
2024-10-21,NORTH-02,standard,7088,0.304,0.099,0,0,453
2024-10-21,NORTH-02,priority,6359,0.176,0.186,0,0,456
2024-10-21,NORTH-02,economy,4017,0.442,0.043,0,0,250
2024-10-21,CENTRAL-01,standard,7022,0.122,0.12,0,0,495
2024-10-21,CENTRAL-01,priority,7239,0.014,0.186,0,0,435
2024-10-21,CENTRAL-01,economy,6221,0.238,0.226,0,0,325
2024-10-21,SOUTH-01,standard,8208,0.238,0.198,0,0,220
2024-10-21,SOUTH-01,priority,7355,0.158,0.065,0,0,487
2024-10-21,SOUTH-01,economy,6794,0.147,0.092,0,0,367
2024-10-21,SOUTH-02,standard,8700,0.351,0.292,0,0,468
2024-10-21,SOUTH-02,priority,7262,0.399,0.169,0,0,316
2024-10-21,SOUTH-02,economy,7286,0.096,0.149,0,0,228
2024-10-21,WEST-01,standard,9027,0.126,0.167,0,0,447
2024-10-21,WEST-01,priority,7533,0.209,0.051,0,0,398
2024-10-21,WEST-01,economy,7058,0.241,0.169,0,0,363
2024-10-22,NORTH-01,standard,6361,0.361,0.194,0,1,247
2024-10-22,NORTH-01,priority,6112,0.094,0.151,0,1,431
2024-10-22,NORTH-01,economy,5004,0.227,0.12,0,1,575
2024-10-22,NORTH-02,standard,6211,0.113,0.047,0,1,323
2024-10-22,NORTH-02,priority,6809,0.293,0.104,0,1,383
2024-10-22,NORTH-02,economy,5221,0.313,0.089,0,1,347
2024-10-22,CENTRAL-01,standard,7451,0.238,0.136,0,1,474
2024-10-22,CENTRAL-01,priority,6679,0.01,0.123,0,1,323
2024-10-22,CENTRAL-01,economy,5221,0.229,0.11,0,1,308
2024-10-22,SOUTH-01,standard,8331,0.052,0.19,0,1,168
2024-10-22,SOUTH-01,priority,6735,0.087,0.178,0,1,475
2024-10-22,SOUTH-01,economy,6133,0.306,0.137,0,1,86
2024-10-22,SOUTH-02,standard,9125,0.278,0.31,0,1,430
2024-10-22,SOUTH-02,priority,7786,0.049,0.217,0,1,470
2024-10-22,SOUTH-02,economy,7427,0.216,0.157,0,1,530
2024-10-22,WEST-01,standard,7603,0.117,0.076,0,1,366
2024-10-22,WEST-01,priority,8087,0.049,0.184,0,1,395
2024-10-22,WEST-01,economy,7351,0.277,0.182,0,1,602
2024-10-23,NORTH-01,standard,5362,0.269,0.117,0,2,435
2024-10-23,NORTH-01,priority,5261,0.204,0.06,0,2,488
2024-10-23,NORTH-01,economy,5295,0.322,0.273,0,2,546
2024-10-23,NORTH-02,standard,5243,0.221,0.133,0,2,338
2024-10-23,NORTH-02,priority,4605,0.242,0.153,0,2,283
2024-10-23,NORTH-02,economy,4727,0.257,0.068,0,2,373
2024-10-23,CENTRAL-01,standard,6391,0.314,0.287,0,2,393
2024-10-23,CENTRAL-01,priority,6147,0.206,0.202,0,2,535
2024-10-23,CENTRAL-01,economy,5668,0.0,0.183,0,2,321
2024-10-23,SOUTH-01,standard,6787,0.0,0.145,0,2,584
2024-10-23,SOUTH-01,priority,5327,0.225,0.086,0,2,410
2024-10-23,SOUTH-01,economy,5846,0.264,0.133,0,2,313
2024-10-23,SOUTH-02,standard,6655,0.308,0.229,0,2,212
2024-10-23,SOUTH-02,priority,6083,0.424,0.225,0,2,174
2024-10-23,SOUTH-02,economy,5850,0.205,0.059,0,2,349
2024-10-23,WEST-01,standard,8682,0.169,0.24,0,2,382
2024-10-23,WEST-01,priority,8016,0.044,0.181,0,2,372
2024-10-23,WEST-01,economy,6383,0.282,0.083,0,2,232
2024-10-24,NORTH-01,standard,5883,0.181,0.141,0,3,569
2024-10-24,NORTH-01,priority,4790,0.133,0.0,0,3,359
2024-10-24,NORTH-01,economy,4988,0.204,0.137,0,3,345
2024-10-24,NORTH-02,standard,5271,0.167,0.088,0,3,377
2024-10-24,NORTH-02,priority,5300,0.209,0.065,0,3,321
2024-10-24,NORTH-02,economy,4989,0.105,0.087,0,3,302
2024-10-24,CENTRAL-01,standard,6424,0.109,0.081,0,3,483
2024-10-24,CENTRAL-01,priority,5964,0.205,0.131,0,3,522
2024-10-24,CENTRAL-01,economy,5502,0.239,0.171,0,3,326
2024-10-24,SOUTH-01,standard,6211,0.202,0.111,0,3,407
2024-10-24,SOUTH-01,priority,6680,0.222,0.127,0,3,293
2024-10-24,SOUTH-01,economy,5136,0.0,0.094,0,3,374
2024-10-24,SOUTH-02,standard,7945,0.09,0.229,0,3,307
2024-10-24,SOUTH-02,priority,7293,0.083,0.193,0,3,157
2024-10-24,SOUTH-02,economy,5673,0.214,0.0,0,3,481
2024-10-24,WEST-01,standard,6918,0.541,0.131,0,3,325
2024-10-24,WEST-01,priority,6708,0.188,0.096,0,3,330
2024-10-24,WEST-01,economy,6121,0.227,0.136,0,3,283
2024-10-25,NORTH-01,standard,5290,0.13,0.07,0,4,415
2024-10-25,NORTH-01,priority,5302,0.152,0.01,0,4,389
2024-10-25,NORTH-01,economy,4182,0.014,0.121,0,4,386
2024-10-25,NORTH-02,standard,6026,0.135,0.144,0,4,183
2024-10-25,NORTH-02,priority,5053,0.349,0.203,0,4,354
2024-10-25,NORTH-02,economy,5386,0.297,0.154,0,4,691
2024-10-25,CENTRAL-01,standard,6042,0.165,0.103,0,4,95
2024-10-25,CENTRAL-01,priority,6080,0.33,0.122,0,4,491
2024-10-25,CENTRAL-01,economy,6019,0.05,0.076,0,4,352
2024-10-25,SOUTH-01,standard,6840,0.101,0.066,0,4,566
2024-10-25,SOUTH-01,priority,6924,0.262,0.165,0,4,555
2024-10-25,SOUTH-01,economy,5830,0.22,0.372,0,4,486
2024-10-25,SOUTH-02,standard,7391,0.133,0.222,0,4,457
2024-10-25,SOUTH-02,priority,6780,0.467,0.226,0,4,290
2024-10-25,SOUTH-02,economy,6374,0.203,0.069,0,4,474
2024-10-25,WEST-01,standard,8618,0.158,0.283,0,4,456
2024-10-25,WEST-01,priority,6938,0.248,0.103,0,4,258
2024-10-25,WEST-01,economy,5896,0.123,0.142,0,4,426
2024-10-26,NORTH-01,standard,4400,0.303,0.149,0,5,281
2024-10-26,NORTH-01,priority,5723,0.013,0.101,0,5,59
2024-10-26,NORTH-01,economy,4280,0.082,0.216,0,5,214
2024-10-26,NORTH-02,standard,6284,0.424,0.18,0,5,427
2024-10-26,NORTH-02,priority,6363,0.199,0.251,0,5,168
2024-10-26,NORTH-02,economy,4653,0.176,0.147,0,5,437
2024-10-26,CENTRAL-01,standard,7131,0.211,0.304,0,5,557
2024-10-26,CENTRAL-01,priority,5629,0.036,0.086,0,5,507
2024-10-26,CENTRAL-01,economy,4803,0.064,0.075,0,5,654
2024-10-26,SOUTH-01,standard,6523,0.163,0.192,0,5,490
2024-10-26,SOUTH-01,priority,6071,0.0,0.072,0,5,388
2024-10-26,SOUTH-01,economy,6143,0.085,0.272,0,5,281
2024-10-26,SOUTH-02,standard,6969,0.3,0.119,0,5,496
2024-10-26,SOUTH-02,priority,6680,0.0,0.209,0,5,294
2024-10-26,SOUTH-02,economy,6260,0.415,0.108,0,5,401
2024-10-26,WEST-01,standard,7600,0.226,0.13,0,5,591
2024-10-26,WEST-01,priority,6584,0.292,0.11,0,5,307
2024-10-26,WEST-01,economy,6799,0.298,0.244,0,5,189
2024-10-27,NORTH-01,standard,5767,0.27,0.254,0,6,590
2024-10-27,NORTH-01,priority,4808,0.021,0.205,0,6,451
2024-10-27,NORTH-01,economy,4729,0.254,0.294,0,6,273
2024-10-27,NORTH-02,standard,5889,0.121,0.13,0,6,518
2024-10-27,NORTH-02,priority,5184,0.333,0.03,0,6,343
2024-10-27,NORTH-02,economy,5577,0.086,0.185,0,6,454
2024-10-27,CENTRAL-01,standard,6303,0.342,0.093,0,6,277
2024-10-27,CENTRAL-01,priority,6295,0.209,0.176,0,6,526
2024-10-27,CENTRAL-01,economy,4537,0.263,0.081,0,6,378
2024-10-27,SOUTH-01,standard,6129,0.36,0.148,0,6,614
2024-10-27,SOUTH-01,priority,5789,0.239,0.164,0,6,355
2024-10-27,SOUTH-01,economy,5386,0.262,0.19,0,6,334
2024-10-27,SOUTH-02,standard,7974,0.106,0.283,0,6,356
2024-10-27,SOUTH-02,priority,6692,0.04,0.172,0,6,330
2024-10-27,SOUTH-02,economy,6215,0.044,0.069,0,6,334
2024-10-27,WEST-01,standard,7101,0.48,0.198,0,6,208
2024-10-27,WEST-01,priority,7652,0.228,0.118,0,6,443
2024-10-27,WEST-01,economy,6331,0.0,0.068,0,6,422
2024-10-28,NORTH-01,standard,6114,0.054,0.162,0,0,364
2024-10-28,NORTH-01,priority,6136,0.224,0.267,0,0,266
2024-10-28,NORTH-01,economy,5452,0.359,0.135,0,0,270
2024-10-28,NORTH-02,standard,7022,0.191,0.086,0,0,487
2024-10-28,NORTH-02,priority,6505,0.121,0.106,0,0,276
2024-10-28,NORTH-02,economy,5888,0.0,0.178,0,0,341
2024-10-28,CENTRAL-01,standard,7349,0.243,0.203,0,0,265
2024-10-28,CENTRAL-01,priority,6971,0.103,0.197,0,0,323
2024-10-28,CENTRAL-01,economy,6220,0.086,0.199,0,0,456
2024-10-28,SOUTH-01,standard,8109,0.286,0.125,0,0,439
2024-10-28,SOUTH-01,priority,6592,0.212,0.0,0,0,267
2024-10-28,SOUTH-01,economy,6707,0.142,0.159,0,0,415
2024-10-28,SOUTH-02,standard,9169,0.098,0.205,0,0,412
2024-10-28,SOUTH-02,priority,7685,0.1,0.095,0,0,347
2024-10-28,SOUTH-02,economy,7471,0.0,0.033,0,0,557
2024-10-28,WEST-01,standard,8130,0.372,0.168,0,0,371
2024-10-28,WEST-01,priority,8192,0.001,0.028,0,0,490
2024-10-28,WEST-01,economy,6666,0.415,0.143,0,0,365
2024-10-29,NORTH-01,standard,6674,0.146,0.111,0,1,234
2024-10-29,NORTH-01,priority,6575,0.196,0.202,0,1,414
2024-10-29,NORTH-01,economy,5023,0.305,0.114,0,1,492
2024-10-29,NORTH-02,standard,7560,0.015,0.118,0,1,381
2024-10-29,NORTH-02,priority,6411,0.146,0.129,0,1,502
2024-10-29,NORTH-02,economy,6098,0.291,0.151,0,1,403
2024-10-29,CENTRAL-01,standard,7942,0.283,0.068,0,1,444
2024-10-29,CENTRAL-01,priority,7118,0.0,0.283,0,1,346
2024-10-29,CENTRAL-01,economy,5904,0.107,0.185,0,1,287
2024-10-29,SOUTH-01,standard,7652,0.114,0.127,0,1,511
2024-10-29,SOUTH-01,priority,7484,0.213,0.181,0,1,393
2024-10-29,SOUTH-01,economy,7278,0.058,0.294,0,1,591
2024-10-29,SOUTH-02,standard,7124,0.304,0.113,0,1,246
2024-10-29,SOUTH-02,priority,7393,0.256,0.142,0,1,102
2024-10-29,SOUTH-02,economy,6617,0.178,0.063,0,1,480
2024-10-29,WEST-01,standard,8794,0.057,0.075,0,1,548
2024-10-29,WEST-01,priority,7731,0.132,0.267,0,1,237
2024-10-29,WEST-01,economy,7596,0.0,0.018,0,1,290
2024-10-30,NORTH-01,standard,6186,0.011,0.18,0,2,491
2024-10-30,NORTH-01,priority,4959,0.285,0.077,0,2,388
2024-10-30,NORTH-01,economy,3951,0.123,0.163,0,2,223
2024-10-30,NORTH-02,standard,6673,0.225,0.271,0,2,459
2024-10-30,NORTH-02,priority,4835,0.19,0.144,0,2,224
2024-10-30,NORTH-02,economy,5380,0.084,0.196,0,2,429
2024-10-30,CENTRAL-01,standard,5976,0.322,0.156,0,2,353
2024-10-30,CENTRAL-01,priority,5882,0.093,0.203,0,2,344
2024-10-30,CENTRAL-01,economy,5525,0.263,0.091,0,2,184
2024-10-30,SOUTH-01,standard,7244,0.217,0.143,0,2,232
2024-10-30,SOUTH-01,priority,6392,0.0,0.21,0,2,360
2024-10-30,SOUTH-01,economy,5987,0.101,0.223,0,2,388
2024-10-30,SOUTH-02,standard,7129,0.04,0.19,0,2,314
2024-10-30,SOUTH-02,priority,7328,0.016,0.137,0,2,427
2024-10-30,SOUTH-02,economy,6231,0.127,0.159,0,2,374
2024-10-30,WEST-01,standard,7721,0.201,0.067,0,2,201
2024-10-30,WEST-01,priority,7501,0.249,0.062,0,2,111
2024-10-30,WEST-01,economy,5710,0.381,0.019,0,2,387
2024-10-31,NORTH-01,standard,5930,0.254,0.127,0,3,262
2024-10-31,NORTH-01,priority,4817,0.132,0.126,0,3,92
2024-10-31,NORTH-01,economy,4855,0.177,0.141,0,3,171
2024-10-31,NORTH-02,standard,6393,0.103,0.246,0,3,437
2024-10-31,NORTH-02,priority,6222,0.234,0.187,0,3,377
2024-10-31,NORTH-02,economy,4776,0.059,0.201,0,3,310
2024-10-31,CENTRAL-01,standard,6174,0.224,0.084,0,3,422
2024-10-31,CENTRAL-01,priority,5633,0.114,0.228,0,3,230
2024-10-31,CENTRAL-01,economy,4901,0.409,0.028,0,3,549
2024-10-31,SOUTH-01,standard,7352,0.177,0.258,0,3,399
2024-10-31,SOUTH-01,priority,6013,0.164,0.0,0,3,388
2024-10-31,SOUTH-01,economy,6040,0.208,0.347,0,3,436
2024-10-31,SOUTH-02,standard,7263,0.32,0.193,0,3,388
2024-10-31,SOUTH-02,priority,6761,0.138,0.186,0,3,457
2024-10-31,SOUTH-02,economy,6906,0.059,0.162,0,3,360
2024-10-31,WEST-01,standard,7594,0.401,0.163,0,3,421
2024-10-31,WEST-01,priority,7396,0.143,0.0,0,3,665
2024-10-31,WEST-01,economy,6486,0.238,0.193,0,3,513
2024-11-01,NORTH-01,standard,7476,0.175,0.371,0,4,340
2024-11-01,NORTH-01,priority,7926,0.224,0.423,0,4,228
2024-11-01,NORTH-01,economy,6766,0.003,0.397,0,4,490
2024-11-01,NORTH-02,standard,8670,0.0,0.342,0,4,497
2024-11-01,NORTH-02,priority,7899,0.056,0.193,0,4,480
2024-11-01,NORTH-02,economy,7473,0.301,0.321,0,4,462
2024-11-01,CENTRAL-01,standard,8087,0.339,0.346,0,4,414
2024-11-01,CENTRAL-01,priority,7741,0.191,0.391,0,4,374
2024-11-01,CENTRAL-01,economy,7489,0.284,0.342,0,4,633
2024-11-01,SOUTH-01,standard,10060,0.052,0.449,0,4,454
2024-11-01,SOUTH-01,priority,8848,0.176,0.347,0,4,374
2024-11-01,SOUTH-01,economy,8027,0.129,0.322,0,4,383
2024-11-01,SOUTH-02,standard,9772,0.0,0.358,0,4,249
2024-11-01,SOUTH-02,priority,9737,0.138,0.32,0,4,407
2024-11-01,SOUTH-02,economy,8384,0.26,0.461,0,4,425
2024-11-01,WEST-01,standard,10245,0.387,0.368,0,4,438
2024-11-01,WEST-01,priority,8784,0.262,0.347,0,4,400
2024-11-01,WEST-01,economy,8766,0.038,0.359,0,4,500
2024-11-02,NORTH-01,standard,7767,0.185,0.25,0,5,487
2024-11-02,NORTH-01,priority,6808,0.318,0.278,0,5,618
2024-11-02,NORTH-01,economy,6563,0.179,0.357,0,5,402
2024-11-02,NORTH-02,standard,8821,0.386,0.37,0,5,448
2024-11-02,NORTH-02,priority,7486,0.057,0.295,0,5,430
2024-11-02,NORTH-02,economy,7048,0.327,0.363,0,5,296
2024-11-02,CENTRAL-01,standard,8325,0.223,0.251,0,5,537
2024-11-02,CENTRAL-01,priority,8273,0.147,0.326,0,5,515
2024-11-02,CENTRAL-01,economy,7334,0.2,0.291,0,5,376
2024-11-02,SOUTH-01,standard,9305,0.216,0.347,0,5,464
2024-11-02,SOUTH-01,priority,9164,0.176,0.288,0,5,397
2024-11-02,SOUTH-01,economy,7843,0.196,0.185,0,5,283
2024-11-02,SOUTH-02,standard,10276,0.063,0.544,0,5,635
2024-11-02,SOUTH-02,priority,9126,0.283,0.429,0,5,646
2024-11-02,SOUTH-02,economy,8607,0.282,0.353,0,5,421
2024-11-02,WEST-01,standard,10404,0.186,0.347,0,5,700
2024-11-02,WEST-01,priority,9723,0.035,0.441,0,5,624
2024-11-02,WEST-01,economy,9024,0.14,0.383,0,5,243
2024-11-03,NORTH-01,standard,7858,0.389,0.275,0,6,289
2024-11-03,NORTH-01,priority,7359,0.02,0.334,0,6,260
2024-11-03,NORTH-01,economy,6773,0.176,0.231,0,6,367
2024-11-03,NORTH-02,standard,8841,0.0,0.308,0,6,317
2024-11-03,NORTH-02,priority,7475,0.241,0.385,0,6,402
2024-11-03,NORTH-02,economy,7032,0.279,0.28,0,6,528
2024-11-03,CENTRAL-01,standard,8650,0.077,0.387,0,6,420
2024-11-03,CENTRAL-01,priority,7832,0.234,0.158,0,6,466
2024-11-03,CENTRAL-01,economy,7184,0.207,0.308,0,6,470
2024-11-03,SOUTH-01,standard,9644,0.141,0.394,0,6,415
2024-11-03,SOUTH-01,priority,9100,0.309,0.302,0,6,611
2024-11-03,SOUTH-01,economy,9093,0.306,0.336,0,6,471
2024-11-03,SOUTH-02,standard,9322,0.209,0.348,0,6,615
2024-11-03,SOUTH-02,priority,9846,0.111,0.424,0,6,547
2024-11-03,SOUTH-02,economy,7501,0.097,0.323,0,6,391
2024-11-03,WEST-01,standard,9897,0.276,0.331,0,6,441
2024-11-03,WEST-01,priority,10278,0.326,0.346,0,6,419
2024-11-03,WEST-01,economy,9819,0.206,0.315,0,6,496
2024-11-04,NORTH-01,standard,9376,0.435,0.316,0,0,475
2024-11-04,NORTH-01,priority,8320,0.28,0.252,0,0,301
2024-11-04,NORTH-01,economy,7547,0.211,0.229,0,0,537
2024-11-04,NORTH-02,standard,8456,0.246,0.251,0,0,493
2024-11-04,NORTH-02,priority,9430,0.37,0.273,0,0,462
2024-11-04,NORTH-02,economy,8525,0.0,0.225,0,0,451
2024-11-04,CENTRAL-01,standard,9636,0.358,0.254,0,0,469
2024-11-04,CENTRAL-01,priority,9071,0.163,0.319,0,0,473
2024-11-04,CENTRAL-01,economy,9125,0.216,0.37,0,0,309
2024-11-04,SOUTH-01,standard,10164,0.0,0.431,0,0,439
2024-11-04,SOUTH-01,priority,9066,0.107,0.299,0,0,383
2024-11-04,SOUTH-01,economy,9198,0.258,0.35,0,0,396
2024-11-04,SOUTH-02,standard,9692,0.288,0.309,0,0,508
2024-11-04,SOUTH-02,priority,10471,0.272,0.305,0,0,392
2024-11-04,SOUTH-02,economy,9604,0.26,0.49,0,0,440
2024-11-04,WEST-01,standard,11500,0.167,0.48,0,0,782
2024-11-04,WEST-01,priority,10196,0.214,0.298,0,0,493
2024-11-04,WEST-01,economy,9841,0.0,0.312,0,0,504
2024-11-05,NORTH-01,standard,7996,0.413,0.354,0,1,310
2024-11-05,NORTH-01,priority,9051,0.211,0.357,0,1,566
2024-11-05,NORTH-01,economy,8107,0.292,0.333,0,1,315
2024-11-05,NORTH-02,standard,8697,0.296,0.327,0,1,512
2024-11-05,NORTH-02,priority,9282,0.348,0.317,0,1,259
2024-11-05,NORTH-02,economy,8156,0.036,0.338,0,1,344
2024-11-05,CENTRAL-01,standard,9650,0.196,0.308,0,1,502
2024-11-05,CENTRAL-01,priority,9038,0.1,0.342,0,1,306
2024-11-05,CENTRAL-01,economy,9163,0.272,0.487,0,1,494
2024-11-05,SOUTH-01,standard,10782,0.103,0.327,0,1,229
2024-11-05,SOUTH-01,priority,9312,0.136,0.409,0,1,510
2024-11-05,SOUTH-01,economy,8908,0.225,0.234,0,1,373
2024-11-05,SOUTH-02,standard,10917,0.23,0.404,0,1,516
2024-11-05,SOUTH-02,priority,9946,0.215,0.256,0,1,382
2024-11-05,SOUTH-02,economy,9730,0.304,0.405,0,1,677
2024-11-05,WEST-01,standard,10990,0.14,0.306,0,1,317
2024-11-05,WEST-01,priority,10176,0.0,0.4,0,1,356
2024-11-05,WEST-01,economy,10259,0.168,0.317,0,1,495
2024-11-06,NORTH-01,standard,8598,0.084,0.428,0,2,268
2024-11-06,NORTH-01,priority,7079,0.21,0.293,0,2,616
2024-11-06,NORTH-01,economy,6870,0.195,0.333,0,2,491
2024-11-06,NORTH-02,standard,8837,0.096,0.308,0,2,263
2024-11-06,NORTH-02,priority,7548,0.299,0.222,0,2,214
2024-11-06,NORTH-02,economy,7982,0.053,0.454,0,2,557
2024-11-06,CENTRAL-01,standard,9163,0.006,0.266,0,2,540
2024-11-06,CENTRAL-01,priority,7902,0.084,0.304,0,2,616
2024-11-06,CENTRAL-01,economy,7819,0.123,0.353,0,2,547
2024-11-06,SOUTH-01,standard,9082,0.066,0.443,0,2,592
2024-11-06,SOUTH-01,priority,9613,0.0,0.342,0,2,552
2024-11-06,SOUTH-01,economy,7700,0.231,0.266,0,2,572
2024-11-06,SOUTH-02,standard,9898,0.237,0.421,0,2,443
2024-11-06,SOUTH-02,priority,9081,0.272,0.371,0,2,282
2024-11-06,SOUTH-02,economy,8275,0.294,0.385,0,2,569
2024-11-06,WEST-01,standard,10630,0.209,0.371,0,2,579
2024-11-06,WEST-01,priority,10422,0.215,0.335,0,2,404
2024-11-06,WEST-01,economy,9121,0.27,0.343,0,2,601
2024-11-07,NORTH-01,standard,8316,0.143,0.398,0,3,352
2024-11-07,NORTH-01,priority,7243,0.331,0.407,0,3,529
2024-11-07,NORTH-01,economy,6777,0.08,0.348,0,3,473
2024-11-07,NORTH-02,standard,8918,0.122,0.411,0,3,402
2024-11-07,NORTH-02,priority,7056,0.4,0.29,0,3,494
2024-11-07,NORTH-02,economy,7654,0.0,0.469,0,3,238
2024-11-07,CENTRAL-01,standard,9070,0.066,0.219,0,3,292
2024-11-07,CENTRAL-01,priority,8066,0.24,0.326,0,3,483
2024-11-07,CENTRAL-01,economy,7511,0.255,0.442,0,3,401
2024-11-07,SOUTH-01,standard,9158,0.104,0.363,0,3,403
2024-11-07,SOUTH-01,priority,8856,0.13,0.373,0,3,506
2024-11-07,SOUTH-01,economy,8194,0.167,0.304,0,3,315
2024-11-07,SOUTH-02,standard,9826,0.248,0.327,0,3,501
2024-11-07,SOUTH-02,priority,9106,0.372,0.381,0,3,370
2024-11-07,SOUTH-02,economy,7836,0.276,0.328,0,3,391
2024-11-07,WEST-01,standard,10108,0.203,0.285,0,3,474
2024-11-07,WEST-01,priority,9219,0.173,0.449,0,3,700
2024-11-07,WEST-01,economy,9136,0.176,0.396,0,3,246
2024-11-08,NORTH-01,standard,8591,0.053,0.308,0,4,271
2024-11-08,NORTH-01,priority,7799,0.077,0.363,0,4,467
2024-11-08,NORTH-01,economy,7045,0.062,0.222,0,4,563
2024-11-08,NORTH-02,standard,8284,0.139,0.258,0,4,475
2024-11-08,NORTH-02,priority,8476,0.152,0.463,0,4,456
2024-11-08,NORTH-02,economy,7164,0.0,0.295,0,4,305
2024-11-08,CENTRAL-01,standard,8269,0.203,0.367,0,4,524
2024-11-08,CENTRAL-01,priority,8699,0.182,0.379,0,4,348
2024-11-08,CENTRAL-01,economy,8217,0.331,0.339,0,4,319
2024-11-08,SOUTH-01,standard,10227,0.353,0.278,0,4,372
2024-11-08,SOUTH-01,priority,8932,0.307,0.321,0,4,443
2024-11-08,SOUTH-01,economy,9053,0.049,0.126,0,4,460
2024-11-08,SOUTH-02,standard,10314,0.0,0.374,0,4,403
2024-11-08,SOUTH-02,priority,9791,0.095,0.348,0,4,485
2024-11-08,SOUTH-02,economy,8451,0.356,0.44,0,4,245
2024-11-08,WEST-01,standard,10364,0.153,0.392,0,4,567
2024-11-08,WEST-01,priority,9486,0.284,0.392,0,4,526
2024-11-08,WEST-01,economy,8836,0.448,0.231,0,4,664
2024-11-09,NORTH-01,standard,8817,0.039,0.43,0,5,267
2024-11-09,NORTH-01,priority,7364,0.265,0.328,0,5,361
2024-11-09,NORTH-01,economy,6526,0.338,0.341,0,5,322
2024-11-09,NORTH-02,standard,8274,0.139,0.264,0,5,442
2024-11-09,NORTH-02,priority,8101,0.229,0.446,0,5,366
2024-11-09,NORTH-02,economy,7393,0.059,0.374,0,5,391
2024-11-09,CENTRAL-01,standard,9110,0.212,0.392,0,5,432
2024-11-09,CENTRAL-01,priority,8735,0.084,0.301,0,5,391
2024-11-09,CENTRAL-01,economy,7599,0.018,0.443,0,5,412
2024-11-09,SOUTH-01,standard,8310,0.239,0.35,0,5,476
2024-11-09,SOUTH-01,priority,7827,0.339,0.413,0,5,670
2024-11-09,SOUTH-01,economy,8527,0.021,0.264,0,5,490
2024-11-09,SOUTH-02,standard,10327,0.19,0.304,0,5,485
2024-11-09,SOUTH-02,priority,9591,0.0,0.449,0,5,601
2024-11-09,SOUTH-02,economy,8640,0.249,0.541,0,5,441
2024-11-09,WEST-01,standard,10492,0.266,0.326,0,5,141
2024-11-09,WEST-01,priority,9582,0.171,0.342,0,5,362
2024-11-09,WEST-01,economy,8959,0.289,0.31,0,5,444
2024-11-10,NORTH-01,standard,8286,0.24,0.464,0,6,529
2024-11-10,NORTH-01,priority,7369,0.197,0.31,0,6,367
2024-11-10,NORTH-01,economy,6490,0.248,0.359,0,6,348
2024-11-10,NORTH-02,standard,8689,0.0,0.335,0,6,657
2024-11-10,NORTH-02,priority,7760,0.342,0.267,0,6,439
2024-11-10,NORTH-02,economy,7164,0.152,0.337,0,6,619
2024-11-10,CENTRAL-01,standard,7991,0.13,0.377,0,6,518
2024-11-10,CENTRAL-01,priority,7907,0.322,0.266,0,6,471
2024-11-10,CENTRAL-01,economy,7658,0.182,0.387,0,6,633
2024-11-10,SOUTH-01,standard,10268,0.1,0.565,0,6,587
2024-11-10,SOUTH-01,priority,9242,0.055,0.423,0,6,202
2024-11-10,SOUTH-01,economy,8296,0.011,0.379,0,6,366
2024-11-10,SOUTH-02,standard,9438,0.309,0.279,0,6,385
2024-11-10,SOUTH-02,priority,8779,0.241,0.212,0,6,236
2024-11-10,SOUTH-02,economy,9012,0.142,0.408,0,6,363
2024-11-10,WEST-01,standard,10760,0.244,0.335,0,6,487
2024-11-10,WEST-01,priority,9703,0.0,0.422,0,6,438
2024-11-10,WEST-01,economy,8877,0.22,0.236,0,6,510
2024-11-11,NORTH-01,standard,9333,0.224,0.302,0,0,340
2024-11-11,NORTH-01,priority,8574,0.105,0.339,0,0,398
2024-11-11,NORTH-01,economy,7705,0.327,0.374,0,0,442
2024-11-11,NORTH-02,standard,8631,0.268,0.369,0,0,569
2024-11-11,NORTH-02,priority,8711,0.194,0.405,0,0,222
2024-11-11,NORTH-02,economy,8491,0.0,0.274,0,0,590
2024-11-11,CENTRAL-01,standard,9409,0.216,0.266,0,0,625
2024-11-11,CENTRAL-01,priority,10396,0.023,0.518,0,0,748
2024-11-11,CENTRAL-01,economy,8710,0.226,0.323,0,0,550
2024-11-11,SOUTH-01,standard,10147,0.102,0.262,0,0,391
2024-11-11,SOUTH-01,priority,9531,0.329,0.301,0,0,583
2024-11-11,SOUTH-01,economy,9110,0.334,0.367,0,0,331
2024-11-11,SOUTH-02,standard,9966,0.303,0.451,0,0,690
2024-11-11,SOUTH-02,priority,10284,0.096,0.398,0,0,481
2024-11-11,SOUTH-02,economy,9639,0.155,0.271,0,0,434
2024-11-11,WEST-01,standard,10661,0.023,0.267,0,0,436
2024-11-11,WEST-01,priority,10832,0.238,0.293,0,0,490
2024-11-11,WEST-01,economy,10545,0.145,0.351,0,0,331
2024-11-12,NORTH-01,standard,8925,0.379,0.427,0,1,589
2024-11-12,NORTH-01,priority,8233,0.141,0.373,0,1,542
2024-11-12,NORTH-01,economy,8134,0.095,0.346,0,1,549
2024-11-12,NORTH-02,standard,9199,0.081,0.41,0,1,197
2024-11-12,NORTH-02,priority,8987,0.09,0.417,0,1,385
2024-11-12,NORTH-02,economy,8465,0.187,0.352,0,1,240
2024-11-12,CENTRAL-01,standard,9327,0.168,0.36,0,1,294
2024-11-12,CENTRAL-01,priority,9303,0.136,0.351,0,1,392
2024-11-12,CENTRAL-01,economy,8788,0.108,0.318,0,1,592
2024-11-12,SOUTH-01,standard,10485,0.0,0.4,0,1,557
2024-11-12,SOUTH-01,priority,9880,0.322,0.29,0,1,325
2024-11-12,SOUTH-01,economy,9049,0.195,0.331,0,1,332
2024-11-12,SOUTH-02,standard,10441,0.232,0.477,0,1,515
2024-11-12,SOUTH-02,priority,10567,0.283,0.326,0,1,445
2024-11-12,SOUTH-02,economy,9464,0.166,0.271,0,1,464
2024-11-12,WEST-01,standard,10749,0.256,0.299,0,1,557
2024-11-12,WEST-01,priority,11235,0.348,0.4,0,1,583
2024-11-12,WEST-01,economy,10564,0.242,0.404,0,1,645
2024-11-13,NORTH-01,standard,8427,0.05,0.414,0,2,409
2024-11-13,NORTH-01,priority,7354,0.0,0.227,0,2,224
2024-11-13,NORTH-01,economy,6743,0.139,0.407,0,2,392
2024-11-13,NORTH-02,standard,8908,0.052,0.374,0,2,276
2024-11-13,NORTH-02,priority,8097,0.09,0.249,0,2,442
2024-11-13,NORTH-02,economy,7437,0.174,0.34,0,2,444
2024-11-13,CENTRAL-01,standard,8944,0.121,0.299,0,2,425
2024-11-13,CENTRAL-01,priority,8220,0.427,0.319,0,2,482
2024-11-13,CENTRAL-01,economy,8069,0.348,0.285,0,2,404
2024-11-13,SOUTH-01,standard,8659,0.48,0.379,0,2,416
2024-11-13,SOUTH-01,priority,8628,0.34,0.357,0,2,525
2024-11-13,SOUTH-01,economy,7788,0.139,0.333,0,2,621
2024-11-13,SOUTH-02,standard,10189,0.033,0.364,0,2,484
2024-11-13,SOUTH-02,priority,9474,0.03,0.27,0,2,370
2024-11-13,SOUTH-02,economy,8433,0.0,0.381,0,2,508
2024-11-13,WEST-01,standard,10288,0.156,0.33,0,2,352
2024-11-13,WEST-01,priority,9231,0.081,0.329,0,2,542
2024-11-13,WEST-01,economy,8682,0.143,0.234,0,2,452
2024-11-14,NORTH-01,standard,8449,0.126,0.382,0,3,721
2024-11-14,NORTH-01,priority,7061,0.318,0.219,0,3,359
2024-11-14,NORTH-01,economy,6502,0.249,0.275,0,3,225
2024-11-14,NORTH-02,standard,8427,0.108,0.305,0,3,290
2024-11-14,NORTH-02,priority,7263,0.298,0.388,0,3,401
2024-11-14,NORTH-02,economy,8284,0.0,0.457,0,3,421
2024-11-14,CENTRAL-01,standard,8815,0.078,0.297,0,3,431
2024-11-14,CENTRAL-01,priority,8716,0.344,0.426,0,3,461
2024-11-14,CENTRAL-01,economy,7813,0.042,0.288,0,3,270
2024-11-14,SOUTH-01,standard,9687,0.216,0.414,0,3,531
2024-11-14,SOUTH-01,priority,8427,0.0,0.457,0,3,414
2024-11-14,SOUTH-01,economy,7603,0.254,0.379,0,3,276
2024-11-14,SOUTH-02,standard,9395,0.214,0.391,0,3,508
2024-11-14,SOUTH-02,priority,9073,0.0,0.4,0,3,461
2024-11-14,SOUTH-02,economy,8827,0.17,0.443,0,3,372
2024-11-14,WEST-01,standard,10756,0.223,0.521,0,3,495
2024-11-14,WEST-01,priority,9964,0.08,0.301,0,3,372
2024-11-14,WEST-01,economy,9237,0.18,0.465,0,3,327
2024-11-15,NORTH-01,standard,8273,0.441,0.491,0,4,581
2024-11-15,NORTH-01,priority,7425,0.148,0.408,0,4,240
2024-11-15,NORTH-01,economy,6586,0.491,0.237,0,4,411
2024-11-15,NORTH-02,standard,8454,0.242,0.343,0,4,450
2024-11-15,NORTH-02,priority,7851,0.238,0.35,0,4,256
2024-11-15,NORTH-02,economy,7235,0.422,0.393,0,4,322
2024-11-15,CENTRAL-01,standard,9109,0.06,0.419,0,4,527
2024-11-15,CENTRAL-01,priority,9041,0.018,0.474,0,4,441
2024-11-15,CENTRAL-01,economy,7204,0.236,0.409,0,4,597
2024-11-15,SOUTH-01,standard,8828,0.238,0.294,0,4,563
2024-11-15,SOUTH-01,priority,8828,0.205,0.389,0,4,324
2024-11-15,SOUTH-01,economy,8088,0.241,0.334,0,4,707
2024-11-15,SOUTH-02,standard,10983,0.284,0.424,0,4,555
2024-11-15,SOUTH-02,priority,8951,0.194,0.296,0,4,202
2024-11-15,SOUTH-02,economy,8769,0.275,0.249,0,4,437
2024-11-15,WEST-01,standard,10836,0.195,0.347,0,4,650
2024-11-15,WEST-01,priority,9953,0.177,0.278,0,4,361
2024-11-15,WEST-01,economy,9755,0.0,0.39,0,4,424
2024-11-16,NORTH-01,standard,8341,0.229,0.317,0,5,561
2024-11-16,NORTH-01,priority,6817,0.148,0.268,0,5,495
2024-11-16,NORTH-01,economy,7369,0.044,0.38,0,5,340
2024-11-16,NORTH-02,standard,8331,0.16,0.43,0,5,320
2024-11-16,NORTH-02,priority,8763,0.152,0.452,0,5,431
2024-11-16,NORTH-02,economy,6795,0.095,0.435,0,5,413
2024-11-16,CENTRAL-01,standard,9703,0.175,0.454,0,5,357
2024-11-16,CENTRAL-01,priority,8165,0.2,0.304,0,5,499
2024-11-16,CENTRAL-01,economy,8201,0.14,0.366,0,5,607
2024-11-16,SOUTH-01,standard,8929,0.215,0.359,0,5,638
2024-11-16,SOUTH-01,priority,8789,0.239,0.361,0,5,486
2024-11-16,SOUTH-01,economy,8856,0.273,0.422,0,5,474
2024-11-16,SOUTH-02,standard,9734,0.391,0.435,0,5,271
2024-11-16,SOUTH-02,priority,9044,0.19,0.475,0,5,461
2024-11-16,SOUTH-02,economy,8516,0.2,0.425,0,5,331
2024-11-16,WEST-01,standard,9366,0.248,0.291,0,5,681
2024-11-16,WEST-01,priority,10108,0.291,0.501,0,5,564
2024-11-16,WEST-01,economy,9190,0.224,0.335,0,5,389
2024-11-17,NORTH-01,standard,8749,0.052,0.323,0,6,294
2024-11-17,NORTH-01,priority,7521,0.034,0.397,0,6,463
2024-11-17,NORTH-01,economy,6558,0.299,0.387,0,6,530
2024-11-17,NORTH-02,standard,8468,0.269,0.352,0,6,478
2024-11-17,NORTH-02,priority,8120,0.143,0.22,0,6,506
2024-11-17,NORTH-02,economy,8265,0.0,0.391,0,6,292
2024-11-17,CENTRAL-01,standard,9671,0.171,0.335,0,6,604
2024-11-17,CENTRAL-01,priority,9461,0.075,0.377,0,6,388
2024-11-17,CENTRAL-01,economy,7541,0.179,0.391,0,6,617
2024-11-17,SOUTH-01,standard,9106,0.123,0.239,0,6,531
2024-11-17,SOUTH-01,priority,9147,0.084,0.374,0,6,309
2024-11-17,SOUTH-01,economy,8565,0.112,0.378,0,6,372
2024-11-17,SOUTH-02,standard,10105,0.198,0.327,0,6,545
2024-11-17,SOUTH-02,priority,9139,0.135,0.388,0,6,509
2024-11-17,SOUTH-02,economy,8649,0.237,0.54,0,6,422
2024-11-17,WEST-01,standard,10049,0.102,0.267,0,6,561
2024-11-17,WEST-01,priority,9480,0.268,0.374,0,6,405
2024-11-17,WEST-01,economy,8534,0.07,0.305,0,6,598
2024-11-18,NORTH-01,standard,8755,0.4,0.195,0,0,475
2024-11-18,NORTH-01,priority,8753,0.205,0.303,0,0,491
2024-11-18,NORTH-01,economy,7019,0.304,0.291,0,0,442
2024-11-18,NORTH-02,standard,8772,0.064,0.434,0,0,386
2024-11-18,NORTH-02,priority,8979,0.106,0.323,0,0,496
2024-11-18,NORTH-02,economy,8150,0.257,0.41,0,0,677
2024-11-18,CENTRAL-01,standard,9647,0.346,0.325,0,0,429
2024-11-18,CENTRAL-01,priority,8798,0.224,0.272,0,0,183
2024-11-18,CENTRAL-01,economy,8731,0.132,0.435,0,0,430
2024-11-18,SOUTH-01,standard,10196,0.213,0.27,0,0,592
2024-11-18,SOUTH-01,priority,10291,0.217,0.428,0,0,568
2024-11-18,SOUTH-01,economy,9930,0.094,0.322,0,0,515
2024-11-18,SOUTH-02,standard,10602,0.202,0.281,0,0,584
2024-11-18,SOUTH-02,priority,9952,0.182,0.308,0,0,621
2024-11-18,SOUTH-02,economy,9672,0.26,0.393,0,0,328
2024-11-18,WEST-01,standard,11144,0.213,0.435,0,0,631
2024-11-18,WEST-01,priority,10601,0.245,0.416,0,0,604
2024-11-18,WEST-01,economy,10397,0.004,0.353,0,0,527
2024-11-19,NORTH-01,standard,8663,0.311,0.337,0,1,243
2024-11-19,NORTH-01,priority,8808,0.147,0.391,0,1,276
2024-11-19,NORTH-01,economy,7512,0.321,0.272,0,1,337
2024-11-19,NORTH-02,standard,9706,0.23,0.358,0,1,692
2024-11-19,NORTH-02,priority,8930,0.228,0.304,0,1,681
2024-11-19,NORTH-02,economy,7572,0.259,0.426,0,1,453
2024-11-19,CENTRAL-01,standard,9839,0.148,0.296,0,1,488
2024-11-19,CENTRAL-01,priority,9281,0.105,0.365,0,1,542
2024-11-19,CENTRAL-01,economy,9072,0.207,0.38,0,1,518
2024-11-19,SOUTH-01,standard,10325,0.179,0.183,0,1,380
2024-11-19,SOUTH-01,priority,10303,0.17,0.38,0,1,710
2024-11-19,SOUTH-01,economy,9182,0.069,0.245,0,1,484
2024-11-19,SOUTH-02,standard,11126,0.036,0.349,0,1,366
2024-11-19,SOUTH-02,priority,10081,0.061,0.298,0,1,565
2024-11-19,SOUTH-02,economy,10491,0.141,0.354,0,1,379
2024-11-19,WEST-01,standard,11731,0.102,0.404,0,1,581
2024-11-19,WEST-01,priority,9564,0.397,0.375,0,1,478
2024-11-19,WEST-01,economy,10542,0.111,0.461,0,1,305
2024-11-20,NORTH-01,standard,7940,0.342,0.425,0,2,408
2024-11-20,NORTH-01,priority,7348,0.347,0.192,0,2,531
2024-11-20,NORTH-01,economy,7006,0.169,0.402,0,2,296
2024-11-20,NORTH-02,standard,8450,0.083,0.407,0,2,250
2024-11-20,NORTH-02,priority,7370,0.195,0.309,0,2,409
2024-11-20,NORTH-02,economy,6790,0.272,0.352,0,2,441
2024-11-20,CENTRAL-01,standard,9704,0.304,0.527,0,2,350
2024-11-20,CENTRAL-01,priority,7818,0.283,0.371,0,2,448
2024-11-20,CENTRAL-01,economy,7235,0.41,0.446,0,2,398
2024-11-20,SOUTH-01,standard,8480,0.239,0.212,0,2,452
2024-11-20,SOUTH-01,priority,8760,0.2,0.203,0,2,573
2024-11-20,SOUTH-01,economy,8448,0.154,0.355,0,2,486
2024-11-20,SOUTH-02,standard,9754,0.0,0.278,0,2,369
2024-11-20,SOUTH-02,priority,8668,0.356,0.401,0,2,414
2024-11-20,SOUTH-02,economy,8780,0.316,0.298,0,2,609
2024-11-20,WEST-01,standard,10691,0.326,0.364,0,2,438
2024-11-20,WEST-01,priority,9896,0.478,0.369,0,2,433
2024-11-20,WEST-01,economy,8649,0.24,0.393,0,2,324
2024-11-21,NORTH-01,standard,7493,0.155,0.438,0,3,361
2024-11-21,NORTH-01,priority,7772,0.337,0.251,0,3,277
2024-11-21,NORTH-01,economy,7761,0.07,0.338,0,3,336
2024-11-21,NORTH-02,standard,8973,0.0,0.238,0,3,286
2024-11-21,NORTH-02,priority,7805,0.323,0.356,0,3,449
2024-11-21,NORTH-02,economy,6919,0.084,0.361,0,3,549
2024-11-21,CENTRAL-01,standard,8710,0.057,0.385,0,3,377
2024-11-21,CENTRAL-01,priority,8702,0.135,0.589,0,3,342
2024-11-21,CENTRAL-01,economy,7579,0.127,0.23,0,3,629
2024-11-21,SOUTH-01,standard,9092,0.22,0.422,0,3,428
2024-11-21,SOUTH-01,priority,8873,0.204,0.292,0,3,520
2024-11-21,SOUTH-01,economy,8564,0.245,0.338,0,3,406
2024-11-21,SOUTH-02,standard,9567,0.138,0.465,0,3,262
2024-11-21,SOUTH-02,priority,9902,0.076,0.381,0,3,397
2024-11-21,SOUTH-02,economy,8368,0.398,0.352,0,3,329
2024-11-21,WEST-01,standard,9495,0.414,0.338,0,3,759
2024-11-21,WEST-01,priority,10404,0.227,0.414,0,3,565
2024-11-21,WEST-01,economy,9248,0.297,0.354,0,3,453
2024-11-22,NORTH-01,standard,7979,0.178,0.36,0,4,479
2024-11-22,NORTH-01,priority,7808,0.24,0.416,0,4,654
2024-11-22,NORTH-01,economy,6947,0.306,0.333,0,4,557
2024-11-22,NORTH-02,standard,8540,0.066,0.511,0,4,544
2024-11-22,NORTH-02,priority,7388,0.181,0.346,0,4,510
2024-11-22,NORTH-02,economy,7803,0.025,0.235,0,4,628
2024-11-22,CENTRAL-01,standard,9498,0.1,0.43,0,4,453
2024-11-22,CENTRAL-01,priority,8428,0.34,0.337,0,4,282
2024-11-22,CENTRAL-01,economy,8231,0.035,0.444,0,4,409
2024-11-22,SOUTH-01,standard,9590,0.409,0.502,0,4,293
2024-11-22,SOUTH-01,priority,8768,0.167,0.283,0,4,330
2024-11-22,SOUTH-01,economy,8155,0.036,0.169,0,4,148
2024-11-22,SOUTH-02,standard,9652,0.142,0.406,0,4,339
2024-11-22,SOUTH-02,priority,9234,0.172,0.284,0,4,333
2024-11-22,SOUTH-02,economy,8583,0.167,0.322,0,4,633
2024-11-22,WEST-01,standard,10048,0.204,0.39,0,4,508
2024-11-22,WEST-01,priority,9967,0.147,0.352,0,4,418
2024-11-22,WEST-01,economy,8823,0.132,0.311,0,4,465
2024-11-23,NORTH-01,standard,9447,0.136,0.47,0,5,395
2024-11-23,NORTH-01,priority,7473,0.215,0.433,0,5,284
2024-11-23,NORTH-01,economy,6908,0.389,0.405,0,5,561
2024-11-23,NORTH-02,standard,8065,0.272,0.346,0,5,362
2024-11-23,NORTH-02,priority,7802,0.325,0.405,0,5,626
2024-11-23,NORTH-02,economy,7531,0.161,0.429,0,5,637
2024-11-23,CENTRAL-01,standard,8841,0.27,0.354,0,5,443
2024-11-23,CENTRAL-01,priority,8444,0.093,0.241,0,5,369
2024-11-23,CENTRAL-01,economy,7824,0.116,0.343,0,5,415
2024-11-23,SOUTH-01,standard,10187,0.389,0.403,0,5,432
2024-11-23,SOUTH-01,priority,8444,0.274,0.319,0,5,690
2024-11-23,SOUTH-01,economy,7745,0.088,0.171,0,5,171
2024-11-23,SOUTH-02,standard,9884,0.066,0.281,0,5,230
2024-11-23,SOUTH-02,priority,8862,0.324,0.2,0,5,406
2024-11-23,SOUTH-02,economy,9057,0.279,0.378,0,5,408
2024-11-23,WEST-01,standard,10807,0.124,0.383,0,5,603
2024-11-23,WEST-01,priority,9636,0.219,0.369,0,5,518
2024-11-23,WEST-01,economy,8646,0.424,0.331,0,5,386
2024-11-24,NORTH-01,standard,7823,0.227,0.18,0,6,520
2024-11-24,NORTH-01,priority,8476,0.117,0.365,0,6,474
2024-11-24,NORTH-01,economy,6810,0.0,0.237,0,6,287
2024-11-24,NORTH-02,standard,9013,0.192,0.326,0,6,319
2024-11-24,NORTH-02,priority,8132,0.155,0.367,0,6,441
2024-11-24,NORTH-02,economy,7431,0.0,0.357,0,6,506
2024-11-24,CENTRAL-01,standard,9072,0.267,0.369,0,6,614
2024-11-24,CENTRAL-01,priority,9179,0.318,0.372,0,6,379
2024-11-24,CENTRAL-01,economy,7724,0.038,0.349,0,6,115
2024-11-24,SOUTH-01,standard,9505,0.102,0.377,0,6,371
2024-11-24,SOUTH-01,priority,9112,0.185,0.36,0,6,376
2024-11-24,SOUTH-01,economy,7769,0.285,0.263,0,6,616
2024-11-24,SOUTH-02,standard,9373,0.057,0.297,0,6,361
2024-11-24,SOUTH-02,priority,9282,0.197,0.407,0,6,419
2024-11-24,SOUTH-02,economy,8026,0.031,0.292,0,6,509
2024-11-24,WEST-01,standard,10379,0.277,0.347,0,6,596
2024-11-24,WEST-01,priority,9363,0.192,0.461,0,6,419
2024-11-24,WEST-01,economy,8557,0.124,0.402,0,6,610
2024-11-25,NORTH-01,standard,9133,0.247,0.49,0,0,387
2024-11-25,NORTH-01,priority,8148,0.259,0.432,0,0,184
2024-11-25,NORTH-01,economy,8631,0.0,0.371,0,0,282
2024-11-25,NORTH-02,standard,10267,0.147,0.322,0,0,759
2024-11-25,NORTH-02,priority,9255,0.231,0.422,0,0,304
2024-11-25,NORTH-02,economy,7976,0.264,0.268,0,0,556
2024-11-25,CENTRAL-01,standard,10543,0.19,0.438,0,0,285
2024-11-25,CENTRAL-01,priority,10059,0.0,0.443,0,0,512
2024-11-25,CENTRAL-01,economy,9070,0.227,0.421,0,0,415
2024-11-25,SOUTH-01,standard,10290,0.295,0.322,0,0,512
2024-11-25,SOUTH-01,priority,10662,0.077,0.291,0,0,392
2024-11-25,SOUTH-01,economy,9081,0.224,0.396,0,0,533
2024-11-25,SOUTH-02,standard,10859,0.219,0.28,0,0,440
2024-11-25,SOUTH-02,priority,9696,0.389,0.384,0,0,511
2024-11-25,SOUTH-02,economy,9546,0.069,0.371,0,0,367
2024-11-25,WEST-01,standard,11558,0.079,0.545,0,0,474
2024-11-25,WEST-01,priority,10410,0.107,0.388,0,0,360
2024-11-25,WEST-01,economy,9770,0.176,0.347,0,0,366
2024-11-26,NORTH-01,standard,8777,0.133,0.312,0,1,476
2024-11-26,NORTH-01,priority,9125,0.447,0.457,0,1,385
2024-11-26,NORTH-01,economy,8053,0.381,0.368,0,1,476
2024-11-26,NORTH-02,standard,9780,0.139,0.408,0,1,261
2024-11-26,NORTH-02,priority,9064,0.165,0.42,0,1,508
2024-11-26,NORTH-02,economy,8293,0.09,0.37,0,1,404
2024-11-26,CENTRAL-01,standard,10207,0.098,0.423,0,1,515
2024-11-26,CENTRAL-01,priority,9607,0.426,0.388,0,1,500
2024-11-26,CENTRAL-01,economy,8691,0.138,0.265,0,1,121
2024-11-26,SOUTH-01,standard,10238,0.213,0.375,0,1,476
2024-11-26,SOUTH-01,priority,9839,0.03,0.461,0,1,358
2024-11-26,SOUTH-01,economy,8889,0.245,0.359,0,1,390
2024-11-26,SOUTH-02,standard,11089,0.179,0.458,0,1,508
2024-11-26,SOUTH-02,priority,10216,0.282,0.352,0,1,504
2024-11-26,SOUTH-02,economy,8930,0.251,0.314,0,1,556
2024-11-26,WEST-01,standard,10991,0.361,0.263,0,1,455
2024-11-26,WEST-01,priority,11894,0.286,0.37,0,1,500
2024-11-26,WEST-01,economy,10169,0.364,0.481,0,1,489
2024-11-27,NORTH-01,standard,8605,0.191,0.351,0,2,333
2024-11-27,NORTH-01,priority,6783,0.161,0.327,0,2,486
2024-11-27,NORTH-01,economy,7153,0.308,0.299,0,2,204
2024-11-27,NORTH-02,standard,8590,0.183,0.34,0,2,447
2024-11-27,NORTH-02,priority,7872,0.171,0.319,0,2,579
2024-11-27,NORTH-02,economy,7350,0.111,0.53,0,2,429
2024-11-27,CENTRAL-01,standard,9488,0.249,0.327,0,2,530
2024-11-27,CENTRAL-01,priority,8111,0.155,0.46,0,2,355
2024-11-27,CENTRAL-01,economy,7913,0.248,0.414,0,2,402
2024-11-27,SOUTH-01,standard,9670,0.15,0.441,0,2,365
2024-11-27,SOUTH-01,priority,8758,0.068,0.471,0,2,475
2024-11-27,SOUTH-01,economy,7779,0.342,0.393,0,2,291
2024-11-27,SOUTH-02,standard,9320,0.404,0.267,0,2,504
2024-11-27,SOUTH-02,priority,8703,0.154,0.396,0,2,415
2024-11-27,SOUTH-02,economy,8373,0.261,0.404,0,2,308
2024-11-27,WEST-01,standard,10673,0.206,0.245,0,2,519
2024-11-27,WEST-01,priority,9372,0.096,0.266,0,2,273
2024-11-27,WEST-01,economy,9083,0.239,0.286,0,2,516
2024-11-28,NORTH-01,standard,10133,0.296,0.37,1,3,650
2024-11-28,NORTH-01,priority,8890,0.211,0.375,1,3,328
2024-11-28,NORTH-01,economy,8710,0.334,0.398,1,3,370
2024-11-28,NORTH-02,standard,9635,0.375,0.332,1,3,400
2024-11-28,NORTH-02,priority,8954,0.369,0.261,1,3,796
2024-11-28,NORTH-02,economy,8301,0.293,0.291,1,3,228
2024-11-28,CENTRAL-01,standard,11300,0.192,0.408,1,3,291
2024-11-28,CENTRAL-01,priority,11282,0.021,0.34,1,3,624
2024-11-28,CENTRAL-01,economy,8307,0.225,0.252,1,3,433
2024-11-28,SOUTH-01,standard,10854,0.168,0.329,1,3,415
2024-11-28,SOUTH-01,priority,10282,0.063,0.461,1,3,455
2024-11-28,SOUTH-01,economy,9507,0.175,0.407,1,3,582
2024-11-28,SOUTH-02,standard,12196,0.11,0.337,1,3,429
2024-11-28,SOUTH-02,priority,10993,0.267,0.43,1,3,495
2024-11-28,SOUTH-02,economy,10075,0.435,0.349,1,3,441
2024-11-28,WEST-01,standard,11854,0.198,0.427,1,3,282
2024-11-28,WEST-01,priority,11418,0.242,0.264,1,3,522
2024-11-28,WEST-01,economy,10228,0.293,0.274,1,3,446
2024-11-29,NORTH-01,standard,7730,0.002,0.439,0,4,543
2024-11-29,NORTH-01,priority,7600,0.231,0.334,0,4,446
2024-11-29,NORTH-01,economy,7281,0.132,0.374,0,4,285
2024-11-29,NORTH-02,standard,7461,0.222,0.14,0,4,471
2024-11-29,NORTH-02,priority,7889,0.13,0.282,0,4,369
2024-11-29,NORTH-02,economy,6447,0.061,0.219,0,4,462
2024-11-29,CENTRAL-01,standard,8962,0.129,0.428,0,4,491
2024-11-29,CENTRAL-01,priority,8438,0.165,0.354,0,4,379
2024-11-29,CENTRAL-01,economy,8640,0.032,0.411,0,4,638
2024-11-29,SOUTH-01,standard,9185,0.114,0.291,0,4,434
2024-11-29,SOUTH-01,priority,8096,0.174,0.27,0,4,428
2024-11-29,SOUTH-01,economy,7946,0.0,0.342,0,4,511
2024-11-29,SOUTH-02,standard,9710,0.306,0.436,0,4,335
2024-11-29,SOUTH-02,priority,8667,0.082,0.373,0,4,607
2024-11-29,SOUTH-02,economy,7959,0.14,0.39,0,4,307
2024-11-29,WEST-01,standard,10488,0.0,0.432,0,4,563
2024-11-29,WEST-01,priority,9569,0.188,0.387,0,4,442
2024-11-29,WEST-01,economy,9283,0.169,0.382,0,4,795
2024-11-30,NORTH-01,standard,7723,0.382,0.208,0,5,362
2024-11-30,NORTH-01,priority,7548,0.334,0.325,0,5,125
2024-11-30,NORTH-01,economy,7295,0.0,0.517,0,5,279
2024-11-30,NORTH-02,standard,8322,0.209,0.266,0,5,255
2024-11-30,NORTH-02,priority,8467,0.085,0.317,0,5,489
2024-11-30,NORTH-02,economy,7607,0.257,0.348,0,5,303
2024-11-30,CENTRAL-01,standard,9005,0.092,0.383,0,5,448
2024-11-30,CENTRAL-01,priority,9074,0.16,0.45,0,5,377
2024-11-30,CENTRAL-01,economy,7477,0.0,0.293,0,5,504
2024-11-30,SOUTH-01,standard,8913,0.29,0.268,0,5,269
2024-11-30,SOUTH-01,priority,9125,0.196,0.346,0,5,513
2024-11-30,SOUTH-01,economy,7709,0.253,0.227,0,5,525
2024-11-30,SOUTH-02,standard,10097,0.115,0.22,0,5,413
2024-11-30,SOUTH-02,priority,9010,0.308,0.349,0,5,613
2024-11-30,SOUTH-02,economy,8638,0.024,0.465,0,5,458
2024-11-30,WEST-01,standard,9911,0.201,0.316,0,5,432
2024-11-30,WEST-01,priority,9776,0.058,0.507,0,5,612
2024-11-30,WEST-01,economy,8921,0.303,0.379,0,5,470
2024-12-01,NORTH-01,standard,7434,0.249,0.358,0,6,184
2024-12-01,NORTH-01,priority,7180,0.361,0.139,0,6,367
2024-12-01,NORTH-01,economy,6920,0.199,0.259,0,6,412
2024-12-01,NORTH-02,standard,8855,0.511,0.36,0,6,265
2024-12-01,NORTH-02,priority,7980,0.302,0.368,0,6,453
2024-12-01,NORTH-02,economy,6846,0.385,0.37,0,6,311
2024-12-01,CENTRAL-01,standard,8318,0.278,0.386,0,6,491
2024-12-01,CENTRAL-01,priority,8206,0.05,0.385,0,6,392
2024-12-01,CENTRAL-01,economy,8144,0.115,0.472,0,6,575
2024-12-01,SOUTH-01,standard,9757,0.527,0.354,0,6,388
2024-12-01,SOUTH-01,priority,8590,0.331,0.285,0,6,502
2024-12-01,SOUTH-01,economy,7628,0.263,0.248,0,6,482
2024-12-01,SOUTH-02,standard,9734,0.136,0.238,0,6,457
2024-12-01,SOUTH-02,priority,9473,0.201,0.392,0,6,372
2024-12-01,SOUTH-02,economy,8533,0.131,0.424,0,6,388
2024-12-01,WEST-01,standard,10598,0.0,0.348,0,6,260
2024-12-01,WEST-01,priority,9979,0.052,0.236,0,6,249
2024-12-01,WEST-01,economy,9213,0.171,0.407,0,6,403
2024-12-02,NORTH-01,standard,9066,0.222,0.433,0,0,183
2024-12-02,NORTH-01,priority,8328,0.318,0.382,0,0,192
2024-12-02,NORTH-01,economy,7239,0.144,0.28,0,0,380
2024-12-02,NORTH-02,standard,9797,0.116,0.312,0,0,504
2024-12-02,NORTH-02,priority,8656,0.121,0.3,0,0,409
2024-12-02,NORTH-02,economy,8681,0.25,0.267,0,0,510
2024-12-02,CENTRAL-01,standard,10513,0.0,0.357,0,0,542
2024-12-02,CENTRAL-01,priority,9399,0.131,0.345,0,0,554
2024-12-02,CENTRAL-01,economy,9446,0.01,0.302,0,0,467
2024-12-02,SOUTH-01,standard,10262,0.363,0.589,0,0,344
2024-12-02,SOUTH-01,priority,10374,0.148,0.438,0,0,763
2024-12-02,SOUTH-01,economy,8849,0.176,0.389,0,0,144
2024-12-02,SOUTH-02,standard,10925,0.175,0.258,0,0,281
2024-12-02,SOUTH-02,priority,10408,0.091,0.371,0,0,486
2024-12-02,SOUTH-02,economy,9193,0.404,0.476,0,0,648
2024-12-02,WEST-01,standard,11012,0.391,0.34,0,0,504
2024-12-02,WEST-01,priority,11145,0.103,0.306,0,0,566
2024-12-02,WEST-01,economy,9604,0.113,0.276,0,0,448
2024-12-03,NORTH-01,standard,9241,0.29,0.281,0,1,480
2024-12-03,NORTH-01,priority,8868,0.197,0.432,0,1,277
2024-12-03,NORTH-01,economy,8050,0.05,0.332,0,1,585
2024-12-03,NORTH-02,standard,9343,0.188,0.486,0,1,395
2024-12-03,NORTH-02,priority,9295,0.143,0.285,0,1,126
2024-12-03,NORTH-02,economy,8275,0.12,0.442,0,1,556
2024-12-03,CENTRAL-01,standard,10168,0.444,0.356,0,1,775
2024-12-03,CENTRAL-01,priority,9618,0.228,0.346,0,1,610
2024-12-03,CENTRAL-01,economy,9344,0.175,0.311,0,1,427
2024-12-03,SOUTH-01,standard,11001,0.323,0.371,0,1,408
2024-12-03,SOUTH-01,priority,9419,0.078,0.418,0,1,476
2024-12-03,SOUTH-01,economy,8920,0.366,0.207,0,1,593
2024-12-03,SOUTH-02,standard,10567,0.177,0.276,0,1,396
2024-12-03,SOUTH-02,priority,9896,0.188,0.328,0,1,532
2024-12-03,SOUTH-02,economy,9953,0.369,0.376,0,1,668
2024-12-03,WEST-01,standard,11109,0.11,0.372,0,1,335
2024-12-03,WEST-01,priority,10637,0.223,0.266,0,1,312
2024-12-03,WEST-01,economy,10064,0.201,0.224,0,1,434
2024-12-04,NORTH-01,standard,8179,0.121,0.44,0,2,438
2024-12-04,NORTH-01,priority,8038,0.156,0.391,0,2,521
2024-12-04,NORTH-01,economy,6695,0.124,0.447,0,2,291
2024-12-04,NORTH-02,standard,8205,0.165,0.434,0,2,533
2024-12-04,NORTH-02,priority,8382,0.173,0.315,0,2,335
2024-12-04,NORTH-02,economy,7137,0.454,0.336,0,2,579
2024-12-04,CENTRAL-01,standard,8288,0.201,0.445,0,2,375
2024-12-04,CENTRAL-01,priority,8777,0.228,0.437,0,2,524
2024-12-04,CENTRAL-01,economy,6801,0.307,0.388,0,2,557
2024-12-04,SOUTH-01,standard,9636,0.079,0.375,0,2,474
2024-12-04,SOUTH-01,priority,8323,0.047,0.195,0,2,528
2024-12-04,SOUTH-01,economy,8442,0.006,0.28,0,2,309
2024-12-04,SOUTH-02,standard,10054,0.115,0.357,0,2,355
2024-12-04,SOUTH-02,priority,8738,0.197,0.382,0,2,467
2024-12-04,SOUTH-02,economy,9022,0.094,0.36,0,2,429
2024-12-04,WEST-01,standard,10660,0.29,0.413,0,2,548
2024-12-04,WEST-01,priority,8898,0.312,0.381,0,2,351
2024-12-04,WEST-01,economy,9223,0.155,0.343,0,2,359
2024-12-05,NORTH-01,standard,7919,0.421,0.342,0,3,337
2024-12-05,NORTH-01,priority,7637,0.06,0.34,0,3,398
2024-12-05,NORTH-01,economy,6682,0.379,0.34,0,3,478
2024-12-05,NORTH-02,standard,8115,0.159,0.393,0,3,270
2024-12-05,NORTH-02,priority,7583,0.195,0.331,0,3,422
2024-12-05,NORTH-02,economy,7028,0.205,0.293,0,3,416
2024-12-05,CENTRAL-01,standard,9284,0.057,0.302,0,3,455
2024-12-05,CENTRAL-01,priority,7925,0.123,0.278,0,3,401
2024-12-05,CENTRAL-01,economy,7048,0.423,0.395,0,3,476
2024-12-05,SOUTH-01,standard,9274,0.089,0.35,0,3,700
2024-12-05,SOUTH-01,priority,8686,0.044,0.375,0,3,529
2024-12-05,SOUTH-01,economy,8595,0.215,0.45,0,3,354
2024-12-05,SOUTH-02,standard,9379,0.53,0.394,0,3,486
2024-12-05,SOUTH-02,priority,9449,0.256,0.397,0,3,579
2024-12-05,SOUTH-02,economy,9336,0.284,0.282,0,3,696
2024-12-05,WEST-01,standard,10240,0.276,0.353,0,3,448
2024-12-05,WEST-01,priority,10125,0.157,0.175,0,3,625
2024-12-05,WEST-01,economy,9307,0.0,0.421,0,3,435
2024-12-06,NORTH-01,standard,7919,0.239,0.211,0,4,427
2024-12-06,NORTH-01,priority,7573,0.19,0.241,0,4,534
2024-12-06,NORTH-01,economy,7973,0.229,0.332,0,4,308
2024-12-06,NORTH-02,standard,9367,0.273,0.369,0,4,507
2024-12-06,NORTH-02,priority,7502,0.252,0.39,0,4,300
2024-12-06,NORTH-02,economy,7564,0.147,0.427,0,4,382
2024-12-06,CENTRAL-01,standard,8120,0.345,0.191,0,4,124
2024-12-06,CENTRAL-01,priority,8657,0.325,0.342,0,4,426
2024-12-06,CENTRAL-01,economy,7820,0.303,0.34,0,4,446
2024-12-06,SOUTH-01,standard,8891,0.221,0.485,0,4,438
2024-12-06,SOUTH-01,priority,8637,0.204,0.354,0,4,374
2024-12-06,SOUTH-01,economy,9053,0.364,0.344,0,4,514
2024-12-06,SOUTH-02,standard,10003,0.145,0.394,0,4,641
2024-12-06,SOUTH-02,priority,9349,0.04,0.206,0,4,560
2024-12-06,SOUTH-02,economy,8888,0.214,0.404,0,4,268
2024-12-06,WEST-01,standard,10474,0.214,0.455,0,4,337
2024-12-06,WEST-01,priority,10527,0.14,0.395,0,4,261
2024-12-06,WEST-01,economy,9142,0.223,0.275,0,4,524
2024-12-07,NORTH-01,standard,8719,0.152,0.401,0,5,421
2024-12-07,NORTH-01,priority,8167,0.02,0.464,0,5,492
2024-12-07,NORTH-01,economy,7943,0.097,0.429,0,5,403
2024-12-07,NORTH-02,standard,8163,0.191,0.265,0,5,295
2024-12-07,NORTH-02,priority,8071,0.196,0.323,0,5,315
2024-12-07,NORTH-02,economy,7344,0.16,0.274,0,5,204
2024-12-07,CENTRAL-01,standard,9044,0.198,0.328,0,5,253
2024-12-07,CENTRAL-01,priority,8383,0.259,0.326,0,5,207
2024-12-07,CENTRAL-01,economy,8445,0.031,0.319,0,5,496
2024-12-07,SOUTH-01,standard,8871,0.196,0.276,0,5,479
2024-12-07,SOUTH-01,priority,9486,0.264,0.367,0,5,382
2024-12-07,SOUTH-01,economy,8102,0.202,0.215,0,5,599
2024-12-07,SOUTH-02,standard,10674,0.055,0.417,0,5,417
2024-12-07,SOUTH-02,priority,9457,0.236,0.476,0,5,558
2024-12-07,SOUTH-02,economy,9071,0.0,0.398,0,5,292
2024-12-07,WEST-01,standard,10340,0.064,0.398,0,5,623
2024-12-07,WEST-01,priority,9583,0.217,0.355,0,5,502
2024-12-07,WEST-01,economy,8851,0.276,0.393,0,5,594
2024-12-08,NORTH-01,standard,8160,0.259,0.381,0,6,484
2024-12-08,NORTH-01,priority,8409,0.0,0.369,0,6,458
2024-12-08,NORTH-01,economy,7052,0.19,0.302,0,6,368
2024-12-08,NORTH-02,standard,8166,0.337,0.281,0,6,352
2024-12-08,NORTH-02,priority,7516,0.4,0.335,0,6,154
2024-12-08,NORTH-02,economy,7715,0.071,0.392,0,6,333
2024-12-08,CENTRAL-01,standard,10397,0.109,0.499,0,6,629
2024-12-08,CENTRAL-01,priority,9333,0.367,0.492,0,6,423
2024-12-08,CENTRAL-01,economy,7647,0.075,0.497,0,6,285
2024-12-08,SOUTH-01,standard,8706,0.059,0.339,0,6,269
2024-12-08,SOUTH-01,priority,9218,0.105,0.254,0,6,457
2024-12-08,SOUTH-01,economy,8101,0.249,0.387,0,6,541
2024-12-08,SOUTH-02,standard,9086,0.234,0.325,0,6,515
2024-12-08,SOUTH-02,priority,9461,0.029,0.38,0,6,300
2024-12-08,SOUTH-02,economy,8707,0.211,0.365,0,6,458
2024-12-08,WEST-01,standard,10145,0.102,0.397,0,6,355
2024-12-08,WEST-01,priority,9959,0.261,0.425,0,6,453
2024-12-08,WEST-01,economy,8553,0.0,0.469,0,6,506
2024-12-09,NORTH-01,standard,8965,0.433,0.362,0,0,494
2024-12-09,NORTH-01,priority,8295,0.204,0.538,0,0,312
2024-12-09,NORTH-01,economy,7782,0.141,0.489,0,0,465
2024-12-09,NORTH-02,standard,9875,0.309,0.412,0,0,646
2024-12-09,NORTH-02,priority,8848,0.217,0.313,0,0,404
2024-12-09,NORTH-02,economy,8123,0.483,0.307,0,0,243
2024-12-09,CENTRAL-01,standard,10156,0.196,0.327,0,0,568
2024-12-09,CENTRAL-01,priority,9248,0.35,0.457,0,0,344
2024-12-09,CENTRAL-01,economy,8861,0.081,0.374,0,0,476
2024-12-09,SOUTH-01,standard,9928,0.116,0.465,0,0,406
2024-12-09,SOUTH-01,priority,10344,0.051,0.333,0,0,455
2024-12-09,SOUTH-01,economy,9020,0.192,0.403,0,0,496
2024-12-09,SOUTH-02,standard,10440,0.21,0.26,0,0,535
2024-12-09,SOUTH-02,priority,11025,0.334,0.453,0,0,569
2024-12-09,SOUTH-02,economy,9526,0.13,0.345,0,0,416
2024-12-09,WEST-01,standard,10714,0.226,0.384,0,0,632
2024-12-09,WEST-01,priority,11208,0.0,0.332,0,0,589
2024-12-09,WEST-01,economy,10016,0.137,0.508,0,0,240
2024-12-10,NORTH-01,standard,8481,0.234,0.208,0,1,509
2024-12-10,NORTH-01,priority,8058,0.125,0.396,0,1,524
2024-12-10,NORTH-01,economy,7911,0.0,0.455,0,1,601
2024-12-10,NORTH-02,standard,9368,0.079,0.504,0,1,245
2024-12-10,NORTH-02,priority,9317,0.185,0.449,0,1,599
2024-12-10,NORTH-02,economy,8399,0.277,0.284,0,1,443
2024-12-10,CENTRAL-01,standard,9988,0.095,0.364,0,1,649
2024-12-10,CENTRAL-01,priority,9003,0.118,0.305,0,1,677
2024-12-10,CENTRAL-01,economy,8443,0.103,0.454,0,1,494
2024-12-10,SOUTH-01,standard,10899,0.212,0.449,0,1,516
2024-12-10,SOUTH-01,priority,9680,0.116,0.48,0,1,198
2024-12-10,SOUTH-01,economy,9357,0.0,0.221,0,1,726
2024-12-10,SOUTH-02,standard,10898,0.0,0.287,0,1,692
2024-12-10,SOUTH-02,priority,10196,0.085,0.397,0,1,798
2024-12-10,SOUTH-02,economy,9592,0.197,0.378,0,1,417
2024-12-10,WEST-01,standard,10147,0.294,0.257,0,1,466
2024-12-10,WEST-01,priority,10519,0.278,0.304,0,1,349
2024-12-10,WEST-01,economy,9925,0.308,0.402,0,1,497
2024-12-11,NORTH-01,standard,8122,0.013,0.242,0,2,485
2024-12-11,NORTH-01,priority,7754,0.248,0.321,0,2,583
2024-12-11,NORTH-01,economy,6871,0.169,0.375,0,2,370
2024-12-11,NORTH-02,standard,9124,0.2,0.486,0,2,552
2024-12-11,NORTH-02,priority,8091,0.126,0.278,0,2,571
2024-12-11,NORTH-02,economy,7944,0.387,0.154,0,2,468
2024-12-11,CENTRAL-01,standard,8646,0.289,0.211,0,2,538
2024-12-11,CENTRAL-01,priority,8377,0.039,0.119,0,2,425
2024-12-11,CENTRAL-01,economy,7570,0.353,0.337,0,2,490
2024-12-11,SOUTH-01,standard,9662,0.304,0.293,0,2,407
2024-12-11,SOUTH-01,priority,9248,0.182,0.404,0,2,495
2024-12-11,SOUTH-01,economy,8059,0.05,0.2,0,2,538
2024-12-11,SOUTH-02,standard,9851,0.234,0.369,0,2,512
2024-12-11,SOUTH-02,priority,9799,0.061,0.412,0,2,431
2024-12-11,SOUTH-02,economy,8495,0.232,0.213,0,2,418
2024-12-11,WEST-01,standard,10517,0.331,0.334,0,2,448
2024-12-11,WEST-01,priority,9910,0.0,0.332,0,2,495
2024-12-11,WEST-01,economy,8863,0.2,0.309,0,2,310
2024-12-12,NORTH-01,standard,7998,0.0,0.341,0,3,549
2024-12-12,NORTH-01,priority,8622,0.0,0.373,0,3,416
2024-12-12,NORTH-01,economy,7174,0.18,0.384,0,3,346
2024-12-12,NORTH-02,standard,7962,0.059,0.402,0,3,518
2024-12-12,NORTH-02,priority,7791,0.133,0.35,0,3,585
2024-12-12,NORTH-02,economy,7143,0.21,0.324,0,3,376
2024-12-12,CENTRAL-01,standard,9084,0.468,0.245,0,3,520
2024-12-12,CENTRAL-01,priority,8297,0.365,0.4,0,3,551
2024-12-12,CENTRAL-01,economy,8430,0.208,0.41,0,3,444
2024-12-12,SOUTH-01,standard,9620,0.129,0.298,0,3,363
2024-12-12,SOUTH-01,priority,8984,0.138,0.273,0,3,359
2024-12-12,SOUTH-01,economy,7997,0.026,0.261,0,3,362
2024-12-12,SOUTH-02,standard,9992,0.21,0.337,0,3,533
2024-12-12,SOUTH-02,priority,8515,0.269,0.197,0,3,502
2024-12-12,SOUTH-02,economy,8066,0.205,0.428,0,3,364
2024-12-12,WEST-01,standard,10373,0.144,0.363,0,3,547
2024-12-12,WEST-01,priority,10549,0.166,0.46,0,3,362
2024-12-12,WEST-01,economy,9390,0.185,0.414,0,3,412
2024-12-13,NORTH-01,standard,7967,0.211,0.223,0,4,243
2024-12-13,NORTH-01,priority,7443,0.241,0.261,0,4,441
2024-12-13,NORTH-01,economy,6761,0.189,0.299,0,4,524
2024-12-13,NORTH-02,standard,8405,0.129,0.352,0,4,554
2024-12-13,NORTH-02,priority,7889,0.189,0.289,0,4,387
2024-12-13,NORTH-02,economy,6615,0.347,0.346,0,4,438
2024-12-13,CENTRAL-01,standard,8484,0.394,0.446,0,4,402
2024-12-13,CENTRAL-01,priority,8562,0.176,0.349,0,4,395
2024-12-13,CENTRAL-01,economy,7503,0.07,0.426,0,4,308
2024-12-13,SOUTH-01,standard,9679,0.044,0.399,0,4,576
2024-12-13,SOUTH-01,priority,8604,0.086,0.25,0,4,416
2024-12-13,SOUTH-01,economy,8221,0.205,0.215,0,4,319
2024-12-13,SOUTH-02,standard,9151,0.102,0.444,0,4,493
2024-12-13,SOUTH-02,priority,8957,0.218,0.284,0,4,595
2024-12-13,SOUTH-02,economy,9327,0.416,0.435,0,4,376
2024-12-13,WEST-01,standard,10806,0.0,0.346,0,4,281
2024-12-13,WEST-01,priority,9859,0.069,0.285,0,4,503
2024-12-13,WEST-01,economy,8692,0.087,0.364,0,4,389
2024-12-14,NORTH-01,standard,7948,0.028,0.338,0,5,501
2024-12-14,NORTH-01,priority,8265,0.177,0.332,0,5,473
2024-12-14,NORTH-01,economy,6407,0.136,0.303,0,5,364
2024-12-14,NORTH-02,standard,7795,0.217,0.197,0,5,351
2024-12-14,NORTH-02,priority,8172,0.048,0.353,0,5,410
2024-12-14,NORTH-02,economy,7215,0.246,0.303,0,5,276
2024-12-14,CENTRAL-01,standard,8496,0.214,0.356,0,5,416
2024-12-14,CENTRAL-01,priority,8568,0.175,0.372,0,5,350
2024-12-14,CENTRAL-01,economy,7448,0.272,0.392,0,5,266
2024-12-14,SOUTH-01,standard,9462,0.102,0.232,0,5,605
2024-12-14,SOUTH-01,priority,8900,0.351,0.263,0,5,457
2024-12-14,SOUTH-01,economy,8155,0.0,0.323,0,5,569
2024-12-14,SOUTH-02,standard,9988,0.075,0.395,0,5,306
2024-12-14,SOUTH-02,priority,9402,0.114,0.473,0,5,570
2024-12-14,SOUTH-02,economy,7966,0.282,0.314,0,5,280
2024-12-14,WEST-01,standard,9442,0.354,0.362,0,5,563
2024-12-14,WEST-01,priority,9806,0.0,0.284,0,5,776
2024-12-14,WEST-01,economy,8948,0.278,0.311,0,5,558
2024-12-15,NORTH-01,standard,7893,0.351,0.33,0,6,317
2024-12-15,NORTH-01,priority,6760,0.26,0.432,0,6,335
2024-12-15,NORTH-01,economy,6550,0.034,0.362,0,6,218
2024-12-15,NORTH-02,standard,8431,0.315,0.337,0,6,484
2024-12-15,NORTH-02,priority,7660,0.296,0.317,0,6,362
2024-12-15,NORTH-02,economy,7108,0.31,0.345,0,6,440
2024-12-15,CENTRAL-01,standard,8720,0.4,0.356,0,6,674
2024-12-15,CENTRAL-01,priority,8168,0.34,0.445,0,6,353
2024-12-15,CENTRAL-01,economy,8074,0.0,0.427,0,6,206
2024-12-15,SOUTH-01,standard,9200,0.324,0.323,0,6,274
2024-12-15,SOUTH-01,priority,8810,0.239,0.39,0,6,394
2024-12-15,SOUTH-01,economy,7507,0.495,0.254,0,6,490
2024-12-15,SOUTH-02,standard,10360,0.058,0.263,0,6,563
2024-12-15,SOUTH-02,priority,8939,0.238,0.365,0,6,417
2024-12-15,SOUTH-02,economy,8916,0.171,0.418,0,6,336
2024-12-15,WEST-01,standard,9926,0.275,0.216,0,6,340
2024-12-15,WEST-01,priority,9361,0.077,0.504,0,6,362
2024-12-15,WEST-01,economy,9037,0.241,0.312,0,6,622
2024-12-16,NORTH-01,standard,8891,0.259,0.313,0,0,510
2024-12-16,NORTH-01,priority,8530,0.256,0.352,0,0,479
2024-12-16,NORTH-01,economy,8086,0.169,0.302,0,0,457
2024-12-16,NORTH-02,standard,9373,0.0,0.284,0,0,437
2024-12-16,NORTH-02,priority,8033,0.324,0.606,0,0,457
2024-12-16,NORTH-02,economy,8457,0.188,0.336,0,0,451
2024-12-16,CENTRAL-01,standard,10201,0.137,0.352,0,0,541
2024-12-16,CENTRAL-01,priority,10410,0.203,0.303,0,0,535
2024-12-16,CENTRAL-01,economy,8631,0.271,0.309,0,0,460
2024-12-16,SOUTH-01,standard,10137,0.0,0.293,0,0,412
2024-12-16,SOUTH-01,priority,10442,0.052,0.354,0,0,508
2024-12-16,SOUTH-01,economy,8981,0.038,0.268,0,0,279
2024-12-16,SOUTH-02,standard,10646,0.217,0.458,0,0,508
2024-12-16,SOUTH-02,priority,10228,0.129,0.3,0,0,407
2024-12-16,SOUTH-02,economy,9498,0.083,0.22,0,0,592
2024-12-16,WEST-01,standard,11005,0.265,0.469,0,0,612
2024-12-16,WEST-01,priority,11476,0.048,0.407,0,0,584
2024-12-16,WEST-01,economy,9679,0.379,0.302,0,0,360
2024-12-17,NORTH-01,standard,9101,0.184,0.372,0,1,396
2024-12-17,NORTH-01,priority,8467,0.121,0.378,0,1,295
2024-12-17,NORTH-01,economy,7348,0.0,0.302,0,1,300
2024-12-17,NORTH-02,standard,9248,0.129,0.338,0,1,720
2024-12-17,NORTH-02,priority,9065,0.029,0.447,0,1,373
2024-12-17,NORTH-02,economy,7809,0.251,0.314,0,1,629
2024-12-17,CENTRAL-01,standard,10144,0.0,0.33,0,1,653
2024-12-17,CENTRAL-01,priority,9934,0.132,0.563,0,1,193
2024-12-17,CENTRAL-01,economy,8387,0.006,0.369,0,1,497
2024-12-17,SOUTH-01,standard,9881,0.126,0.254,0,1,578
2024-12-17,SOUTH-01,priority,10454,0.0,0.434,0,1,453
2024-12-17,SOUTH-01,economy,9119,0.011,0.394,0,1,271
2024-12-17,SOUTH-02,standard,9873,0.409,0.279,0,1,510
2024-12-17,SOUTH-02,priority,10163,0.172,0.469,0,1,440
2024-12-17,SOUTH-02,economy,9627,0.22,0.366,0,1,501
2024-12-17,WEST-01,standard,11507,0.2,0.317,0,1,482
2024-12-17,WEST-01,priority,10364,0.277,0.461,0,1,779
2024-12-17,WEST-01,economy,10210,0.094,0.294,0,1,539
2024-12-18,NORTH-01,standard,8348,0.189,0.415,0,2,678
2024-12-18,NORTH-01,priority,7236,0.174,0.282,0,2,453
2024-12-18,NORTH-01,economy,6539,0.238,0.367,0,2,509
2024-12-18,NORTH-02,standard,9152,0.412,0.352,0,2,558
2024-12-18,NORTH-02,priority,7843,0.446,0.388,0,2,516
2024-12-18,NORTH-02,economy,8004,0.128,0.383,0,2,518
2024-12-18,CENTRAL-01,standard,9369,0.176,0.366,0,2,548
2024-12-18,CENTRAL-01,priority,8014,0.27,0.377,0,2,340
2024-12-18,CENTRAL-01,economy,8116,0.235,0.417,0,2,342
2024-12-18,SOUTH-01,standard,8772,0.162,0.256,0,2,452
2024-12-18,SOUTH-01,priority,9503,0.343,0.358,0,2,445
2024-12-18,SOUTH-01,economy,7969,0.184,0.271,0,2,276
2024-12-18,SOUTH-02,standard,9968,0.0,0.256,0,2,390
2024-12-18,SOUTH-02,priority,8712,0.12,0.383,0,2,451
2024-12-18,SOUTH-02,economy,8867,0.282,0.425,0,2,439
2024-12-18,WEST-01,standard,11071,0.105,0.343,0,2,544
2024-12-18,WEST-01,priority,9787,0.167,0.395,0,2,500
2024-12-18,WEST-01,economy,9481,0.15,0.317,0,2,230
2024-12-19,NORTH-01,standard,7270,0.237,0.312,0,3,281
2024-12-19,NORTH-01,priority,7874,0.176,0.358,0,3,513
2024-12-19,NORTH-01,economy,7435,0.0,0.38,0,3,429
2024-12-19,NORTH-02,standard,7936,0.24,0.195,0,3,582
2024-12-19,NORTH-02,priority,7695,0.146,0.528,0,3,598
2024-12-19,NORTH-02,economy,7387,0.107,0.419,0,3,415
2024-12-19,CENTRAL-01,standard,9240,0.251,0.301,0,3,425
2024-12-19,CENTRAL-01,priority,7984,0.201,0.138,0,3,571
2024-12-19,CENTRAL-01,economy,7825,0.263,0.421,0,3,615
2024-12-19,SOUTH-01,standard,9721,0.215,0.297,0,3,582
2024-12-19,SOUTH-01,priority,8849,0.256,0.318,0,3,612
2024-12-19,SOUTH-01,economy,7756,0.237,0.232,0,3,331
2024-12-19,SOUTH-02,standard,10554,0.089,0.181,0,3,391
2024-12-19,SOUTH-02,priority,9526,0.084,0.195,0,3,454
2024-12-19,SOUTH-02,economy,8904,0.138,0.326,0,3,389
2024-12-19,WEST-01,standard,9788,0.0,0.247,0,3,506
2024-12-19,WEST-01,priority,9059,0.292,0.467,0,3,526
2024-12-19,WEST-01,economy,10019,0.106,0.584,0,3,684
2024-12-20,NORTH-01,standard,7953,0.276,0.381,0,4,346
2024-12-20,NORTH-01,priority,8354,0.084,0.399,0,4,387
2024-12-20,NORTH-01,economy,6963,0.093,0.231,0,4,536
2024-12-20,NORTH-02,standard,8775,0.334,0.46,0,4,454
2024-12-20,NORTH-02,priority,7546,0.334,0.261,0,4,611
2024-12-20,NORTH-02,economy,7738,0.051,0.347,0,4,422
2024-12-20,CENTRAL-01,standard,9260,0.318,0.472,0,4,624
2024-12-20,CENTRAL-01,priority,9505,0.069,0.337,0,4,698
2024-12-20,CENTRAL-01,economy,7984,0.027,0.349,0,4,469
2024-12-20,SOUTH-01,standard,9523,0.333,0.497,0,4,600
2024-12-20,SOUTH-01,priority,8055,0.258,0.348,0,4,543
2024-12-20,SOUTH-01,economy,7782,0.253,0.381,0,4,648
2024-12-20,SOUTH-02,standard,9213,0.198,0.259,0,4,537
2024-12-20,SOUTH-02,priority,9342,0.265,0.313,0,4,540
2024-12-20,SOUTH-02,economy,8969,0.197,0.294,0,4,549
2024-12-20,WEST-01,standard,9617,0.248,0.283,0,4,477
2024-12-20,WEST-01,priority,9950,0.292,0.433,0,4,424
2024-12-20,WEST-01,economy,9163,0.083,0.349,0,4,587
2024-12-21,NORTH-01,standard,9047,0.122,0.318,0,5,637
2024-12-21,NORTH-01,priority,7323,0.074,0.468,0,5,347
2024-12-21,NORTH-01,economy,7219,0.142,0.344,0,5,409
2024-12-21,NORTH-02,standard,8653,0.254,0.318,0,5,449
2024-12-21,NORTH-02,priority,8221,0.013,0.389,0,5,340
2024-12-21,NORTH-02,economy,7265,0.129,0.318,0,5,609
2024-12-21,CENTRAL-01,standard,8739,0.431,0.132,0,5,556
2024-12-21,CENTRAL-01,priority,9223,0.154,0.424,0,5,292
2024-12-21,CENTRAL-01,economy,7453,0.196,0.507,0,5,389
2024-12-21,SOUTH-01,standard,10116,0.126,0.434,0,5,502
2024-12-21,SOUTH-01,priority,9264,0.184,0.212,0,5,415
2024-12-21,SOUTH-01,economy,8418,0.163,0.428,0,5,553
2024-12-21,SOUTH-02,standard,9978,0.252,0.366,0,5,344
2024-12-21,SOUTH-02,priority,9019,0.162,0.437,0,5,364
2024-12-21,SOUTH-02,economy,9351,0.074,0.362,0,5,526
2024-12-21,WEST-01,standard,10363,0.0,0.402,0,5,552
2024-12-21,WEST-01,priority,9602,0.162,0.281,0,5,415
2024-12-21,WEST-01,economy,8488,0.217,0.279,0,5,522
2024-12-22,NORTH-01,standard,7839,0.313,0.396,0,6,326
2024-12-22,NORTH-01,priority,7370,0.098,0.421,0,6,507
2024-12-22,NORTH-01,economy,7435,0.256,0.449,0,6,468
2024-12-22,NORTH-02,standard,8872,0.004,0.399,0,6,401
2024-12-22,NORTH-02,priority,7599,0.343,0.338,0,6,542
2024-12-22,NORTH-02,economy,6876,0.131,0.304,0,6,287
2024-12-22,CENTRAL-01,standard,8747,0.092,0.4,0,6,219
2024-12-22,CENTRAL-01,priority,8310,0.216,0.299,0,6,583
2024-12-22,CENTRAL-01,economy,7908,0.189,0.471,0,6,538
2024-12-22,SOUTH-01,standard,9141,0.114,0.359,0,6,356
2024-12-22,SOUTH-01,priority,8802,0.153,0.244,0,6,407
2024-12-22,SOUTH-01,economy,8361,0.208,0.245,0,6,634
2024-12-22,SOUTH-02,standard,9941,0.358,0.502,0,6,435
2024-12-22,SOUTH-02,priority,8466,0.239,0.331,0,6,532
2024-12-22,SOUTH-02,economy,8319,0.152,0.233,0,6,404
2024-12-22,WEST-01,standard,10899,0.181,0.352,0,6,352
2024-12-22,WEST-01,priority,10160,0.162,0.28,0,6,417
2024-12-22,WEST-01,economy,9782,0.139,0.434,0,6,650
2024-12-23,NORTH-01,standard,9399,0.0,0.389,0,0,455
2024-12-23,NORTH-01,priority,9012,0.188,0.453,0,0,557
2024-12-23,NORTH-01,economy,7871,0.205,0.532,0,0,222
2024-12-23,NORTH-02,standard,10087,0.148,0.355,0,0,421
2024-12-23,NORTH-02,priority,9138,0.239,0.232,0,0,462
2024-12-23,NORTH-02,economy,8958,0.146,0.521,0,0,323
2024-12-23,CENTRAL-01,standard,11051,0.167,0.569,0,0,622
2024-12-23,CENTRAL-01,priority,9343,0.0,0.457,0,0,619
2024-12-23,CENTRAL-01,economy,8553,0.093,0.389,0,0,392
2024-12-23,SOUTH-01,standard,11162,0.255,0.244,0,0,391
2024-12-23,SOUTH-01,priority,10467,0.05,0.4,0,0,455
2024-12-23,SOUTH-01,economy,8716,0.051,0.276,0,0,478
2024-12-23,SOUTH-02,standard,10998,0.172,0.384,0,0,608
2024-12-23,SOUTH-02,priority,10211,0.131,0.291,0,0,479
2024-12-23,SOUTH-02,economy,9726,0.21,0.293,0,0,330
2024-12-23,WEST-01,standard,10910,0.127,0.44,0,0,633
2024-12-23,WEST-01,priority,9971,0.011,0.223,0,0,493
2024-12-23,WEST-01,economy,10545,0.268,0.453,0,0,599
2024-12-24,NORTH-01,standard,9413,0.08,0.283,0,1,632
2024-12-24,NORTH-01,priority,7890,0.056,0.454,0,1,463
2024-12-24,NORTH-01,economy,7840,0.168,0.334,0,1,312
2024-12-24,NORTH-02,standard,9857,0.234,0.355,0,1,666
2024-12-24,NORTH-02,priority,8313,0.195,0.285,0,1,633
2024-12-24,NORTH-02,economy,8210,0.368,0.421,0,1,524
2024-12-24,CENTRAL-01,standard,9746,0.337,0.301,0,1,339
2024-12-24,CENTRAL-01,priority,9938,0.165,0.474,0,1,494
2024-12-24,CENTRAL-01,economy,8836,0.0,0.298,0,1,419
2024-12-24,SOUTH-01,standard,10163,0.184,0.369,0,1,483
2024-12-24,SOUTH-01,priority,10467,0.162,0.294,0,1,436
2024-12-24,SOUTH-01,economy,9111,0.0,0.493,0,1,561
2024-12-24,SOUTH-02,standard,10906,0.098,0.396,0,1,627
2024-12-24,SOUTH-02,priority,10242,0.154,0.298,0,1,441
2024-12-24,SOUTH-02,economy,10863,0.0,0.302,0,1,287
2024-12-24,WEST-01,standard,11947,0.209,0.331,0,1,405
2024-12-24,WEST-01,priority,10589,0.192,0.405,0,1,405
2024-12-24,WEST-01,economy,9826,0.177,0.325,0,1,586
2024-12-25,NORTH-01,standard,9928,0.228,0.394,1,2,593
2024-12-25,NORTH-01,priority,9332,0.337,0.327,1,2,304
2024-12-25,NORTH-01,economy,8742,0.0,0.496,1,2,472
2024-12-25,NORTH-02,standard,9913,0.033,0.248,1,2,554
2024-12-25,NORTH-02,priority,9297,0.118,0.323,1,2,598
2024-12-25,NORTH-02,economy,9113,0.284,0.311,1,2,423
2024-12-25,CENTRAL-01,standard,10939,0.139,0.346,1,2,401
2024-12-25,CENTRAL-01,priority,10290,0.24,0.55,1,2,492
2024-12-25,CENTRAL-01,economy,8778,0.17,0.388,1,2,647
2024-12-25,SOUTH-01,standard,10910,0.298,0.298,1,2,440
2024-12-25,SOUTH-01,priority,10517,0.216,0.355,1,2,372
2024-12-25,SOUTH-01,economy,9770,0.122,0.442,1,2,155
2024-12-25,SOUTH-02,standard,12112,0.162,0.543,1,2,473
2024-12-25,SOUTH-02,priority,10213,0.174,0.404,1,2,383
2024-12-25,SOUTH-02,economy,10190,0.228,0.478,1,2,673
2024-12-25,WEST-01,standard,11983,0.089,0.079,1,2,604
2024-12-25,WEST-01,priority,11378,0.268,0.406,1,2,490
2024-12-25,WEST-01,economy,10497,0.154,0.313,1,2,277
2024-12-26,NORTH-01,standard,7353,0.034,0.337,0,3,159
2024-12-26,NORTH-01,priority,7451,0.14,0.34,0,3,117
2024-12-26,NORTH-01,economy,6284,0.366,0.235,0,3,217
2024-12-26,NORTH-02,standard,8312,0.336,0.384,0,3,364
2024-12-26,NORTH-02,priority,8005,0.202,0.25,0,3,354
2024-12-26,NORTH-02,economy,7112,0.242,0.389,0,3,147
2024-12-26,CENTRAL-01,standard,8954,0.15,0.234,0,3,417
2024-12-26,CENTRAL-01,priority,8851,0.109,0.246,0,3,391
2024-12-26,CENTRAL-01,economy,7696,0.462,0.353,0,3,415
2024-12-26,SOUTH-01,standard,10005,0.221,0.437,0,3,268
2024-12-26,SOUTH-01,priority,8821,0.283,0.39,0,3,650
2024-12-26,SOUTH-01,economy,7902,0.39,0.422,0,3,273
2024-12-26,SOUTH-02,standard,9101,0.271,0.459,0,3,583
2024-12-26,SOUTH-02,priority,9323,0.149,0.205,0,3,568
2024-12-26,SOUTH-02,economy,9310,0.138,0.265,0,3,379
2024-12-26,WEST-01,standard,10227,0.319,0.229,0,3,533
2024-12-26,WEST-01,priority,9422,0.285,0.469,0,3,525
2024-12-26,WEST-01,economy,8856,0.016,0.24,0,3,494
2024-12-27,NORTH-01,standard,8036,0.381,0.499,0,4,457
2024-12-27,NORTH-01,priority,7464,0.293,0.411,0,4,413
2024-12-27,NORTH-01,economy,6788,0.167,0.333,0,4,369
2024-12-27,NORTH-02,standard,8903,0.131,0.259,0,4,509
2024-12-27,NORTH-02,priority,7650,0.405,0.38,0,4,334
2024-12-27,NORTH-02,economy,7318,0.186,0.394,0,4,223
2024-12-27,CENTRAL-01,standard,9433,0.091,0.351,0,4,284
2024-12-27,CENTRAL-01,priority,8224,0.212,0.368,0,4,356
2024-12-27,CENTRAL-01,economy,8367,0.092,0.361,0,4,574
2024-12-27,SOUTH-01,standard,8652,0.045,0.335,0,4,452
2024-12-27,SOUTH-01,priority,8193,0.252,0.476,0,4,295
2024-12-27,SOUTH-01,economy,8125,0.197,0.221,0,4,498
2024-12-27,SOUTH-02,standard,9543,0.026,0.361,0,4,631
2024-12-27,SOUTH-02,priority,8674,0.205,0.299,0,4,486
2024-12-27,SOUTH-02,economy,8252,0.343,0.288,0,4,337
2024-12-27,WEST-01,standard,10511,0.367,0.197,0,4,450
2024-12-27,WEST-01,priority,9785,0.171,0.323,0,4,385
2024-12-27,WEST-01,economy,8673,0.307,0.438,0,4,520
2024-12-28,NORTH-01,standard,8866,0.137,0.354,0,5,365
2024-12-28,NORTH-01,priority,7426,0.291,0.387,0,5,446
2024-12-28,NORTH-01,economy,6544,0.21,0.257,0,5,250
2024-12-28,NORTH-02,standard,9020,0.147,0.458,0,5,278
2024-12-28,NORTH-02,priority,8357,0.147,0.369,0,5,352
2024-12-28,NORTH-02,economy,7739,0.032,0.345,0,5,440
2024-12-28,CENTRAL-01,standard,9271,0.074,0.49,0,5,481
2024-12-28,CENTRAL-01,priority,8844,0.101,0.439,0,5,483
2024-12-28,CENTRAL-01,economy,8353,0.042,0.438,0,5,552
2024-12-28,SOUTH-01,standard,9384,0.184,0.344,0,5,734
2024-12-28,SOUTH-01,priority,8635,0.115,0.255,0,5,375
2024-12-28,SOUTH-01,economy,7724,0.331,0.242,0,5,434
2024-12-28,SOUTH-02,standard,10516,0.332,0.407,0,5,536
2024-12-28,SOUTH-02,priority,8815,0.156,0.418,0,5,239
2024-12-28,SOUTH-02,economy,8982,0.297,0.367,0,5,347
2024-12-28,WEST-01,standard,10247,0.334,0.404,0,5,512
2024-12-28,WEST-01,priority,9427,0.222,0.281,0,5,502
2024-12-28,WEST-01,economy,9115,0.129,0.232,0,5,553
2024-12-29,NORTH-01,standard,8465,0.308,0.393,0,6,552
2024-12-29,NORTH-01,priority,7830,0.19,0.18,0,6,307
2024-12-29,NORTH-01,economy,7999,0.044,0.262,0,6,472
2024-12-29,NORTH-02,standard,8657,0.055,0.295,0,6,504
2024-12-29,NORTH-02,priority,8003,0.214,0.276,0,6,346
2024-12-29,NORTH-02,economy,6947,0.306,0.355,0,6,471
2024-12-29,CENTRAL-01,standard,9261,0.226,0.312,0,6,533
2024-12-29,CENTRAL-01,priority,8275,0.324,0.407,0,6,225
2024-12-29,CENTRAL-01,economy,7839,0.202,0.377,0,6,53
2024-12-29,SOUTH-01,standard,9597,0.261,0.277,0,6,671
2024-12-29,SOUTH-01,priority,8938,0.15,0.385,0,6,511
2024-12-29,SOUTH-01,economy,7790,0.192,0.309,0,6,604
2024-12-29,SOUTH-02,standard,10106,0.233,0.416,0,6,600
2024-12-29,SOUTH-02,priority,9601,0.072,0.357,0,6,623
2024-12-29,SOUTH-02,economy,8138,0.501,0.383,0,6,280
2024-12-29,WEST-01,standard,9135,0.071,0.288,0,6,372
2024-12-29,WEST-01,priority,9535,0.266,0.356,0,6,271
2024-12-29,WEST-01,economy,9026,0.306,0.391,0,6,186
2024-12-30,NORTH-01,standard,9169,0.121,0.385,0,0,478
2024-12-30,NORTH-01,priority,8679,0.262,0.362,0,0,339
2024-12-30,NORTH-01,economy,8311,0.033,0.388,0,0,491
2024-12-30,NORTH-02,standard,9557,0.196,0.324,0,0,512
2024-12-30,NORTH-02,priority,8721,0.233,0.559,0,0,828
2024-12-30,NORTH-02,economy,7947,0.029,0.381,0,0,455
2024-12-30,CENTRAL-01,standard,10250,0.298,0.353,0,0,436
2024-12-30,CENTRAL-01,priority,9562,0.0,0.4,0,0,409
2024-12-30,CENTRAL-01,economy,8447,0.131,0.383,0,0,478
2024-12-30,SOUTH-01,standard,11042,0.323,0.515,0,0,530
2024-12-30,SOUTH-01,priority,9491,0.211,0.318,0,0,569
2024-12-30,SOUTH-01,economy,8800,0.143,0.379,0,0,608
2024-12-30,SOUTH-02,standard,10653,0.141,0.437,0,0,408
2024-12-30,SOUTH-02,priority,9320,0.339,0.3,0,0,334
2024-12-30,SOUTH-02,economy,9228,0.283,0.411,0,0,381
2024-12-30,WEST-01,standard,11265,0.261,0.455,0,0,584
2024-12-30,WEST-01,priority,10250,0.285,0.522,0,0,407
2024-12-30,WEST-01,economy,10026,0.119,0.416,0,0,518
2024-12-31,NORTH-01,standard,9118,0.195,0.35,0,1,577
2024-12-31,NORTH-01,priority,8046,0.064,0.338,0,1,448
2024-12-31,NORTH-01,economy,7972,0.157,0.436,0,1,365
2024-12-31,NORTH-02,standard,9056,0.15,0.488,0,1,376
2024-12-31,NORTH-02,priority,9035,0.184,0.299,0,1,444
2024-12-31,NORTH-02,economy,8217,0.211,0.359,0,1,271
2024-12-31,CENTRAL-01,standard,9468,0.201,0.209,0,1,522
2024-12-31,CENTRAL-01,priority,9253,0.323,0.538,0,1,353
2024-12-31,CENTRAL-01,economy,9480,0.243,0.5,0,1,340
2024-12-31,SOUTH-01,standard,10862,0.163,0.418,0,1,576
2024-12-31,SOUTH-01,priority,10253,0.126,0.397,0,1,375
2024-12-31,SOUTH-01,economy,8780,0.34,0.429,0,1,554
2024-12-31,SOUTH-02,standard,11465,0.278,0.418,0,1,522
2024-12-31,SOUTH-02,priority,10355,0.22,0.139,0,1,613
2024-12-31,SOUTH-02,economy,9730,0.343,0.275,0,1,594
2024-12-31,WEST-01,standard,11606,0.102,0.434,0,1,324
2024-12-31,WEST-01,priority,9772,0.25,0.289,0,1,517
2024-12-31,WEST-01,economy,10220,0.172,0.462,0,1,580
2025-01-01,NORTH-01,standard,7012,0.241,0.232,1,2,414
2025-01-01,NORTH-01,priority,6905,0.163,0.202,1,2,313
2025-01-01,NORTH-01,economy,5587,0.139,0.282,1,2,432
2025-01-01,NORTH-02,standard,8519,0.329,0.196,1,2,548
2025-01-01,NORTH-02,priority,7228,0.226,0.113,1,2,478
2025-01-01,NORTH-02,economy,5947,0.18,0.091,1,2,380
2025-01-01,CENTRAL-01,standard,7289,0.002,0.112,1,2,498
2025-01-01,CENTRAL-01,priority,8230,0.318,0.156,1,2,588
2025-01-01,CENTRAL-01,economy,6748,0.238,0.141,1,2,449
2025-01-01,SOUTH-01,standard,8959,0.163,0.194,1,2,421
2025-01-01,SOUTH-01,priority,7875,0.311,0.132,1,2,298
2025-01-01,SOUTH-01,economy,7254,0.148,0.323,1,2,450
2025-01-01,SOUTH-02,standard,9154,0.125,0.0,1,2,387
2025-01-01,SOUTH-02,priority,8600,0.218,0.229,1,2,477
2025-01-01,SOUTH-02,economy,7902,0.076,0.207,1,2,177
2025-01-01,WEST-01,standard,10133,0.279,0.241,1,2,744
2025-01-01,WEST-01,priority,9294,0.273,0.191,1,2,352
2025-01-01,WEST-01,economy,8898,0.0,0.112,1,2,367
2025-01-02,NORTH-01,standard,5848,0.236,0.196,0,3,202
2025-01-02,NORTH-01,priority,5755,0.221,0.116,0,3,489
2025-01-02,NORTH-01,economy,4861,0.134,0.291,0,3,125
2025-01-02,NORTH-02,standard,5996,0.171,0.281,0,3,351
2025-01-02,NORTH-02,priority,5225,0.017,0.054,0,3,189
2025-01-02,NORTH-02,economy,5154,0.106,0.289,0,3,428
2025-01-02,CENTRAL-01,standard,6021,0.311,0.061,0,3,452
2025-01-02,CENTRAL-01,priority,6822,0.104,0.206,0,3,210
2025-01-02,CENTRAL-01,economy,5156,0.137,0.134,0,3,261
2025-01-02,SOUTH-01,standard,7150,0.121,0.149,0,3,508
2025-01-02,SOUTH-01,priority,6275,0.177,0.239,0,3,224
2025-01-02,SOUTH-01,economy,6229,0.143,0.187,0,3,542
2025-01-02,SOUTH-02,standard,8078,0.215,0.21,0,3,328
2025-01-02,SOUTH-02,priority,7498,0.155,0.372,0,3,466
2025-01-02,SOUTH-02,economy,5717,0.287,0.043,0,3,230
2025-01-02,WEST-01,standard,7847,0.23,0.12,0,3,378
2025-01-02,WEST-01,priority,6779,0.0,0.221,0,3,296
2025-01-02,WEST-01,economy,6788,0.022,0.08,0,3,531
2025-01-03,NORTH-01,standard,5112,0.0,0.105,0,4,260
2025-01-03,NORTH-01,priority,4299,0.189,0.211,0,4,375
2025-01-03,NORTH-01,economy,4512,0.063,0.053,0,4,390
2025-01-03,NORTH-02,standard,6029,0.168,0.063,0,4,273
2025-01-03,NORTH-02,priority,6017,0.252,0.236,0,4,358
2025-01-03,NORTH-02,economy,5456,0.315,0.068,0,4,220
2025-01-03,CENTRAL-01,standard,6600,0.0,0.259,0,4,392
2025-01-03,CENTRAL-01,priority,7093,0.056,0.339,0,4,578
2025-01-03,CENTRAL-01,economy,5426,0.191,0.228,0,4,477
2025-01-03,SOUTH-01,standard,7039,0.131,0.277,0,4,349
2025-01-03,SOUTH-01,priority,6317,0.124,0.165,0,4,427
2025-01-03,SOUTH-01,economy,6559,0.122,0.213,0,4,386
2025-01-03,SOUTH-02,standard,8231,0.446,0.24,0,4,419
2025-01-03,SOUTH-02,priority,6678,0.0,0.094,0,4,265
2025-01-03,SOUTH-02,economy,5703,0.0,0.232,0,4,462
2025-01-03,WEST-01,standard,7739,0.442,0.088,0,4,364
2025-01-03,WEST-01,priority,7006,0.279,0.054,0,4,524
2025-01-03,WEST-01,economy,7014,0.174,0.02,0,4,234
2025-01-04,NORTH-01,standard,5842,0.189,0.197,0,5,659
2025-01-04,NORTH-01,priority,5275,0.268,0.134,0,5,363
2025-01-04,NORTH-01,economy,4339,0.185,0.17,0,5,335
2025-01-04,NORTH-02,standard,6518,0.119,0.0,0,5,307
2025-01-04,NORTH-02,priority,5154,0.197,0.089,0,5,209
2025-01-04,NORTH-02,economy,4959,0.294,0.245,0,5,264
2025-01-04,CENTRAL-01,standard,6559,0.0,0.214,0,5,242
2025-01-04,CENTRAL-01,priority,5307,0.184,0.123,0,5,173
2025-01-04,CENTRAL-01,economy,5474,0.22,0.098,0,5,361
2025-01-04,SOUTH-01,standard,6933,0.306,0.083,0,5,464
2025-01-04,SOUTH-01,priority,5892,0.105,0.24,0,5,256
2025-01-04,SOUTH-01,economy,5815,0.0,0.091,0,5,454
2025-01-04,SOUTH-02,standard,6768,0.161,0.102,0,5,237
2025-01-04,SOUTH-02,priority,6720,0.217,0.221,0,5,526
2025-01-04,SOUTH-02,economy,6157,0.066,0.119,0,5,548
2025-01-04,WEST-01,standard,8097,0.196,0.006,0,5,644
2025-01-04,WEST-01,priority,7572,0.15,0.078,0,5,642
2025-01-04,WEST-01,economy,6715,0.282,0.02,0,5,429
2025-01-05,NORTH-01,standard,6159,0.065,0.253,0,6,522
2025-01-05,NORTH-01,priority,4902,0.053,0.182,0,6,356
2025-01-05,NORTH-01,economy,3626,0.357,0.036,0,6,403
2025-01-05,NORTH-02,standard,5953,0.178,0.244,0,6,364
2025-01-05,NORTH-02,priority,4748,0.263,0.167,0,6,661
2025-01-05,NORTH-02,economy,4908,0.205,0.043,0,6,378
2025-01-05,CENTRAL-01,standard,6499,0.299,0.224,0,6,168
2025-01-05,CENTRAL-01,priority,6279,0.235,0.019,0,6,280
2025-01-05,CENTRAL-01,economy,5022,0.256,0.098,0,6,234
2025-01-05,SOUTH-01,standard,7216,0.266,0.1,0,6,325
2025-01-05,SOUTH-01,priority,6506,0.152,0.153,0,6,264
2025-01-05,SOUTH-01,economy,5918,0.264,0.128,0,6,355
2025-01-05,SOUTH-02,standard,7027,0.25,0.117,0,6,442
2025-01-05,SOUTH-02,priority,7071,0.121,0.267,0,6,227
2025-01-05,SOUTH-02,economy,6637,0.11,0.07,0,6,471
2025-01-05,WEST-01,standard,7892,0.173,0.173,0,6,520
2025-01-05,WEST-01,priority,7206,0.242,0.206,0,6,320
2025-01-05,WEST-01,economy,7201,0.26,0.274,0,6,585
2025-01-06,NORTH-01,standard,6160,0.199,0.072,0,0,530
2025-01-06,NORTH-01,priority,6006,0.0,0.27,0,0,590
2025-01-06,NORTH-01,economy,6486,0.172,0.208,0,0,334
2025-01-06,NORTH-02,standard,6622,0.138,0.094,0,0,339
2025-01-06,NORTH-02,priority,6301,0.113,0.05,0,0,423
2025-01-06,NORTH-02,economy,6506,0.072,0.137,0,0,204
2025-01-06,CENTRAL-01,standard,7313,0.412,0.096,0,0,552
2025-01-06,CENTRAL-01,priority,6469,0.37,0.188,0,0,280
2025-01-06,CENTRAL-01,economy,6354,0.111,0.301,0,0,409
2025-01-06,SOUTH-01,standard,7943,0.055,0.057,0,0,379
2025-01-06,SOUTH-01,priority,7163,0.15,0.032,0,0,580
2025-01-06,SOUTH-01,economy,5421,0.078,0.222,0,0,246
2025-01-06,SOUTH-02,standard,9019,0.0,0.249,0,0,326
2025-01-06,SOUTH-02,priority,8403,0.215,0.246,0,0,383
2025-01-06,SOUTH-02,economy,7518,0.0,0.078,0,0,657
2025-01-06,WEST-01,standard,9747,0.173,0.101,0,0,521
2025-01-06,WEST-01,priority,8715,0.033,0.14,0,0,433
2025-01-06,WEST-01,economy,6706,0.275,0.022,0,0,292
2025-01-07,NORTH-01,standard,6977,0.146,0.177,0,1,685
2025-01-07,NORTH-01,priority,5776,0.091,0.125,0,1,482
2025-01-07,NORTH-01,economy,6106,0.316,0.114,0,1,278
2025-01-07,NORTH-02,standard,6538,0.304,0.266,0,1,445
2025-01-07,NORTH-02,priority,6238,0.0,0.216,0,1,435
2025-01-07,NORTH-02,economy,6240,0.271,0.24,0,1,373
2025-01-07,CENTRAL-01,standard,7071,0.134,0.144,0,1,366
2025-01-07,CENTRAL-01,priority,6107,0.145,0.087,0,1,209
2025-01-07,CENTRAL-01,economy,6548,0.0,0.125,0,1,54
2025-01-07,SOUTH-01,standard,7404,0.208,0.14,0,1,350
2025-01-07,SOUTH-01,priority,7138,0.306,0.072,0,1,435
2025-01-07,SOUTH-01,economy,7055,0.081,0.231,0,1,361
2025-01-07,SOUTH-02,standard,7504,0.464,0.231,0,1,358
2025-01-07,SOUTH-02,priority,7409,0.476,0.071,0,1,549
2025-01-07,SOUTH-02,economy,7445,0.258,0.214,0,1,406
2025-01-07,WEST-01,standard,8756,0.085,0.185,0,1,384
2025-01-07,WEST-01,priority,8694,0.358,0.12,0,1,471
2025-01-07,WEST-01,economy,8282,0.161,0.005,0,1,427
2025-01-08,NORTH-01,standard,5987,0.0,0.229,0,2,247
2025-01-08,NORTH-01,priority,4539,0.292,0.0,0,2,280
2025-01-08,NORTH-01,economy,4536,0.282,0.329,0,2,371
2025-01-08,NORTH-02,standard,6077,0.51,0.15,0,2,213
2025-01-08,NORTH-02,priority,5387,0.415,0.093,0,2,370
2025-01-08,NORTH-02,economy,4986,0.19,0.115,0,2,540
2025-01-08,CENTRAL-01,standard,6155,0.454,0.136,0,2,267
2025-01-08,CENTRAL-01,priority,6178,0.502,0.16,0,2,448
2025-01-08,CENTRAL-01,economy,4639,0.445,0.13,0,2,542
2025-01-08,SOUTH-01,standard,7630,0.288,0.187,0,2,470
2025-01-08,SOUTH-01,priority,6651,0.368,0.17,0,2,442
2025-01-08,SOUTH-01,economy,5647,0.141,0.134,0,2,381
2025-01-08,SOUTH-02,standard,7729,0.125,0.185,0,2,436
2025-01-08,SOUTH-02,priority,6648,0.207,0.105,0,2,178
2025-01-08,SOUTH-02,economy,6184,0.166,0.071,0,2,279
2025-01-08,WEST-01,standard,8187,0.0,0.33,0,2,599
2025-01-08,WEST-01,priority,7020,0.117,0.286,0,2,411
2025-01-08,WEST-01,economy,6931,0.049,0.358,0,2,487
2025-01-09,NORTH-01,standard,5915,0.234,0.148,0,3,520
2025-01-09,NORTH-01,priority,5291,0.26,0.163,0,3,568
2025-01-09,NORTH-01,economy,3908,0.13,0.002,0,3,174
2025-01-09,NORTH-02,standard,6179,0.074,0.082,0,3,395
2025-01-09,NORTH-02,priority,5877,0.208,0.092,0,3,420
2025-01-09,NORTH-02,economy,4706,0.37,0.218,0,3,477
2025-01-09,CENTRAL-01,standard,6961,0.213,0.214,0,3,373
2025-01-09,CENTRAL-01,priority,5606,0.192,0.139,0,3,90
2025-01-09,CENTRAL-01,economy,5919,0.097,0.166,0,3,453
2025-01-09,SOUTH-01,standard,6925,0.146,0.096,0,3,270
2025-01-09,SOUTH-01,priority,7003,0.0,0.026,0,3,612
2025-01-09,SOUTH-01,economy,5126,0.27,0.145,0,3,314
2025-01-09,SOUTH-02,standard,7775,0.253,0.216,0,3,558
2025-01-09,SOUTH-02,priority,7776,0.413,0.118,0,3,170
2025-01-09,SOUTH-02,economy,6563,0.087,0.166,0,3,355
2025-01-09,WEST-01,standard,7944,0.121,0.326,0,3,295
2025-01-09,WEST-01,priority,7641,0.383,0.218,0,3,432
2025-01-09,WEST-01,economy,6180,0.015,0.157,0,3,394
2025-01-10,NORTH-01,standard,5748,0.258,0.236,0,4,442
2025-01-10,NORTH-01,priority,5608,0.072,0.227,0,4,252
2025-01-10,NORTH-01,economy,4595,0.244,0.237,0,4,219
2025-01-10,NORTH-02,standard,5867,0.201,0.194,0,4,235
2025-01-10,NORTH-02,priority,6489,0.243,0.216,0,4,454
2025-01-10,NORTH-02,economy,5718,0.035,0.313,0,4,110
2025-01-10,CENTRAL-01,standard,7024,0.056,0.111,0,4,105
2025-01-10,CENTRAL-01,priority,4891,0.166,0.212,0,4,416
2025-01-10,CENTRAL-01,economy,4707,0.284,0.082,0,4,217
2025-01-10,SOUTH-01,standard,7262,0.0,0.124,0,4,251
2025-01-10,SOUTH-01,priority,6434,0.297,0.158,0,4,324
2025-01-10,SOUTH-01,economy,5678,0.269,0.253,0,4,441
2025-01-10,SOUTH-02,standard,8133,0.273,0.183,0,4,336
2025-01-10,SOUTH-02,priority,7122,0.129,0.088,0,4,360
2025-01-10,SOUTH-02,economy,7231,0.097,0.283,0,4,357
2025-01-10,WEST-01,standard,8432,0.016,0.299,0,4,483
2025-01-10,WEST-01,priority,7015,0.193,0.086,0,4,471
2025-01-10,WEST-01,economy,6757,0.126,0.185,0,4,255
2025-01-11,NORTH-01,standard,5775,0.375,0.198,0,5,419
2025-01-11,NORTH-01,priority,4603,0.0,0.111,0,5,333
2025-01-11,NORTH-01,economy,4985,0.219,0.161,0,5,149
2025-01-11,NORTH-02,standard,6420,0.084,0.183,0,5,214
2025-01-11,NORTH-02,priority,5765,0.324,0.273,0,5,171
2025-01-11,NORTH-02,economy,4844,0.199,0.177,0,5,486
2025-01-11,CENTRAL-01,standard,7163,0.166,0.318,0,5,428
2025-01-11,CENTRAL-01,priority,6423,0.29,0.272,0,5,363
2025-01-11,CENTRAL-01,economy,4305,0.101,0.06,0,5,330
2025-01-11,SOUTH-01,standard,7482,0.133,0.123,0,5,391
2025-01-11,SOUTH-01,priority,5752,0.407,0.104,0,5,201
2025-01-11,SOUTH-01,economy,5589,0.267,0.242,0,5,219
2025-01-11,SOUTH-02,standard,7585,0.364,0.034,0,5,339
2025-01-11,SOUTH-02,priority,7116,0.228,0.236,0,5,358
2025-01-11,SOUTH-02,economy,7656,0.348,0.173,0,5,205
2025-01-11,WEST-01,standard,8149,0.0,0.23,0,5,519
2025-01-11,WEST-01,priority,7598,0.048,0.154,0,5,342
2025-01-11,WEST-01,economy,6666,0.208,0.041,0,5,553
2025-01-12,NORTH-01,standard,6256,0.031,0.046,0,6,209
2025-01-12,NORTH-01,priority,4872,0.281,0.154,0,6,502
2025-01-12,NORTH-01,economy,3536,0.291,0.172,0,6,371
2025-01-12,NORTH-02,standard,6279,0.051,0.132,0,6,596
2025-01-12,NORTH-02,priority,6065,0.15,0.036,0,6,449
2025-01-12,NORTH-02,economy,5733,0.272,0.269,0,6,244
2025-01-12,CENTRAL-01,standard,6737,0.013,0.217,0,6,361
2025-01-12,CENTRAL-01,priority,6341,0.045,0.197,0,6,351
2025-01-12,CENTRAL-01,economy,5751,0.013,0.247,0,6,486
2025-01-12,SOUTH-01,standard,6909,0.0,0.155,0,6,391
2025-01-12,SOUTH-01,priority,6366,0.293,0.18,0,6,372
2025-01-12,SOUTH-01,economy,6345,0.0,0.077,0,6,309
2025-01-12,SOUTH-02,standard,7802,0.317,0.216,0,6,454
2025-01-12,SOUTH-02,priority,7154,0.128,0.138,0,6,139
2025-01-12,SOUTH-02,economy,6012,0.329,0.11,0,6,351
2025-01-12,WEST-01,standard,7839,0.175,0.045,0,6,486
2025-01-12,WEST-01,priority,7691,0.0,0.046,0,6,495
2025-01-12,WEST-01,economy,6863,0.216,0.095,0,6,241
2025-01-13,NORTH-01,standard,6470,0.164,0.045,0,0,250
2025-01-13,NORTH-01,priority,5756,0.271,0.185,0,0,483
2025-01-13,NORTH-01,economy,5256,0.065,0.147,0,0,426
2025-01-13,NORTH-02,standard,7180,0.257,0.254,0,0,40
2025-01-13,NORTH-02,priority,6531,0.128,0.275,0,0,145
2025-01-13,NORTH-02,economy,5543,0.234,0.192,0,0,316
2025-01-13,CENTRAL-01,standard,7682,0.078,0.192,0,0,270
2025-01-13,CENTRAL-01,priority,7436,0.179,0.091,0,0,510
2025-01-13,CENTRAL-01,economy,6721,0.165,0.156,0,0,360
2025-01-13,SOUTH-01,standard,7804,0.271,0.268,0,0,611
2025-01-13,SOUTH-01,priority,7016,0.343,0.17,0,0,418
2025-01-13,SOUTH-01,economy,6875,0.151,0.087,0,0,263
2025-01-13,SOUTH-02,standard,7805,0.139,0.124,0,0,493
2025-01-13,SOUTH-02,priority,7806,0.153,0.254,0,0,365
2025-01-13,SOUTH-02,economy,7255,0.071,0.153,0,0,486
2025-01-13,WEST-01,standard,9198,0.188,0.318,0,0,337
2025-01-13,WEST-01,priority,7926,0.051,0.193,0,0,489
2025-01-13,WEST-01,economy,7194,0.287,0.224,0,0,506
2025-01-14,NORTH-01,standard,6493,0.219,0.101,0,1,431
2025-01-14,NORTH-01,priority,6746,0.099,0.174,0,1,498
2025-01-14,NORTH-01,economy,5204,0.19,0.169,0,1,274
2025-01-14,NORTH-02,standard,7559,0.0,0.17,0,1,398
2025-01-14,NORTH-02,priority,7131,0.075,0.155,0,1,501
2025-01-14,NORTH-02,economy,7187,0.176,0.314,0,1,337
2025-01-14,CENTRAL-01,standard,7228,0.15,0.205,0,1,498
2025-01-14,CENTRAL-01,priority,6680,0.192,0.18,0,1,285
2025-01-14,CENTRAL-01,economy,6981,0.0,0.269,0,1,470
2025-01-14,SOUTH-01,standard,7405,0.222,0.0,0,1,371
2025-01-14,SOUTH-01,priority,6863,0.05,0.015,0,1,391
2025-01-14,SOUTH-01,economy,7658,0.186,0.223,0,1,492
2025-01-14,SOUTH-02,standard,7910,0.159,0.294,0,1,167
2025-01-14,SOUTH-02,priority,8003,0.074,0.215,0,1,284
2025-01-14,SOUTH-02,economy,6569,0.093,0.051,0,1,563
2025-01-14,WEST-01,standard,8624,0.163,0.292,0,1,497
2025-01-14,WEST-01,priority,8356,0.207,0.22,0,1,548
2025-01-14,WEST-01,economy,7704,0.247,0.063,0,1,398
2025-01-15,NORTH-01,standard,6297,0.087,0.206,0,2,310
2025-01-15,NORTH-01,priority,4278,0.138,0.039,0,2,279
2025-01-15,NORTH-01,economy,4974,0.275,0.104,0,2,304
2025-01-15,NORTH-02,standard,6592,0.156,0.127,0,2,262
2025-01-15,NORTH-02,priority,5290,0.165,0.106,0,2,342
2025-01-15,NORTH-02,economy,5060,0.166,0.234,0,2,398
2025-01-15,CENTRAL-01,standard,6612,0.201,0.262,0,2,342
2025-01-15,CENTRAL-01,priority,6094,0.269,0.125,0,2,643
2025-01-15,CENTRAL-01,economy,5429,0.063,0.273,0,2,503
2025-01-15,SOUTH-01,standard,6970,0.262,0.198,0,2,359
2025-01-15,SOUTH-01,priority,6428,0.093,0.151,0,2,395
2025-01-15,SOUTH-01,economy,6492,0.011,0.152,0,2,488
2025-01-15,SOUTH-02,standard,7488,0.183,0.355,0,2,394
2025-01-15,SOUTH-02,priority,7724,0.006,0.118,0,2,367
2025-01-15,SOUTH-02,economy,6650,0.0,0.22,0,2,479
2025-01-15,WEST-01,standard,7761,0.144,0.069,0,2,479
2025-01-15,WEST-01,priority,7108,0.171,0.181,0,2,444
2025-01-15,WEST-01,economy,6656,0.18,0.094,0,2,333
2025-01-16,NORTH-01,standard,5990,0.254,0.22,0,3,163
2025-01-16,NORTH-01,priority,4844,0.064,0.099,0,3,260
2025-01-16,NORTH-01,economy,4310,0.291,0.206,0,3,380
2025-01-16,NORTH-02,standard,6632,0.219,0.147,0,3,299
2025-01-16,NORTH-02,priority,5036,0.186,0.066,0,3,167
2025-01-16,NORTH-02,economy,4936,0.062,0.157,0,3,295
2025-01-16,CENTRAL-01,standard,6350,0.144,0.292,0,3,221
2025-01-16,CENTRAL-01,priority,6299,0.079,0.144,0,3,443
2025-01-16,CENTRAL-01,economy,5099,0.293,0.141,0,3,528
2025-01-16,SOUTH-01,standard,7397,0.0,0.155,0,3,626
2025-01-16,SOUTH-01,priority,5978,0.0,0.116,0,3,143
2025-01-16,SOUTH-01,economy,6420,0.155,0.217,0,3,308
2025-01-16,SOUTH-02,standard,7620,0.26,0.134,0,3,547
2025-01-16,SOUTH-02,priority,6478,0.157,0.236,0,3,453
2025-01-16,SOUTH-02,economy,5722,0.304,0.224,0,3,326
2025-01-16,WEST-01,standard,7969,0.216,0.185,0,3,590
2025-01-16,WEST-01,priority,6695,0.025,0.131,0,3,455
2025-01-16,WEST-01,economy,7374,0.247,0.418,0,3,440
2025-01-17,NORTH-01,standard,5755,0.211,0.125,0,4,385
2025-01-17,NORTH-01,priority,5364,0.0,0.166,0,4,551
2025-01-17,NORTH-01,economy,4570,0.164,0.089,0,4,326
2025-01-17,NORTH-02,standard,6010,0.164,0.048,0,4,290
2025-01-17,NORTH-02,priority,5383,0.154,0.209,0,4,314
2025-01-17,NORTH-02,economy,5960,0.245,0.128,0,4,388
2025-01-17,CENTRAL-01,standard,6275,0.031,0.083,0,4,269
2025-01-17,CENTRAL-01,priority,5692,0.244,0.061,0,4,487
2025-01-17,CENTRAL-01,economy,4796,0.118,0.204,0,4,279
2025-01-17,SOUTH-01,standard,6741,0.074,0.174,0,4,630
2025-01-17,SOUTH-01,priority,7074,0.0,0.241,0,4,429
2025-01-17,SOUTH-01,economy,7027,0.187,0.298,0,4,365
2025-01-17,SOUTH-02,standard,6916,0.199,0.106,0,4,443
2025-01-17,SOUTH-02,priority,6863,0.21,0.021,0,4,419
2025-01-17,SOUTH-02,economy,6416,0.108,0.097,0,4,565
2025-01-17,WEST-01,standard,7595,0.228,0.212,0,4,358
2025-01-17,WEST-01,priority,7175,0.253,0.041,0,4,454
2025-01-17,WEST-01,economy,6730,0.175,0.176,0,4,307
2025-01-18,NORTH-01,standard,6427,0.039,0.143,0,5,495
2025-01-18,NORTH-01,priority,4957,0.139,0.121,0,5,275
2025-01-18,NORTH-01,economy,5546,0.215,0.235,0,5,246
2025-01-18,NORTH-02,standard,6037,0.258,0.193,0,5,237
2025-01-18,NORTH-02,priority,5866,0.213,0.32,0,5,261
2025-01-18,NORTH-02,economy,4862,0.161,0.059,0,5,407
2025-01-18,CENTRAL-01,standard,6625,0.097,0.0,0,5,318
2025-01-18,CENTRAL-01,priority,6174,0.09,0.089,0,5,316
2025-01-18,CENTRAL-01,economy,5262,0.292,0.226,0,5,275
2025-01-18,SOUTH-01,standard,6287,0.195,0.138,0,5,598
2025-01-18,SOUTH-01,priority,5503,0.266,0.113,0,5,323
2025-01-18,SOUTH-01,economy,4960,0.109,0.145,0,5,272
2025-01-18,SOUTH-02,standard,7407,0.131,0.135,0,5,408
2025-01-18,SOUTH-02,priority,6263,0.363,0.109,0,5,160
2025-01-18,SOUTH-02,economy,6560,0.119,0.038,0,5,365
2025-01-18,WEST-01,standard,7593,0.293,0.267,0,5,366
2025-01-18,WEST-01,priority,7385,0.34,0.165,0,5,525
2025-01-18,WEST-01,economy,7202,0.288,0.183,0,5,387
2025-01-19,NORTH-01,standard,6117,0.242,0.136,0,6,279
2025-01-19,NORTH-01,priority,4942,0.0,0.202,0,6,193
2025-01-19,NORTH-01,economy,4339,0.332,0.227,0,6,0
2025-01-19,NORTH-02,standard,6418,0.244,0.203,0,6,429
2025-01-19,NORTH-02,priority,5087,0.158,0.117,0,6,248
2025-01-19,NORTH-02,economy,5283,0.219,0.177,0,6,169
2025-01-19,CENTRAL-01,standard,6318,0.0,0.12,0,6,391
2025-01-19,CENTRAL-01,priority,5917,0.023,0.244,0,6,548
2025-01-19,CENTRAL-01,economy,6100,0.243,0.066,0,6,394
2025-01-19,SOUTH-01,standard,7224,0.2,0.145,0,6,459
2025-01-19,SOUTH-01,priority,6553,0.076,0.133,0,6,446
2025-01-19,SOUTH-01,economy,5533,0.252,0.163,0,6,273
2025-01-19,SOUTH-02,standard,7412,0.037,0.197,0,6,379
2025-01-19,SOUTH-02,priority,6835,0.209,0.15,0,6,276
2025-01-19,SOUTH-02,economy,6146,0.212,0.125,0,6,503
2025-01-19,WEST-01,standard,7738,0.241,0.104,0,6,604
2025-01-19,WEST-01,priority,7609,0.143,0.153,0,6,434
2025-01-19,WEST-01,economy,6634,0.135,0.091,0,6,457
2025-01-20,NORTH-01,standard,7115,0.339,0.033,0,0,358
2025-01-20,NORTH-01,priority,5194,0.291,0.091,0,0,178
2025-01-20,NORTH-01,economy,5525,0.14,0.192,0,0,315
2025-01-20,NORTH-02,standard,7091,0.314,0.15,0,0,766
2025-01-20,NORTH-02,priority,6607,0.179,0.094,0,0,466
2025-01-20,NORTH-02,economy,6460,0.216,0.163,0,0,536
2025-01-20,CENTRAL-01,standard,7653,0.166,0.099,0,0,331
2025-01-20,CENTRAL-01,priority,7972,0.286,0.184,0,0,595
2025-01-20,CENTRAL-01,economy,5545,0.051,0.108,0,0,89
2025-01-20,SOUTH-01,standard,8512,0.194,0.055,0,0,574
2025-01-20,SOUTH-01,priority,7954,0.147,0.124,0,0,624
2025-01-20,SOUTH-01,economy,6582,0.068,0.065,0,0,429
2025-01-20,SOUTH-02,standard,9304,0.118,0.186,0,0,290
2025-01-20,SOUTH-02,priority,7322,0.127,0.039,0,0,364
2025-01-20,SOUTH-02,economy,7338,0.093,0.192,0,0,436
2025-01-20,WEST-01,standard,8678,0.143,0.133,0,0,410
2025-01-20,WEST-01,priority,8082,0.23,0.0,0,0,318
2025-01-20,WEST-01,economy,7304,0.139,0.025,0,0,432
2025-01-21,NORTH-01,standard,6669,0.235,0.055,0,1,516
2025-01-21,NORTH-01,priority,5230,0.121,0.15,0,1,229
2025-01-21,NORTH-01,economy,5240,0.212,0.226,0,1,657
2025-01-21,NORTH-02,standard,7475,0.218,0.048,0,1,253
2025-01-21,NORTH-02,priority,5777,0.219,0.076,0,1,468
2025-01-21,NORTH-02,economy,5628,0.149,0.288,0,1,161
2025-01-21,CENTRAL-01,standard,8216,0.122,0.381,0,1,492
2025-01-21,CENTRAL-01,priority,7940,0.25,0.111,0,1,473
2025-01-21,CENTRAL-01,economy,5810,0.224,0.229,0,1,248
2025-01-21,SOUTH-01,standard,7536,0.151,0.229,0,1,397
2025-01-21,SOUTH-01,priority,6987,0.155,0.024,0,1,454
2025-01-21,SOUTH-01,economy,7213,0.002,0.263,0,1,437
2025-01-21,SOUTH-02,standard,8002,0.181,0.063,0,1,463
2025-01-21,SOUTH-02,priority,7477,0.102,0.165,0,1,458
2025-01-21,SOUTH-02,economy,6954,0.243,0.02,0,1,206
2025-01-21,WEST-01,standard,10093,0.0,0.102,0,1,575
2025-01-21,WEST-01,priority,8192,0.347,0.199,0,1,533
2025-01-21,WEST-01,economy,8186,0.103,0.188,0,1,509
2025-01-22,NORTH-01,standard,6362,0.329,0.165,0,2,345
2025-01-22,NORTH-01,priority,4814,0.434,0.196,0,2,182
2025-01-22,NORTH-01,economy,4481,0.083,0.073,0,2,161
2025-01-22,NORTH-02,standard,6098,0.335,0.159,0,2,223
2025-01-22,NORTH-02,priority,6152,0.088,0.0,0,2,194
2025-01-22,NORTH-02,economy,5406,0.019,0.263,0,2,356
2025-01-22,CENTRAL-01,standard,6727,0.221,0.226,0,2,196
2025-01-22,CENTRAL-01,priority,6462,0.268,0.184,0,2,223
2025-01-22,CENTRAL-01,economy,5108,0.092,0.181,0,2,50
2025-01-22,SOUTH-01,standard,7071,0.204,0.222,0,2,457
2025-01-22,SOUTH-01,priority,6451,0.228,0.151,0,2,535
2025-01-22,SOUTH-01,economy,5502,0.064,0.212,0,2,249
2025-01-22,SOUTH-02,standard,7135,0.324,0.053,0,2,677
2025-01-22,SOUTH-02,priority,6445,0.303,0.091,0,2,352
2025-01-22,SOUTH-02,economy,5559,0.337,0.07,0,2,432
2025-01-22,WEST-01,standard,7952,0.0,0.077,0,2,414
2025-01-22,WEST-01,priority,7712,0.016,0.178,0,2,331
2025-01-22,WEST-01,economy,6109,0.379,0.177,0,2,557
2025-01-23,NORTH-01,standard,5638,0.117,0.164,0,3,424
2025-01-23,NORTH-01,priority,5091,0.122,0.116,0,3,272
2025-01-23,NORTH-01,economy,4271,0.309,0.049,0,3,318
2025-01-23,NORTH-02,standard,5677,0.165,0.227,0,3,418
2025-01-23,NORTH-02,priority,5096,0.031,0.109,0,3,293
2025-01-23,NORTH-02,economy,5286,0.111,0.281,0,3,391
2025-01-23,CENTRAL-01,standard,7510,0.047,0.209,0,3,509
2025-01-23,CENTRAL-01,priority,6149,0.023,0.113,0,3,295
2025-01-23,CENTRAL-01,economy,5048,0.484,0.111,0,3,259
2025-01-23,SOUTH-01,standard,7220,0.208,0.261,0,3,370
2025-01-23,SOUTH-01,priority,6615,0.051,0.247,0,3,356
2025-01-23,SOUTH-01,economy,5799,0.0,0.14,0,3,134
2025-01-23,SOUTH-02,standard,8124,0.299,0.107,0,3,593
2025-01-23,SOUTH-02,priority,7759,0.094,0.26,0,3,345
2025-01-23,SOUTH-02,economy,6332,0.056,0.0,0,3,253
2025-01-23,WEST-01,standard,7490,0.229,0.105,0,3,337
2025-01-23,WEST-01,priority,7073,0.024,0.105,0,3,390
2025-01-23,WEST-01,economy,7022,0.193,0.064,0,3,371
2025-01-24,NORTH-01,standard,5660,0.36,0.169,0,4,290
2025-01-24,NORTH-01,priority,5447,0.254,0.153,0,4,535
2025-01-24,NORTH-01,economy,4915,0.093,0.199,0,4,382
2025-01-24,NORTH-02,standard,5960,0.128,0.117,0,4,286
2025-01-24,NORTH-02,priority,5342,0.079,0.142,0,4,392
2025-01-24,NORTH-02,economy,4855,0.187,0.164,0,4,333
2025-01-24,CENTRAL-01,standard,6548,0.15,0.212,0,4,421
2025-01-24,CENTRAL-01,priority,5987,0.023,0.207,0,4,250
2025-01-24,CENTRAL-01,economy,5189,0.043,0.053,0,4,515
2025-01-24,SOUTH-01,standard,7095,0.103,0.0,0,4,259
2025-01-24,SOUTH-01,priority,6194,0.278,0.116,0,4,509
2025-01-24,SOUTH-01,economy,5167,0.254,0.05,0,4,120
2025-01-24,SOUTH-02,standard,7614,0.492,0.081,0,4,344
2025-01-24,SOUTH-02,priority,6851,0.05,0.152,0,4,481
2025-01-24,SOUTH-02,economy,5498,0.278,0.103,0,4,201
2025-01-24,WEST-01,standard,8049,0.0,0.128,0,4,284
2025-01-24,WEST-01,priority,7169,0.028,0.149,0,4,369
2025-01-24,WEST-01,economy,6507,0.136,0.17,0,4,316
2025-01-25,NORTH-01,standard,5965,0.0,0.146,0,5,337
2025-01-25,NORTH-01,priority,4895,0.409,0.163,0,5,386
2025-01-25,NORTH-01,economy,3394,0.434,0.17,0,5,333
2025-01-25,NORTH-02,standard,6821,0.074,0.0,0,5,562
2025-01-25,NORTH-02,priority,5656,0.071,0.078,0,5,243
2025-01-25,NORTH-02,economy,4736,0.164,0.093,0,5,153
2025-01-25,CENTRAL-01,standard,6620,0.279,0.246,0,5,374
2025-01-25,CENTRAL-01,priority,6670,0.255,0.15,0,5,222
2025-01-25,CENTRAL-01,economy,4816,0.283,0.141,0,5,594
2025-01-25,SOUTH-01,standard,6969,0.466,0.133,0,5,332
2025-01-25,SOUTH-01,priority,5824,0.143,0.059,0,5,576
2025-01-25,SOUTH-01,economy,5490,0.175,0.154,0,5,367
2025-01-25,SOUTH-02,standard,7072,0.0,0.088,0,5,547
2025-01-25,SOUTH-02,priority,6055,0.0,0.056,0,5,254
2025-01-25,SOUTH-02,economy,6305,0.125,0.228,0,5,319
2025-01-25,WEST-01,standard,8856,0.216,0.115,0,5,374
2025-01-25,WEST-01,priority,7079,0.23,0.216,0,5,412
2025-01-25,WEST-01,economy,6805,0.12,0.172,0,5,367
2025-01-26,NORTH-01,standard,6330,0.041,0.299,0,6,179
2025-01-26,NORTH-01,priority,5361,0.13,0.024,0,6,338
2025-01-26,NORTH-01,economy,4315,0.18,0.083,0,6,403
2025-01-26,NORTH-02,standard,5521,0.307,0.218,0,6,323
2025-01-26,NORTH-02,priority,4785,0.21,0.091,0,6,169
2025-01-26,NORTH-02,economy,4701,0.36,0.055,0,6,302
2025-01-26,CENTRAL-01,standard,6948,0.162,0.124,0,6,392
2025-01-26,CENTRAL-01,priority,5549,0.105,0.154,0,6,403
2025-01-26,CENTRAL-01,economy,5619,0.098,0.1,0,6,299
2025-01-26,SOUTH-01,standard,6808,0.138,0.243,0,6,444
2025-01-26,SOUTH-01,priority,7371,0.294,0.243,0,6,324
2025-01-26,SOUTH-01,economy,6393,0.076,0.215,0,6,276
2025-01-26,SOUTH-02,standard,7756,0.238,0.368,0,6,523
2025-01-26,SOUTH-02,priority,7056,0.369,0.35,0,6,542
2025-01-26,SOUTH-02,economy,6153,0.085,0.152,0,6,138
2025-01-26,WEST-01,standard,8316,0.0,0.184,0,6,304
2025-01-26,WEST-01,priority,7131,0.367,0.061,0,6,344
2025-01-26,WEST-01,economy,7079,0.193,0.222,0,6,477
2025-01-27,NORTH-01,standard,6960,0.25,0.048,0,0,261
2025-01-27,NORTH-01,priority,6177,0.167,0.122,0,0,307
2025-01-27,NORTH-01,economy,5069,0.161,0.28,0,0,331
2025-01-27,NORTH-02,standard,6986,0.046,0.204,0,0,394
2025-01-27,NORTH-02,priority,6787,0.021,0.253,0,0,400
2025-01-27,NORTH-02,economy,5391,0.279,0.05,0,0,362
2025-01-27,CENTRAL-01,standard,7185,0.0,0.018,0,0,258
2025-01-27,CENTRAL-01,priority,7318,0.139,0.192,0,0,616
2025-01-27,CENTRAL-01,economy,6301,0.177,0.162,0,0,407
2025-01-27,SOUTH-01,standard,8399,0.228,0.224,0,0,494
2025-01-27,SOUTH-01,priority,6927,0.361,0.152,0,0,334
2025-01-27,SOUTH-01,economy,6369,0.167,0.063,0,0,234
2025-01-27,SOUTH-02,standard,7649,0.221,0.178,0,0,330
2025-01-27,SOUTH-02,priority,7830,0.399,0.2,0,0,335
2025-01-27,SOUTH-02,economy,6787,0.214,0.149,0,0,324
2025-01-27,WEST-01,standard,8170,0.123,0.031,0,0,401
2025-01-27,WEST-01,priority,7591,0.078,0.126,0,0,503
2025-01-27,WEST-01,economy,7937,0.43,0.232,0,0,493
2025-01-28,NORTH-01,standard,6271,0.212,0.157,0,1,450
2025-01-28,NORTH-01,priority,6162,0.256,0.113,0,1,281
2025-01-28,NORTH-01,economy,5762,0.104,0.212,0,1,325
2025-01-28,NORTH-02,standard,6389,0.138,0.164,0,1,280
2025-01-28,NORTH-02,priority,7080,0.028,0.151,0,1,449
2025-01-28,NORTH-02,economy,5533,0.119,0.093,0,1,585
2025-01-28,CENTRAL-01,standard,6661,0.188,0.166,0,1,238
2025-01-28,CENTRAL-01,priority,6926,0.175,0.11,0,1,402
2025-01-28,CENTRAL-01,economy,5579,0.252,0.0,0,1,335
2025-01-28,SOUTH-01,standard,8050,0.102,0.125,0,1,332
2025-01-28,SOUTH-01,priority,7406,0.203,0.194,0,1,488
2025-01-28,SOUTH-01,economy,7203,0.0,0.103,0,1,292
2025-01-28,SOUTH-02,standard,8483,0.06,0.14,0,1,370
2025-01-28,SOUTH-02,priority,7226,0.401,0.173,0,1,224
2025-01-28,SOUTH-02,economy,7923,0.229,0.076,0,1,469
2025-01-28,WEST-01,standard,9261,0.247,0.17,0,1,170
2025-01-28,WEST-01,priority,9069,0.036,0.233,0,1,303
2025-01-28,WEST-01,economy,7968,0.0,0.163,0,1,436
2025-01-29,NORTH-01,standard,5440,0.173,0.002,0,2,316
2025-01-29,NORTH-01,priority,5274,0.114,0.0,0,2,442
2025-01-29,NORTH-01,economy,4395,0.085,0.135,0,2,253
2025-01-29,NORTH-02,standard,6656,0.239,0.191,0,2,506
2025-01-29,NORTH-02,priority,6540,0.159,0.377,0,2,297
2025-01-29,NORTH-02,economy,4777,0.195,0.0,0,2,524
2025-01-29,CENTRAL-01,standard,6465,0.514,0.14,0,2,446
2025-01-29,CENTRAL-01,priority,6820,0.418,0.071,0,2,346
2025-01-29,CENTRAL-01,economy,5151,0.04,0.125,0,2,384
2025-01-29,SOUTH-01,standard,7522,0.0,0.161,0,2,583
2025-01-29,SOUTH-01,priority,6261,0.262,0.264,0,2,415
2025-01-29,SOUTH-01,economy,6140,0.0,0.141,0,2,421
2025-01-29,SOUTH-02,standard,7514,0.0,0.119,0,2,353
2025-01-29,SOUTH-02,priority,6818,0.267,0.133,0,2,325
2025-01-29,SOUTH-02,economy,6126,0.308,0.241,0,2,705
2025-01-29,WEST-01,standard,7711,0.088,0.231,0,2,504
2025-01-29,WEST-01,priority,7076,0.263,0.069,0,2,616
2025-01-29,WEST-01,economy,6956,0.082,0.182,0,2,383
2025-01-30,NORTH-01,standard,6028,0.0,0.216,0,3,493
2025-01-30,NORTH-01,priority,5296,0.208,0.155,0,3,220
2025-01-30,NORTH-01,economy,4180,0.367,0.12,0,3,460
2025-01-30,NORTH-02,standard,6331,0.21,0.131,0,3,445
2025-01-30,NORTH-02,priority,5159,0.166,0.224,0,3,366
2025-01-30,NORTH-02,economy,4003,0.276,0.2,0,3,284
2025-01-30,CENTRAL-01,standard,6734,0.034,0.253,0,3,522
2025-01-30,CENTRAL-01,priority,6192,0.034,0.181,0,3,697
2025-01-30,CENTRAL-01,economy,6234,0.321,0.239,0,3,401
2025-01-30,SOUTH-01,standard,7195,0.168,0.133,0,3,63
2025-01-30,SOUTH-01,priority,6405,0.18,0.168,0,3,188
2025-01-30,SOUTH-01,economy,6436,0.162,0.027,0,3,342
2025-01-30,SOUTH-02,standard,8015,0.0,0.133,0,3,441
2025-01-30,SOUTH-02,priority,6788,0.07,0.096,0,3,330
2025-01-30,SOUTH-02,economy,5827,0.029,0.145,0,3,468
2025-01-30,WEST-01,standard,7411,0.309,0.07,0,3,351
2025-01-30,WEST-01,priority,7532,0.176,0.171,0,3,458
2025-01-30,WEST-01,economy,5979,0.366,0.155,0,3,166
2025-01-31,NORTH-01,standard,5740,0.376,0.191,0,4,406
2025-01-31,NORTH-01,priority,5029,0.199,0.185,0,4,457
2025-01-31,NORTH-01,economy,3796,0.117,0.078,0,4,265
2025-01-31,NORTH-02,standard,5448,0.332,0.113,0,4,377
2025-01-31,NORTH-02,priority,6266,0.102,0.274,0,4,215
2025-01-31,NORTH-02,economy,4425,0.159,0.09,0,4,306
2025-01-31,CENTRAL-01,standard,6326,0.278,0.143,0,4,105
2025-01-31,CENTRAL-01,priority,5583,0.1,0.194,0,4,501
2025-01-31,CENTRAL-01,economy,5314,0.11,0.165,0,4,198
2025-01-31,SOUTH-01,standard,6612,0.233,0.102,0,4,93
2025-01-31,SOUTH-01,priority,6774,0.336,0.15,0,4,457
2025-01-31,SOUTH-01,economy,5077,0.313,0.105,0,4,423
2025-01-31,SOUTH-02,standard,7751,0.196,0.113,0,4,449
2025-01-31,SOUTH-02,priority,7119,0.257,0.068,0,4,393
2025-01-31,SOUTH-02,economy,6527,0.31,0.227,0,4,362
2025-01-31,WEST-01,standard,8219,0.265,0.239,0,4,450
2025-01-31,WEST-01,priority,7816,0.265,0.108,0,4,212
2025-01-31,WEST-01,economy,6376,0.184,0.118,0,4,407
2025-02-01,NORTH-01,standard,5550,0.045,0.322,0,5,232
2025-02-01,NORTH-01,priority,5720,0.055,0.166,0,5,414
2025-02-01,NORTH-01,economy,4576,0.357,0.084,0,5,280
2025-02-01,NORTH-02,standard,5586,0.207,0.239,0,5,586
2025-02-01,NORTH-02,priority,5155,0.163,0.021,0,5,346
2025-02-01,NORTH-02,economy,4899,0.097,0.0,0,5,240
2025-02-01,CENTRAL-01,standard,7413,0.258,0.065,0,5,464
2025-02-01,CENTRAL-01,priority,5297,0.204,0.2,0,5,279
2025-02-01,CENTRAL-01,economy,5150,0.394,0.124,0,5,278
2025-02-01,SOUTH-01,standard,6362,0.356,0.13,0,5,680
2025-02-01,SOUTH-01,priority,6236,0.015,0.142,0,5,282
2025-02-01,SOUTH-01,economy,6305,0.053,0.107,0,5,140
2025-02-01,SOUTH-02,standard,7687,0.331,0.237,0,5,425
2025-02-01,SOUTH-02,priority,6260,0.213,0.264,0,5,455
2025-02-01,SOUTH-02,economy,6166,0.09,0.216,0,5,449
2025-02-01,WEST-01,standard,7876,0.0,0.015,0,5,588
2025-02-01,WEST-01,priority,7667,0.244,0.192,0,5,362
2025-02-01,WEST-01,economy,6435,0.253,0.104,0,5,350
2025-02-02,NORTH-01,standard,5728,0.115,0.145,0,6,266
2025-02-02,NORTH-01,priority,4731,0.163,0.162,0,6,372
2025-02-02,NORTH-01,economy,4336,0.121,0.166,0,6,436
2025-02-02,NORTH-02,standard,6225,0.295,0.066,0,6,540
2025-02-02,NORTH-02,priority,5916,0.066,0.08,0,6,200
2025-02-02,NORTH-02,economy,5269,0.087,0.069,0,6,254
2025-02-02,CENTRAL-01,standard,7080,0.146,0.09,0,6,289
2025-02-02,CENTRAL-01,priority,6321,0.011,0.034,0,6,461
2025-02-02,CENTRAL-01,economy,5044,0.33,0.049,0,6,622
2025-02-02,SOUTH-01,standard,7040,0.144,0.105,0,6,454
2025-02-02,SOUTH-01,priority,6090,0.242,0.101,0,6,327
2025-02-02,SOUTH-01,economy,6547,0.092,0.051,0,6,327
2025-02-02,SOUTH-02,standard,7474,0.138,0.124,0,6,456
2025-02-02,SOUTH-02,priority,7297,0.124,0.241,0,6,376
2025-02-02,SOUTH-02,economy,6375,0.1,0.237,0,6,222
2025-02-02,WEST-01,standard,8114,0.303,0.092,0,6,121
2025-02-02,WEST-01,priority,7470,0.136,0.243,0,6,475
2025-02-02,WEST-01,economy,6826,0.072,0.178,0,6,413
2025-02-03,NORTH-01,standard,6926,0.425,0.254,0,0,484
2025-02-03,NORTH-01,priority,5471,0.071,0.112,0,0,191
2025-02-03,NORTH-01,economy,5022,0.074,0.148,0,0,325
2025-02-03,NORTH-02,standard,7658,0.162,0.059,0,0,250
2025-02-03,NORTH-02,priority,6126,0.314,0.0,0,0,220
2025-02-03,NORTH-02,economy,5980,0.101,0.295,0,0,226
2025-02-03,CENTRAL-01,standard,7519,0.239,0.122,0,0,295
2025-02-03,CENTRAL-01,priority,7274,0.076,0.087,0,0,371
2025-02-03,CENTRAL-01,economy,6466,0.054,0.163,0,0,442
2025-02-03,SOUTH-01,standard,8195,0.122,0.144,0,0,304
2025-02-03,SOUTH-01,priority,6797,0.286,0.151,0,0,250
2025-02-03,SOUTH-01,economy,7006,0.168,0.106,0,0,355
2025-02-03,SOUTH-02,standard,8276,0.216,0.082,0,0,586
2025-02-03,SOUTH-02,priority,7382,0.162,0.106,0,0,399
2025-02-03,SOUTH-02,economy,6854,0.349,0.041,0,0,179
2025-02-03,WEST-01,standard,8240,0.131,0.171,0,0,373
2025-02-03,WEST-01,priority,8338,0.215,0.16,0,0,313
2025-02-03,WEST-01,economy,7802,0.215,0.102,0,0,136
2025-02-04,NORTH-01,standard,7293,0.145,0.158,0,1,409
2025-02-04,NORTH-01,priority,6609,0.203,0.18,0,1,332
2025-02-04,NORTH-01,economy,5716,0.012,0.022,0,1,378
2025-02-04,NORTH-02,standard,7160,0.149,0.103,0,1,419
2025-02-04,NORTH-02,priority,5591,0.238,0.061,0,1,238
2025-02-04,NORTH-02,economy,6540,0.018,0.038,0,1,104
2025-02-04,CENTRAL-01,standard,8000,0.236,0.223,0,1,453
2025-02-04,CENTRAL-01,priority,6834,0.338,0.293,0,1,438
2025-02-04,CENTRAL-01,economy,5978,0.333,0.081,0,1,284
2025-02-04,SOUTH-01,standard,8341,0.235,0.0,0,1,494
2025-02-04,SOUTH-01,priority,6667,0.251,0.0,0,1,558
2025-02-04,SOUTH-01,economy,6675,0.159,0.012,0,1,461
2025-02-04,SOUTH-02,standard,8809,0.244,0.138,0,1,360
2025-02-04,SOUTH-02,priority,7684,0.245,0.161,0,1,365
2025-02-04,SOUTH-02,economy,7082,0.139,0.153,0,1,480
2025-02-04,WEST-01,standard,8806,0.116,0.275,0,1,554
2025-02-04,WEST-01,priority,8160,0.296,0.163,0,1,337
2025-02-04,WEST-01,economy,7654,0.118,0.168,0,1,551
2025-02-05,NORTH-01,standard,5097,0.125,0.118,0,2,410
2025-02-05,NORTH-01,priority,5638,0.246,0.228,0,2,443
2025-02-05,NORTH-01,economy,4839,0.28,0.199,0,2,104
2025-02-05,NORTH-02,standard,6742,0.048,0.049,0,2,288
2025-02-05,NORTH-02,priority,5142,0.105,0.151,0,2,379
2025-02-05,NORTH-02,economy,5104,0.0,0.056,0,2,184
2025-02-05,CENTRAL-01,standard,6986,0.336,0.154,0,2,432
2025-02-05,CENTRAL-01,priority,6318,0.179,0.07,0,2,422
2025-02-05,CENTRAL-01,economy,5097,0.43,0.216,0,2,367
2025-02-05,SOUTH-01,standard,7702,0.231,0.243,0,2,391
2025-02-05,SOUTH-01,priority,5924,0.034,0.002,0,2,286
2025-02-05,SOUTH-01,economy,6229,0.361,0.272,0,2,514
2025-02-05,SOUTH-02,standard,7009,0.095,0.029,0,2,146
2025-02-05,SOUTH-02,priority,7026,0.046,0.11,0,2,407
2025-02-05,SOUTH-02,economy,6116,0.097,0.196,0,2,364
2025-02-05,WEST-01,standard,8174,0.047,0.237,0,2,506
2025-02-05,WEST-01,priority,7706,0.034,0.164,0,2,165
2025-02-05,WEST-01,economy,6534,0.32,0.05,0,2,590
2025-02-06,NORTH-01,standard,5461,0.295,0.031,0,3,491
2025-02-06,NORTH-01,priority,5057,0.082,0.121,0,3,400
2025-02-06,NORTH-01,economy,4511,0.0,0.2,0,3,313
2025-02-06,NORTH-02,standard,6293,0.153,0.198,0,3,541
2025-02-06,NORTH-02,priority,5985,0.299,0.086,0,3,397
2025-02-06,NORTH-02,economy,4607,0.2,0.218,0,3,152
2025-02-06,CENTRAL-01,standard,7455,0.183,0.101,0,3,311
2025-02-06,CENTRAL-01,priority,6560,0.185,0.165,0,3,257
2025-02-06,CENTRAL-01,economy,5743,0.0,0.262,0,3,449
2025-02-06,SOUTH-01,standard,6930,0.283,0.232,0,3,310
2025-02-06,SOUTH-01,priority,6546,0.0,0.07,0,3,292
2025-02-06,SOUTH-01,economy,6530,0.043,0.154,0,3,369
2025-02-06,SOUTH-02,standard,7432,0.044,0.252,0,3,580
2025-02-06,SOUTH-02,priority,7582,0.148,0.158,0,3,245
2025-02-06,SOUTH-02,economy,6290,0.054,0.124,0,3,685
2025-02-06,WEST-01,standard,7510,0.073,0.046,0,3,433
2025-02-06,WEST-01,priority,7203,0.239,0.093,0,3,629
2025-02-06,WEST-01,economy,7519,0.184,0.176,0,3,321
2025-02-07,NORTH-01,standard,5603,0.088,0.112,0,4,129
2025-02-07,NORTH-01,priority,5098,0.197,0.167,0,4,362
2025-02-07,NORTH-01,economy,4511,0.211,0.045,0,4,382
2025-02-07,NORTH-02,standard,6008,0.0,0.267,0,4,223
2025-02-07,NORTH-02,priority,5957,0.204,0.193,0,4,426
2025-02-07,NORTH-02,economy,4913,0.118,0.159,0,4,348
2025-02-07,CENTRAL-01,standard,6445,0.188,0.11,0,4,151
2025-02-07,CENTRAL-01,priority,5000,0.28,0.174,0,4,425
2025-02-07,CENTRAL-01,economy,4891,0.174,0.075,0,4,244
2025-02-07,SOUTH-01,standard,7814,0.068,0.086,0,4,458
2025-02-07,SOUTH-01,priority,6505,0.424,0.168,0,4,269
2025-02-07,SOUTH-01,economy,6110,0.16,0.143,0,4,357
2025-02-07,SOUTH-02,standard,7376,0.222,0.175,0,4,352
2025-02-07,SOUTH-02,priority,6943,0.1,0.237,0,4,427
2025-02-07,SOUTH-02,economy,5557,0.161,0.235,0,4,383
2025-02-07,WEST-01,standard,8052,0.029,0.181,0,4,244
2025-02-07,WEST-01,priority,7208,0.221,0.168,0,4,383
2025-02-07,WEST-01,economy,6668,0.199,0.244,0,4,501
2025-02-08,NORTH-01,standard,5825,0.176,0.254,0,5,274
2025-02-08,NORTH-01,priority,4953,0.048,0.147,0,5,497
2025-02-08,NORTH-01,economy,4820,0.075,0.095,0,5,466
2025-02-08,NORTH-02,standard,6214,0.268,0.235,0,5,358
2025-02-08,NORTH-02,priority,5852,0.421,0.285,0,5,488
2025-02-08,NORTH-02,economy,4751,0.283,0.054,0,5,502
2025-02-08,CENTRAL-01,standard,7200,0.266,0.145,0,5,440
2025-02-08,CENTRAL-01,priority,6214,0.271,0.18,0,5,439
2025-02-08,CENTRAL-01,economy,5224,0.336,0.264,0,5,379
2025-02-08,SOUTH-01,standard,6380,0.333,0.139,0,5,262
2025-02-08,SOUTH-01,priority,6192,0.079,0.113,0,5,489
2025-02-08,SOUTH-01,economy,5522,0.147,0.251,0,5,303
2025-02-08,SOUTH-02,standard,8061,0.193,0.215,0,5,357
2025-02-08,SOUTH-02,priority,6981,0.299,0.015,0,5,228
2025-02-08,SOUTH-02,economy,6708,0.234,0.24,0,5,184
2025-02-08,WEST-01,standard,8350,0.126,0.207,0,5,463
2025-02-08,WEST-01,priority,8180,0.0,0.246,0,5,445
2025-02-08,WEST-01,economy,7340,0.207,0.19,0,5,430
2025-02-09,NORTH-01,standard,5846,0.157,0.181,0,6,355
2025-02-09,NORTH-01,priority,5878,0.0,0.192,0,6,478
2025-02-09,NORTH-01,economy,4505,0.294,0.146,0,6,458
2025-02-09,NORTH-02,standard,5994,0.284,0.269,0,6,278
2025-02-09,NORTH-02,priority,4989,0.14,0.075,0,6,385
2025-02-09,NORTH-02,economy,5112,0.228,0.17,0,6,157
2025-02-09,CENTRAL-01,standard,6695,0.122,0.127,0,6,205
2025-02-09,CENTRAL-01,priority,6533,0.069,0.115,0,6,407
2025-02-09,CENTRAL-01,economy,5290,0.303,0.14,0,6,398
2025-02-09,SOUTH-01,standard,6413,0.159,0.1,0,6,300
2025-02-09,SOUTH-01,priority,6173,0.28,0.251,0,6,157
2025-02-09,SOUTH-01,economy,5183,0.291,0.156,0,6,0
2025-02-09,SOUTH-02,standard,7086,0.064,0.113,0,6,475
2025-02-09,SOUTH-02,priority,7978,0.082,0.151,0,6,433
2025-02-09,SOUTH-02,economy,6556,0.166,0.143,0,6,442
2025-02-09,WEST-01,standard,7729,0.06,0.117,0,6,377
2025-02-09,WEST-01,priority,7153,0.399,0.199,0,6,543
2025-02-09,WEST-01,economy,7217,0.203,0.019,0,6,377
2025-02-10,NORTH-01,standard,7169,0.0,0.022,0,0,205
2025-02-10,NORTH-01,priority,6236,0.342,0.156,0,0,336
2025-02-10,NORTH-01,economy,5412,0.243,0.175,0,0,214
2025-02-10,NORTH-02,standard,7294,0.223,0.005,0,0,422
2025-02-10,NORTH-02,priority,5793,0.236,0.0,0,0,293
2025-02-10,NORTH-02,economy,6787,0.261,0.075,0,0,352
2025-02-10,CENTRAL-01,standard,7245,0.058,0.135,0,0,255
2025-02-10,CENTRAL-01,priority,7092,0.301,0.191,0,0,545
2025-02-10,CENTRAL-01,economy,6452,0.238,0.065,0,0,238
2025-02-10,SOUTH-01,standard,7969,0.123,0.146,0,0,204
2025-02-10,SOUTH-01,priority,7209,0.064,0.148,0,0,531
2025-02-10,SOUTH-01,economy,6516,0.336,0.06,0,0,565
2025-02-10,SOUTH-02,standard,8748,0.164,0.117,0,0,409
2025-02-10,SOUTH-02,priority,7397,0.333,0.102,0,0,496
2025-02-10,SOUTH-02,economy,6371,0.192,0.159,0,0,328
2025-02-10,WEST-01,standard,8966,0.284,0.087,0,0,481
2025-02-10,WEST-01,priority,8238,0.156,0.259,0,0,394
2025-02-10,WEST-01,economy,7956,0.155,0.156,0,0,241
2025-02-11,NORTH-01,standard,6841,0.284,0.155,0,1,672
2025-02-11,NORTH-01,priority,6089,0.119,0.052,0,1,404
2025-02-11,NORTH-01,economy,4958,0.285,0.107,0,1,144
2025-02-11,NORTH-02,standard,7182,0.016,0.117,0,1,643
2025-02-11,NORTH-02,priority,6395,0.0,0.177,0,1,398
2025-02-11,NORTH-02,economy,6480,0.114,0.233,0,1,360
2025-02-11,CENTRAL-01,standard,8060,0.353,0.211,0,1,416
2025-02-11,CENTRAL-01,priority,6390,0.294,0.089,0,1,633
2025-02-11,CENTRAL-01,economy,5591,0.05,0.115,0,1,246
2025-02-11,SOUTH-01,standard,8151,0.061,0.096,0,1,489
2025-02-11,SOUTH-01,priority,7850,0.059,0.087,0,1,620
2025-02-11,SOUTH-01,economy,6944,0.331,0.018,0,1,610
2025-02-11,SOUTH-02,standard,8780,0.0,0.237,0,1,404
2025-02-11,SOUTH-02,priority,8314,0.193,0.185,0,1,562
2025-02-11,SOUTH-02,economy,7311,0.0,0.098,0,1,587
2025-02-11,WEST-01,standard,8304,0.0,0.101,0,1,264
2025-02-11,WEST-01,priority,7085,0.298,0.107,0,1,373
2025-02-11,WEST-01,economy,7428,0.424,0.005,0,1,590
2025-02-12,NORTH-01,standard,5717,0.174,0.304,0,2,525
2025-02-12,NORTH-01,priority,4418,0.325,0.147,0,2,192
2025-02-12,NORTH-01,economy,4977,0.0,0.198,0,2,338
2025-02-12,NORTH-02,standard,6500,0.165,0.259,0,2,308
2025-02-12,NORTH-02,priority,6056,0.198,0.314,0,2,314
2025-02-12,NORTH-02,economy,4860,0.175,0.187,0,2,264
2025-02-12,CENTRAL-01,standard,7142,0.179,0.272,0,2,345
2025-02-12,CENTRAL-01,priority,6088,0.284,0.151,0,2,393
2025-02-12,CENTRAL-01,economy,5486,0.0,0.0,0,2,242
2025-02-12,SOUTH-01,standard,7554,0.0,0.084,0,2,449
2025-02-12,SOUTH-01,priority,6042,0.273,0.186,0,2,454
2025-02-12,SOUTH-01,economy,5796,0.25,0.141,0,2,448
2025-02-12,SOUTH-02,standard,7943,0.09,0.237,0,2,418
2025-02-12,SOUTH-02,priority,6408,0.364,0.046,0,2,290
2025-02-12,SOUTH-02,economy,5943,0.223,0.245,0,2,754
2025-02-12,WEST-01,standard,8055,0.1,0.179,0,2,427
2025-02-12,WEST-01,priority,7160,0.085,0.235,0,2,182
2025-02-12,WEST-01,economy,7497,0.045,0.266,0,2,164
2025-02-13,NORTH-01,standard,5511,0.278,0.0,0,3,200
2025-02-13,NORTH-01,priority,5548,0.287,0.194,0,3,311
2025-02-13,NORTH-01,economy,3996,0.157,0.03,0,3,413
2025-02-13,NORTH-02,standard,6728,0.224,0.158,0,3,225
2025-02-13,NORTH-02,priority,6033,0.266,0.056,0,3,426
2025-02-13,NORTH-02,economy,5730,0.296,0.094,0,3,591
2025-02-13,CENTRAL-01,standard,6602,0.232,0.244,0,3,225
2025-02-13,CENTRAL-01,priority,6410,0.275,0.076,0,3,498
2025-02-13,CENTRAL-01,economy,5826,0.208,0.164,0,3,387
2025-02-13,SOUTH-01,standard,7383,0.131,0.029,0,3,445
2025-02-13,SOUTH-01,priority,6287,0.511,0.142,0,3,407
2025-02-13,SOUTH-01,economy,5648,0.258,0.073,0,3,448
2025-02-13,SOUTH-02,standard,7673,0.14,0.213,0,3,458
2025-02-13,SOUTH-02,priority,6141,0.318,0.132,0,3,332
2025-02-13,SOUTH-02,economy,6134,0.081,0.0,0,3,387
2025-02-13,WEST-01,standard,7761,0.302,0.059,0,3,548
2025-02-13,WEST-01,priority,8114,0.111,0.193,0,3,199
2025-02-13,WEST-01,economy,6647,0.213,0.243,0,3,545
2025-02-14,NORTH-01,standard,6152,0.256,0.292,0,4,586
2025-02-14,NORTH-01,priority,4745,0.216,0.041,0,4,444
2025-02-14,NORTH-01,economy,5178,0.3,0.125,0,4,292
2025-02-14,NORTH-02,standard,5664,0.235,0.185,0,4,336
2025-02-14,NORTH-02,priority,5522,0.466,0.076,0,4,207
2025-02-14,NORTH-02,economy,5344,0.068,0.037,0,4,235
2025-02-14,CENTRAL-01,standard,6523,0.332,0.107,0,4,425
2025-02-14,CENTRAL-01,priority,6368,0.0,0.166,0,4,507
2025-02-14,CENTRAL-01,economy,5718,0.065,0.085,0,4,521
2025-02-14,SOUTH-01,standard,6896,0.109,0.051,0,4,265
2025-02-14,SOUTH-01,priority,6727,0.228,0.064,0,4,407
2025-02-14,SOUTH-01,economy,4815,0.3,0.0,0,4,479
2025-02-14,SOUTH-02,standard,7365,0.094,0.033,0,4,430
2025-02-14,SOUTH-02,priority,7103,0.161,0.187,0,4,426
2025-02-14,SOUTH-02,economy,6114,0.342,0.149,0,4,459
2025-02-14,WEST-01,standard,7760,0.246,0.078,0,4,465
2025-02-14,WEST-01,priority,6754,0.11,0.107,0,4,36
2025-02-14,WEST-01,economy,6302,0.135,0.16,0,4,534
2025-02-15,NORTH-01,standard,6181,0.054,0.223,0,5,626
2025-02-15,NORTH-01,priority,5420,0.245,0.034,0,5,546
2025-02-15,NORTH-01,economy,5148,0.0,0.201,0,5,308
2025-02-15,NORTH-02,standard,6119,0.0,0.126,0,5,547
2025-02-15,NORTH-02,priority,5332,0.169,0.117,0,5,379
2025-02-15,NORTH-02,economy,5016,0.187,0.087,0,5,263
2025-02-15,CENTRAL-01,standard,7130,0.0,0.203,0,5,417
2025-02-15,CENTRAL-01,priority,6425,0.127,0.144,0,5,296
2025-02-15,CENTRAL-01,economy,5251,0.283,0.032,0,5,340
2025-02-15,SOUTH-01,standard,6550,0.3,0.076,0,5,209
2025-02-15,SOUTH-01,priority,5802,0.112,0.17,0,5,300
2025-02-15,SOUTH-01,economy,5806,0.253,0.142,0,5,173
2025-02-15,SOUTH-02,standard,7465,0.168,0.152,0,5,422
2025-02-15,SOUTH-02,priority,6451,0.143,0.114,0,5,490
2025-02-15,SOUTH-02,economy,7190,0.033,0.163,0,5,527
2025-02-15,WEST-01,standard,7867,0.241,0.17,0,5,307
2025-02-15,WEST-01,priority,7579,0.15,0.196,0,5,502
2025-02-15,WEST-01,economy,6643,0.326,0.137,0,5,151
2025-02-16,NORTH-01,standard,5790,0.451,0.117,0,6,303
2025-02-16,NORTH-01,priority,4682,0.127,0.131,0,6,22
2025-02-16,NORTH-01,economy,4106,0.319,0.194,0,6,357
2025-02-16,NORTH-02,standard,6246,0.279,0.095,0,6,488
2025-02-16,NORTH-02,priority,5974,0.007,0.193,0,6,584
2025-02-16,NORTH-02,economy,4767,0.247,0.117,0,6,565
2025-02-16,CENTRAL-01,standard,6659,0.137,0.197,0,6,509
2025-02-16,CENTRAL-01,priority,5747,0.316,0.148,0,6,300
2025-02-16,CENTRAL-01,economy,5628,0.0,0.158,0,6,250
2025-02-16,SOUTH-01,standard,7414,0.0,0.167,0,6,449
2025-02-16,SOUTH-01,priority,6543,0.061,0.182,0,6,480
2025-02-16,SOUTH-01,economy,6706,0.063,0.242,0,6,395
2025-02-16,SOUTH-02,standard,7126,0.228,0.213,0,6,335
2025-02-16,SOUTH-02,priority,6582,0.202,0.312,0,6,573
2025-02-16,SOUTH-02,economy,6811,0.157,0.147,0,6,626
2025-02-16,WEST-01,standard,7636,0.231,0.243,0,6,345
2025-02-16,WEST-01,priority,7664,0.018,0.109,0,6,435
2025-02-16,WEST-01,economy,6673,0.387,0.314,0,6,298
2025-02-17,NORTH-01,standard,6890,0.319,0.251,0,0,471
2025-02-17,NORTH-01,priority,5413,0.246,0.071,0,0,336
2025-02-17,NORTH-01,economy,5457,0.156,0.172,0,0,139
2025-02-17,NORTH-02,standard,7091,0.0,0.209,0,0,364
2025-02-17,NORTH-02,priority,6087,0.113,0.077,0,0,484
2025-02-17,NORTH-02,economy,6306,0.151,0.201,0,0,407
2025-02-17,CENTRAL-01,standard,8051,0.276,0.151,0,0,520
2025-02-17,CENTRAL-01,priority,6857,0.295,0.075,0,0,165
2025-02-17,CENTRAL-01,economy,5906,0.348,0.1,0,0,193
2025-02-17,SOUTH-01,standard,8736,0.176,0.129,0,0,545
2025-02-17,SOUTH-01,priority,6303,0.118,0.017,0,0,245
2025-02-17,SOUTH-01,economy,6871,0.02,0.178,0,0,388
2025-02-17,SOUTH-02,standard,7944,0.066,0.162,0,0,407
2025-02-17,SOUTH-02,priority,7863,0.28,0.121,0,0,178
2025-02-17,SOUTH-02,economy,7818,0.0,0.176,0,0,385
2025-02-17,WEST-01,standard,8192,0.437,0.035,0,0,442
2025-02-17,WEST-01,priority,7680,0.236,0.103,0,0,484
2025-02-17,WEST-01,economy,7774,0.196,0.122,0,0,396
2025-02-18,NORTH-01,standard,6357,0.163,0.136,0,1,259
2025-02-18,NORTH-01,priority,5359,0.117,0.153,0,1,454
2025-02-18,NORTH-01,economy,6035,0.182,0.065,0,1,366
2025-02-18,NORTH-02,standard,8005,0.02,0.276,0,1,311
2025-02-18,NORTH-02,priority,5710,0.141,0.113,0,1,390
2025-02-18,NORTH-02,economy,5883,0.281,0.203,0,1,469
2025-02-18,CENTRAL-01,standard,7545,0.044,0.295,0,1,327
2025-02-18,CENTRAL-01,priority,6861,0.111,0.098,0,1,358
2025-02-18,CENTRAL-01,economy,6299,0.196,0.085,0,1,238
2025-02-18,SOUTH-01,standard,7985,0.268,0.208,0,1,341
2025-02-18,SOUTH-01,priority,7267,0.217,0.079,0,1,379
2025-02-18,SOUTH-01,economy,5228,0.496,0.052,0,1,260
2025-02-18,SOUTH-02,standard,7969,0.0,0.092,0,1,310
2025-02-18,SOUTH-02,priority,7996,0.052,0.227,0,1,548
2025-02-18,SOUTH-02,economy,7146,0.185,0.224,0,1,585
2025-02-18,WEST-01,standard,8986,0.237,0.088,0,1,452
2025-02-18,WEST-01,priority,8582,0.156,0.158,0,1,183
2025-02-18,WEST-01,economy,7825,0.138,0.205,0,1,279
2025-02-19,NORTH-01,standard,6060,0.0,0.286,0,2,543
2025-02-19,NORTH-01,priority,3970,0.275,0.087,0,2,243
2025-02-19,NORTH-01,economy,4149,0.176,0.186,0,2,325
2025-02-19,NORTH-02,standard,6187,0.201,0.229,0,2,418
2025-02-19,NORTH-02,priority,5328,0.215,0.22,0,2,0
2025-02-19,NORTH-02,economy,4512,0.152,0.132,0,2,134
2025-02-19,CENTRAL-01,standard,6757,0.111,0.141,0,2,108
2025-02-19,CENTRAL-01,priority,6241,0.0,0.24,0,2,366
2025-02-19,CENTRAL-01,economy,5412,0.02,0.15,0,2,268
2025-02-19,SOUTH-01,standard,7995,0.005,0.081,0,2,377
2025-02-19,SOUTH-01,priority,6240,0.275,0.134,0,2,290
2025-02-19,SOUTH-01,economy,5416,0.341,0.18,0,2,295
2025-02-19,SOUTH-02,standard,7353,0.309,0.0,0,2,465
2025-02-19,SOUTH-02,priority,7213,0.09,0.162,0,2,248
2025-02-19,SOUTH-02,economy,6161,0.281,0.174,0,2,377
2025-02-19,WEST-01,standard,8367,0.265,0.335,0,2,528
2025-02-19,WEST-01,priority,6890,0.203,0.302,0,2,178
2025-02-19,WEST-01,economy,5684,0.198,0.203,0,2,350
2025-02-20,NORTH-01,standard,6081,0.158,0.21,0,3,145
2025-02-20,NORTH-01,priority,5534,0.05,0.085,0,3,390
2025-02-20,NORTH-01,economy,4205,0.106,0.162,0,3,552
2025-02-20,NORTH-02,standard,6832,0.249,0.213,0,3,506
2025-02-20,NORTH-02,priority,6137,0.184,0.135,0,3,367
2025-02-20,NORTH-02,economy,4882,0.09,0.307,0,3,118
2025-02-20,CENTRAL-01,standard,6670,0.299,0.092,0,3,598
2025-02-20,CENTRAL-01,priority,6815,0.015,0.147,0,3,466
2025-02-20,CENTRAL-01,economy,5646,0.158,0.341,0,3,397
2025-02-20,SOUTH-01,standard,7572,0.378,0.228,0,3,299
2025-02-20,SOUTH-01,priority,6048,0.327,0.164,0,3,388
2025-02-20,SOUTH-01,economy,6184,0.203,0.299,0,3,271
2025-02-20,SOUTH-02,standard,7066,0.059,0.146,0,3,306
2025-02-20,SOUTH-02,priority,7197,0.151,0.116,0,3,307
2025-02-20,SOUTH-02,economy,6273,0.0,0.015,0,3,297
2025-02-20,WEST-01,standard,8635,0.032,0.307,0,3,432
2025-02-20,WEST-01,priority,6759,0.208,0.129,0,3,506
2025-02-20,WEST-01,economy,6533,0.282,0.0,0,3,416
2025-02-21,NORTH-01,standard,6889,0.141,0.318,0,4,341
2025-02-21,NORTH-01,priority,4922,0.153,0.123,0,4,217
2025-02-21,NORTH-01,economy,5361,0.241,0.307,0,4,435
2025-02-21,NORTH-02,standard,6661,0.0,0.001,0,4,574
2025-02-21,NORTH-02,priority,6096,0.246,0.126,0,4,453
2025-02-21,NORTH-02,economy,4835,0.316,0.001,0,4,537
2025-02-21,CENTRAL-01,standard,6722,0.243,0.226,0,4,394
2025-02-21,CENTRAL-01,priority,5508,0.348,0.096,0,4,287
2025-02-21,CENTRAL-01,economy,5572,0.183,0.021,0,4,327
2025-02-21,SOUTH-01,standard,7179,0.282,0.0,0,4,555
2025-02-21,SOUTH-01,priority,6798,0.233,0.152,0,4,536
2025-02-21,SOUTH-01,economy,6558,0.243,0.198,0,4,468
2025-02-21,SOUTH-02,standard,7690,0.084,0.251,0,4,414
2025-02-21,SOUTH-02,priority,7729,0.193,0.228,0,4,414
2025-02-21,SOUTH-02,economy,6707,0.388,0.163,0,4,405
2025-02-21,WEST-01,standard,7957,0.121,0.304,0,4,340
2025-02-21,WEST-01,priority,8233,0.029,0.251,0,4,471
2025-02-21,WEST-01,economy,6697,0.062,0.149,0,4,257
2025-02-22,NORTH-01,standard,5659,0.121,0.19,0,5,384
2025-02-22,NORTH-01,priority,5356,0.0,0.284,0,5,445
2025-02-22,NORTH-01,economy,4115,0.203,0.182,0,5,212
2025-02-22,NORTH-02,standard,6879,0.091,0.152,0,5,438
2025-02-22,NORTH-02,priority,5692,0.072,0.157,0,5,308
2025-02-22,NORTH-02,economy,4776,0.178,0.211,0,5,281
2025-02-22,CENTRAL-01,standard,7148,0.298,0.188,0,5,566
2025-02-22,CENTRAL-01,priority,6013,0.017,0.173,0,5,216
2025-02-22,CENTRAL-01,economy,5362,0.085,0.126,0,5,268
2025-02-22,SOUTH-01,standard,6622,0.178,0.346,0,5,515
2025-02-22,SOUTH-01,priority,5591,0.178,0.115,0,5,439
2025-02-22,SOUTH-01,economy,6830,0.007,0.216,0,5,230
2025-02-22,SOUTH-02,standard,6527,0.32,0.152,0,5,231
2025-02-22,SOUTH-02,priority,6267,0.201,0.182,0,5,371
2025-02-22,SOUTH-02,economy,6128,0.279,0.23,0,5,416
2025-02-22,WEST-01,standard,8304,0.309,0.218,0,5,442
2025-02-22,WEST-01,priority,7057,0.169,0.172,0,5,525
2025-02-22,WEST-01,economy,6817,0.0,0.11,0,5,440
2025-02-23,NORTH-01,standard,5922,0.259,0.269,0,6,271
2025-02-23,NORTH-01,priority,5394,0.163,0.124,0,6,213
2025-02-23,NORTH-01,economy,4828,0.159,0.28,0,6,198
2025-02-23,NORTH-02,standard,6066,0.139,0.0,0,6,559
2025-02-23,NORTH-02,priority,5330,0.038,0.034,0,6,450
2025-02-23,NORTH-02,economy,4322,0.385,0.186,0,6,306
2025-02-23,CENTRAL-01,standard,6506,0.395,0.125,0,6,404
2025-02-23,CENTRAL-01,priority,6672,0.0,0.23,0,6,140
2025-02-23,CENTRAL-01,economy,5793,0.02,0.072,0,6,263
2025-02-23,SOUTH-01,standard,7070,0.228,0.135,0,6,451
2025-02-23,SOUTH-01,priority,6588,0.213,0.148,0,6,403
2025-02-23,SOUTH-01,economy,6631,0.155,0.116,0,6,325
2025-02-23,SOUTH-02,standard,7656,0.344,0.095,0,6,623
2025-02-23,SOUTH-02,priority,6701,0.139,0.097,0,6,378
2025-02-23,SOUTH-02,economy,6076,0.219,0.147,0,6,596
2025-02-23,WEST-01,standard,8270,0.156,0.1,0,6,529
2025-02-23,WEST-01,priority,7527,0.349,0.304,0,6,371
2025-02-23,WEST-01,economy,6877,0.0,0.075,0,6,244
2025-02-24,NORTH-01,standard,7208,0.0,0.155,0,0,366
2025-02-24,NORTH-01,priority,6540,0.288,0.199,0,0,637
2025-02-24,NORTH-01,economy,5071,0.494,0.209,0,0,339
2025-02-24,NORTH-02,standard,7492,0.369,0.079,0,0,384
2025-02-24,NORTH-02,priority,5862,0.207,0.085,0,0,322
2025-02-24,NORTH-02,economy,6369,0.336,0.094,0,0,302
2025-02-24,CENTRAL-01,standard,7999,0.052,0.17,0,0,442
2025-02-24,CENTRAL-01,priority,7137,0.198,0.278,0,0,337
2025-02-24,CENTRAL-01,economy,6404,0.044,0.252,0,0,332
2025-02-24,SOUTH-01,standard,8200,0.306,0.314,0,0,409
2025-02-24,SOUTH-01,priority,7189,0.179,0.114,0,0,353
2025-02-24,SOUTH-01,economy,7227,0.289,0.143,0,0,382
2025-02-24,SOUTH-02,standard,8609,0.136,0.252,0,0,423
2025-02-24,SOUTH-02,priority,8085,0.184,0.267,0,0,572
2025-02-24,SOUTH-02,economy,7427,0.152,0.237,0,0,508
2025-02-24,WEST-01,standard,8695,0.296,0.075,0,0,555
2025-02-24,WEST-01,priority,8292,0.314,0.25,0,0,613
2025-02-24,WEST-01,economy,7428,0.101,0.03,0,0,546
2025-02-25,NORTH-01,standard,5962,0.05,0.032,0,1,447
2025-02-25,NORTH-01,priority,6168,0.006,0.194,0,1,272
2025-02-25,NORTH-01,economy,5286,0.06,0.167,0,1,337
2025-02-25,NORTH-02,standard,7555,0.228,0.199,0,1,426
2025-02-25,NORTH-02,priority,6960,0.054,0.187,0,1,367
2025-02-25,NORTH-02,economy,5640,0.145,0.348,0,1,408
2025-02-25,CENTRAL-01,standard,7357,0.306,0.123,0,1,352
2025-02-25,CENTRAL-01,priority,6961,0.18,0.222,0,1,762
2025-02-25,CENTRAL-01,economy,6749,0.126,0.26,0,1,395
2025-02-25,SOUTH-01,standard,7864,0.356,0.022,0,1,329
2025-02-25,SOUTH-01,priority,6978,0.128,0.111,0,1,191
2025-02-25,SOUTH-01,economy,6590,0.227,0.145,0,1,468
2025-02-25,SOUTH-02,standard,9640,0.234,0.129,0,1,591
2025-02-25,SOUTH-02,priority,7614,0.473,0.117,0,1,259
2025-02-25,SOUTH-02,economy,8430,0.14,0.103,0,1,349
2025-02-25,WEST-01,standard,8968,0.152,0.034,0,1,341
2025-02-25,WEST-01,priority,7915,0.29,0.007,0,1,195
2025-02-25,WEST-01,economy,7397,0.121,0.127,0,1,341
2025-02-26,NORTH-01,standard,6071,0.297,0.324,0,2,258
2025-02-26,NORTH-01,priority,5527,0.188,0.122,0,2,380
2025-02-26,NORTH-01,economy,5254,0.0,0.238,0,2,517
2025-02-26,NORTH-02,standard,5834,0.118,0.174,0,2,348
2025-02-26,NORTH-02,priority,5663,0.228,0.099,0,2,370
2025-02-26,NORTH-02,economy,5096,0.126,0.262,0,2,348
2025-02-26,CENTRAL-01,standard,6686,0.004,0.192,0,2,495
2025-02-26,CENTRAL-01,priority,5324,0.023,0.184,0,2,413
2025-02-26,CENTRAL-01,economy,5243,0.159,0.182,0,2,223
2025-02-26,SOUTH-01,standard,7414,0.128,0.165,0,2,438
2025-02-26,SOUTH-01,priority,6911,0.068,0.297,0,2,312
2025-02-26,SOUTH-01,economy,5772,0.231,0.17,0,2,318
2025-02-26,SOUTH-02,standard,6747,0.298,0.288,0,2,530
2025-02-26,SOUTH-02,priority,7505,0.182,0.169,0,2,86
2025-02-26,SOUTH-02,economy,6047,0.278,0.253,0,2,194
2025-02-26,WEST-01,standard,7789,0.377,0.009,0,2,536
2025-02-26,WEST-01,priority,7248,0.228,0.195,0,2,452
2025-02-26,WEST-01,economy,6759,0.095,0.104,0,2,197
2025-02-27,NORTH-01,standard,5720,0.249,0.0,0,3,406
2025-02-27,NORTH-01,priority,4988,0.085,0.051,0,3,406
2025-02-27,NORTH-01,economy,4473,0.221,0.061,0,3,345
2025-02-27,NORTH-02,standard,6190,0.206,0.071,0,3,475
2025-02-27,NORTH-02,priority,6300,0.244,0.183,0,3,389
2025-02-27,NORTH-02,economy,5088,0.079,0.083,0,3,160
2025-02-27,CENTRAL-01,standard,7249,0.143,0.187,0,3,212
2025-02-27,CENTRAL-01,priority,6055,0.192,0.145,0,3,378
2025-02-27,CENTRAL-01,economy,6102,0.176,0.261,0,3,620
2025-02-27,SOUTH-01,standard,6661,0.179,0.117,0,3,317
2025-02-27,SOUTH-01,priority,6781,0.266,0.219,0,3,303
2025-02-27,SOUTH-01,economy,5785,0.101,0.307,0,3,523
2025-02-27,SOUTH-02,standard,6923,0.229,0.091,0,3,305
2025-02-27,SOUTH-02,priority,7434,0.23,0.077,0,3,378
2025-02-27,SOUTH-02,economy,6965,0.264,0.2,0,3,336
2025-02-27,WEST-01,standard,7859,0.193,0.038,0,3,552
2025-02-27,WEST-01,priority,7773,0.206,0.335,0,3,348
2025-02-27,WEST-01,economy,6196,0.235,0.033,0,3,219
2025-02-28,NORTH-01,standard,6317,0.182,0.145,0,4,357
2025-02-28,NORTH-01,priority,4226,0.06,0.275,0,4,311
2025-02-28,NORTH-01,economy,4764,0.206,0.149,0,4,336
2025-02-28,NORTH-02,standard,5522,0.24,0.102,0,4,340
2025-02-28,NORTH-02,priority,6154,0.057,0.092,0,4,551
2025-02-28,NORTH-02,economy,5006,0.317,0.227,0,4,452
2025-02-28,CENTRAL-01,standard,6449,0.223,0.306,0,4,454
2025-02-28,CENTRAL-01,priority,5541,0.028,0.204,0,4,200
2025-02-28,CENTRAL-01,economy,5751,0.026,0.17,0,4,646
2025-02-28,SOUTH-01,standard,7263,0.169,0.212,0,4,480
2025-02-28,SOUTH-01,priority,6141,0.197,0.238,0,4,70
2025-02-28,SOUTH-01,economy,6194,0.23,0.006,0,4,300
2025-02-28,SOUTH-02,standard,7913,0.055,0.366,0,4,392
2025-02-28,SOUTH-02,priority,7398,0.27,0.215,0,4,241
2025-02-28,SOUTH-02,economy,5825,0.244,0.127,0,4,360
2025-02-28,WEST-01,standard,8101,0.0,0.224,0,4,365
2025-02-28,WEST-01,priority,7826,0.163,0.137,0,4,283
2025-02-28,WEST-01,economy,6301,0.134,0.133,0,4,388
2025-03-01,NORTH-01,standard,5979,0.093,0.038,0,5,545
2025-03-01,NORTH-01,priority,5132,0.186,0.142,0,5,272
2025-03-01,NORTH-01,economy,3548,0.32,0.158,0,5,430
2025-03-01,NORTH-02,standard,5050,0.294,0.198,0,5,331
2025-03-01,NORTH-02,priority,5658,0.287,0.18,0,5,457
2025-03-01,NORTH-02,economy,5183,0.197,0.246,0,5,345
2025-03-01,CENTRAL-01,standard,6083,0.287,0.118,0,5,362
2025-03-01,CENTRAL-01,priority,6480,0.251,0.224,0,5,366
2025-03-01,CENTRAL-01,economy,5504,0.159,0.103,0,5,148
2025-03-01,SOUTH-01,standard,6761,0.183,0.378,0,5,401
2025-03-01,SOUTH-01,priority,6094,0.225,0.191,0,5,424
2025-03-01,SOUTH-01,economy,6185,0.116,0.036,0,5,445
2025-03-01,SOUTH-02,standard,7346,0.064,0.106,0,5,203
2025-03-01,SOUTH-02,priority,6778,0.271,0.214,0,5,379
2025-03-01,SOUTH-02,economy,5746,0.194,0.17,0,5,410
2025-03-01,WEST-01,standard,7718,0.039,0.205,0,5,255
2025-03-01,WEST-01,priority,7392,0.177,0.146,0,5,294
2025-03-01,WEST-01,economy,7227,0.204,0.174,0,5,419
2025-03-02,NORTH-01,standard,5109,0.108,0.042,0,6,372
2025-03-02,NORTH-01,priority,5134,0.275,0.079,0,6,313
2025-03-02,NORTH-01,economy,3639,0.266,0.219,0,6,413
2025-03-02,NORTH-02,standard,5960,0.21,0.107,0,6,362
2025-03-02,NORTH-02,priority,5295,0.12,0.075,0,6,214
2025-03-02,NORTH-02,economy,5818,0.342,0.154,0,6,399
2025-03-02,CENTRAL-01,standard,6420,0.251,0.065,0,6,381
2025-03-02,CENTRAL-01,priority,6260,0.104,0.113,0,6,420
2025-03-02,CENTRAL-01,economy,5846,0.02,0.173,0,6,284
2025-03-02,SOUTH-01,standard,6150,0.097,0.185,0,6,364
2025-03-02,SOUTH-01,priority,6473,0.376,0.0,0,6,439
2025-03-02,SOUTH-01,economy,6499,0.007,0.192,0,6,233
2025-03-02,SOUTH-02,standard,8031,0.095,0.152,0,6,355
2025-03-02,SOUTH-02,priority,6870,0.175,0.097,0,6,511
2025-03-02,SOUTH-02,economy,6240,0.193,0.121,0,6,271
2025-03-02,WEST-01,standard,8887,0.061,0.246,0,6,231
2025-03-02,WEST-01,priority,6866,0.25,0.219,0,6,329
2025-03-02,WEST-01,economy,7678,0.111,0.302,0,6,299
2025-03-03,NORTH-01,standard,7186,0.005,0.212,0,0,544
2025-03-03,NORTH-01,priority,5982,0.053,0.208,0,0,434
2025-03-03,NORTH-01,economy,5865,0.176,0.302,0,0,318
2025-03-03,NORTH-02,standard,6643,0.197,0.142,0,0,610
2025-03-03,NORTH-02,priority,6636,0.372,0.136,0,0,625
2025-03-03,NORTH-02,economy,5712,0.328,0.125,0,0,145
2025-03-03,CENTRAL-01,standard,8148,0.273,0.249,0,0,508
2025-03-03,CENTRAL-01,priority,6959,0.222,0.07,0,0,312
2025-03-03,CENTRAL-01,economy,6428,0.243,0.089,0,0,531
2025-03-03,SOUTH-01,standard,8388,0.225,0.176,0,0,644
2025-03-03,SOUTH-01,priority,8091,0.167,0.192,0,0,503
2025-03-03,SOUTH-01,economy,7179,0.0,0.093,0,0,347
2025-03-03,SOUTH-02,standard,8225,0.353,0.299,0,0,302
2025-03-03,SOUTH-02,priority,8465,0.137,0.116,0,0,309
2025-03-03,SOUTH-02,economy,7605,0.269,0.261,0,0,460
2025-03-03,WEST-01,standard,8972,0.161,0.298,0,0,562
2025-03-03,WEST-01,priority,7973,0.161,0.003,0,0,400
2025-03-03,WEST-01,economy,7845,0.163,0.097,0,0,503
2025-03-04,NORTH-01,standard,6285,0.143,0.125,0,1,399
2025-03-04,NORTH-01,priority,5842,0.345,0.26,0,1,594
2025-03-04,NORTH-01,economy,4850,0.137,0.069,0,1,196
2025-03-04,NORTH-02,standard,6827,0.22,0.129,0,1,283
2025-03-04,NORTH-02,priority,6989,0.05,0.079,0,1,606
2025-03-04,NORTH-02,economy,5575,0.404,0.205,0,1,267
2025-03-04,CENTRAL-01,standard,7651,0.271,0.13,0,1,641
2025-03-04,CENTRAL-01,priority,6695,0.206,0.332,0,1,434
2025-03-04,CENTRAL-01,economy,6549,0.218,0.071,0,1,560
2025-03-04,SOUTH-01,standard,7019,0.444,0.183,0,1,447
2025-03-04,SOUTH-01,priority,7381,0.269,0.131,0,1,343
2025-03-04,SOUTH-01,economy,7474,0.164,0.231,0,1,251
2025-03-04,SOUTH-02,standard,9113,0.119,0.023,0,1,557
2025-03-04,SOUTH-02,priority,7861,0.0,0.145,0,1,325
2025-03-04,SOUTH-02,economy,7307,0.304,0.231,0,1,322
2025-03-04,WEST-01,standard,8755,0.104,0.154,0,1,441
2025-03-04,WEST-01,priority,7722,0.247,0.027,0,1,407
2025-03-04,WEST-01,economy,7548,0.368,0.218,0,1,454
2025-03-05,NORTH-01,standard,6126,0.168,0.236,0,2,517
2025-03-05,NORTH-01,priority,5387,0.017,0.086,0,2,400
2025-03-05,NORTH-01,economy,4132,0.468,0.005,0,2,294
2025-03-05,NORTH-02,standard,6771,0.209,0.289,0,2,190
2025-03-05,NORTH-02,priority,5731,0.364,0.27,0,2,157
2025-03-05,NORTH-02,economy,5497,0.162,0.187,0,2,132
2025-03-05,CENTRAL-01,standard,7509,0.088,0.238,0,2,456
2025-03-05,CENTRAL-01,priority,6392,0.318,0.186,0,2,389
2025-03-05,CENTRAL-01,economy,5575,0.238,0.052,0,2,196
2025-03-05,SOUTH-01,standard,7149,0.267,0.115,0,2,280
2025-03-05,SOUTH-01,priority,6904,0.12,0.179,0,2,518
2025-03-05,SOUTH-01,economy,5440,0.042,0.03,0,2,215
2025-03-05,SOUTH-02,standard,7092,0.368,0.257,0,2,597
2025-03-05,SOUTH-02,priority,6192,0.334,0.02,0,2,166
2025-03-05,SOUTH-02,economy,6323,0.17,0.151,0,2,126
2025-03-05,WEST-01,standard,8417,0.009,0.171,0,2,190
2025-03-05,WEST-01,priority,7082,0.026,0.232,0,2,390
2025-03-05,WEST-01,economy,6114,0.022,0.217,0,2,326
2025-03-06,NORTH-01,standard,5592,0.293,0.199,0,3,263
2025-03-06,NORTH-01,priority,5061,0.152,0.047,0,3,321
2025-03-06,NORTH-01,economy,4283,0.13,0.23,0,3,103
2025-03-06,NORTH-02,standard,6281,0.117,0.16,0,3,350
2025-03-06,NORTH-02,priority,5455,0.045,0.071,0,3,275
2025-03-06,NORTH-02,economy,4701,0.312,0.171,0,3,452
2025-03-06,CENTRAL-01,standard,5142,0.234,0.041,0,3,175
2025-03-06,CENTRAL-01,priority,5395,0.251,0.221,0,3,420
2025-03-06,CENTRAL-01,economy,5919,0.254,0.262,0,3,519
2025-03-06,SOUTH-01,standard,6968,0.239,0.186,0,3,487
2025-03-06,SOUTH-01,priority,6854,0.02,0.139,0,3,554
2025-03-06,SOUTH-01,economy,5942,0.123,0.227,0,3,476
2025-03-06,SOUTH-02,standard,7666,0.084,0.208,0,3,267
2025-03-06,SOUTH-02,priority,6648,0.162,0.256,0,3,201
2025-03-06,SOUTH-02,economy,6753,0.228,0.016,0,3,567
2025-03-06,WEST-01,standard,8563,0.305,0.149,0,3,598
2025-03-06,WEST-01,priority,7176,0.116,0.265,0,3,371
2025-03-06,WEST-01,economy,6790,0.0,0.162,0,3,329
2025-03-07,NORTH-01,standard,5806,0.16,0.104,0,4,508
2025-03-07,NORTH-01,priority,5500,0.053,0.219,0,4,389
2025-03-07,NORTH-01,economy,4707,0.176,0.093,0,4,383
2025-03-07,NORTH-02,standard,6247,0.084,0.043,0,4,457
2025-03-07,NORTH-02,priority,5806,0.301,0.246,0,4,322
2025-03-07,NORTH-02,economy,4608,0.18,0.051,0,4,311
2025-03-07,CENTRAL-01,standard,6149,0.148,0.157,0,4,226
2025-03-07,CENTRAL-01,priority,5617,0.273,0.083,0,4,359
2025-03-07,CENTRAL-01,economy,5132,0.068,0.239,0,4,334
2025-03-07,SOUTH-01,standard,7006,0.09,0.162,0,4,387
2025-03-07,SOUTH-01,priority,6006,0.327,0.095,0,4,322
2025-03-07,SOUTH-01,economy,6229,0.357,0.143,0,4,345
2025-03-07,SOUTH-02,standard,7694,0.323,0.183,0,4,238
2025-03-07,SOUTH-02,priority,7642,0.0,0.236,0,4,699
2025-03-07,SOUTH-02,economy,6087,0.002,0.189,0,4,273
2025-03-07,WEST-01,standard,7792,0.12,0.181,0,4,417
2025-03-07,WEST-01,priority,7672,0.28,0.24,0,4,464
2025-03-07,WEST-01,economy,6923,0.163,0.104,0,4,261
2025-03-08,NORTH-01,standard,5692,0.194,0.064,0,5,224
2025-03-08,NORTH-01,priority,4851,0.132,0.096,0,5,315
2025-03-08,NORTH-01,economy,4909,0.0,0.006,0,5,344
2025-03-08,NORTH-02,standard,6167,0.093,0.228,0,5,295
2025-03-08,NORTH-02,priority,6014,0.086,0.303,0,5,383
2025-03-08,NORTH-02,economy,4535,0.236,0.002,0,5,370
2025-03-08,CENTRAL-01,standard,6686,0.18,0.326,0,5,493
2025-03-08,CENTRAL-01,priority,6133,0.277,0.161,0,5,329
2025-03-08,CENTRAL-01,economy,5827,0.0,0.178,0,5,425
2025-03-08,SOUTH-01,standard,6846,0.188,0.228,0,5,561
2025-03-08,SOUTH-01,priority,6882,0.061,0.141,0,5,324
2025-03-08,SOUTH-01,economy,5814,0.27,0.123,0,5,332
2025-03-08,SOUTH-02,standard,7485,0.111,0.33,0,5,130
2025-03-08,SOUTH-02,priority,6871,0.084,0.161,0,5,508
2025-03-08,SOUTH-02,economy,5465,0.298,0.125,0,5,189
2025-03-08,WEST-01,standard,7672,0.176,0.025,0,5,580
2025-03-08,WEST-01,priority,6890,0.221,0.154,0,5,408
2025-03-08,WEST-01,economy,7097,0.149,0.169,0,5,500
2025-03-09,NORTH-01,standard,5653,0.195,0.191,0,6,485
2025-03-09,NORTH-01,priority,5806,0.074,0.133,0,6,296
2025-03-09,NORTH-01,economy,5279,0.019,0.117,0,6,65
2025-03-09,NORTH-02,standard,6116,0.192,0.099,0,6,321
2025-03-09,NORTH-02,priority,5967,0.295,0.154,0,6,513
2025-03-09,NORTH-02,economy,5140,0.184,0.121,0,6,402
2025-03-09,CENTRAL-01,standard,6733,0.042,0.169,0,6,331
2025-03-09,CENTRAL-01,priority,6611,0.097,0.1,0,6,334
2025-03-09,CENTRAL-01,economy,4865,0.317,0.16,0,6,348
2025-03-09,SOUTH-01,standard,7223,0.037,0.199,0,6,499
2025-03-09,SOUTH-01,priority,5979,0.352,0.011,0,6,214
2025-03-09,SOUTH-01,economy,5052,0.439,0.115,0,6,600
2025-03-09,SOUTH-02,standard,6981,0.093,0.02,0,6,406
2025-03-09,SOUTH-02,priority,6639,0.185,0.083,0,6,385
2025-03-09,SOUTH-02,economy,5965,0.339,0.177,0,6,331
2025-03-09,WEST-01,standard,7602,0.272,0.284,0,6,541
2025-03-09,WEST-01,priority,6467,0.142,0.02,0,6,534
2025-03-09,WEST-01,economy,6438,0.354,0.104,0,6,159
2025-03-10,NORTH-01,standard,5996,0.271,0.148,0,0,384
2025-03-10,NORTH-01,priority,5864,0.013,0.195,0,0,396
2025-03-10,NORTH-01,economy,5794,0.102,0.0,0,0,479
2025-03-10,NORTH-02,standard,7430,0.117,0.172,0,0,459
2025-03-10,NORTH-02,priority,6248,0.387,0.183,0,0,418
2025-03-10,NORTH-02,economy,6375,0.128,0.065,0,0,435
2025-03-10,CENTRAL-01,standard,8004,0.0,0.095,0,0,232
2025-03-10,CENTRAL-01,priority,7181,0.09,0.363,0,0,525
2025-03-10,CENTRAL-01,economy,6212,0.36,0.077,0,0,613
2025-03-10,SOUTH-01,standard,7942,0.235,0.339,0,0,633
2025-03-10,SOUTH-01,priority,7637,0.182,0.124,0,0,395
2025-03-10,SOUTH-01,economy,6081,0.17,0.189,0,0,266
2025-03-10,SOUTH-02,standard,8624,0.267,0.229,0,0,471
2025-03-10,SOUTH-02,priority,7286,0.228,0.227,0,0,337
2025-03-10,SOUTH-02,economy,6354,0.171,0.166,0,0,219
2025-03-10,WEST-01,standard,8810,0.178,0.231,0,0,364
2025-03-10,WEST-01,priority,8543,0.243,0.124,0,0,409
2025-03-10,WEST-01,economy,8425,0.046,0.264,0,0,318
2025-03-11,NORTH-01,standard,6919,0.227,0.124,0,1,282
2025-03-11,NORTH-01,priority,5741,0.285,0.246,0,1,360
2025-03-11,NORTH-01,economy,4982,0.326,0.07,0,1,408
2025-03-11,NORTH-02,standard,6889,0.161,0.024,0,1,596
2025-03-11,NORTH-02,priority,5874,0.428,0.099,0,1,301
2025-03-11,NORTH-02,economy,6429,0.396,0.217,0,1,492
2025-03-11,CENTRAL-01,standard,7349,0.022,0.074,0,1,337
2025-03-11,CENTRAL-01,priority,7260,0.099,0.105,0,1,414
2025-03-11,CENTRAL-01,economy,5963,0.326,0.17,0,1,381
2025-03-11,SOUTH-01,standard,8269,0.0,0.0,0,1,550
2025-03-11,SOUTH-01,priority,6793,0.189,0.119,0,1,523
2025-03-11,SOUTH-01,economy,6758,0.239,0.173,0,1,326
2025-03-11,SOUTH-02,standard,8373,0.046,0.17,0,1,380
2025-03-11,SOUTH-02,priority,6613,0.386,0.146,0,1,314
2025-03-11,SOUTH-02,economy,6710,0.06,0.139,0,1,433
2025-03-11,WEST-01,standard,8931,0.144,0.112,0,1,438
2025-03-11,WEST-01,priority,8248,0.164,0.132,0,1,468
2025-03-11,WEST-01,economy,7504,0.206,0.24,0,1,433
2025-03-12,NORTH-01,standard,5566,0.474,0.147,0,2,195
2025-03-12,NORTH-01,priority,5506,0.094,0.141,0,2,423
2025-03-12,NORTH-01,economy,4221,0.219,0.214,0,2,365
2025-03-12,NORTH-02,standard,6124,0.182,0.16,0,2,249
2025-03-12,NORTH-02,priority,6018,0.034,0.176,0,2,344
2025-03-12,NORTH-02,economy,5166,0.178,0.092,0,2,342
2025-03-12,CENTRAL-01,standard,7092,0.136,0.219,0,2,208
2025-03-12,CENTRAL-01,priority,6033,0.186,0.073,0,2,0
2025-03-12,CENTRAL-01,economy,5459,0.204,0.207,0,2,204
2025-03-12,SOUTH-01,standard,6807,0.415,0.242,0,2,352
2025-03-12,SOUTH-01,priority,6140,0.0,0.188,0,2,444
2025-03-12,SOUTH-01,economy,5321,0.303,0.144,0,2,489
2025-03-12,SOUTH-02,standard,7173,0.18,0.157,0,2,418
2025-03-12,SOUTH-02,priority,7387,0.156,0.044,0,2,612
2025-03-12,SOUTH-02,economy,7034,0.302,0.22,0,2,265
2025-03-12,WEST-01,standard,8183,0.053,0.117,0,2,390
2025-03-12,WEST-01,priority,7436,0.058,0.15,0,2,504
2025-03-12,WEST-01,economy,6715,0.185,0.0,0,2,571
2025-03-13,NORTH-01,standard,5720,0.183,0.229,0,3,419
2025-03-13,NORTH-01,priority,5172,0.091,0.13,0,3,392
2025-03-13,NORTH-01,economy,4737,0.081,0.033,0,3,374
2025-03-13,NORTH-02,standard,6263,0.193,0.225,0,3,401
2025-03-13,NORTH-02,priority,5802,0.138,0.129,0,3,626
2025-03-13,NORTH-02,economy,5326,0.269,0.194,0,3,58
2025-03-13,CENTRAL-01,standard,6789,0.218,0.223,0,3,378
2025-03-13,CENTRAL-01,priority,5785,0.067,0.115,0,3,473
2025-03-13,CENTRAL-01,economy,5131,0.36,0.305,0,3,253
2025-03-13,SOUTH-01,standard,6685,0.09,0.069,0,3,318
2025-03-13,SOUTH-01,priority,6783,0.285,0.093,0,3,547
2025-03-13,SOUTH-01,economy,5407,0.214,0.248,0,3,275
2025-03-13,SOUTH-02,standard,8159,0.203,0.168,0,3,304
2025-03-13,SOUTH-02,priority,6768,0.116,0.143,0,3,257
2025-03-13,SOUTH-02,economy,6952,0.123,0.13,0,3,266
2025-03-13,WEST-01,standard,7811,0.278,0.252,0,3,445
2025-03-13,WEST-01,priority,7380,0.249,0.183,0,3,319
2025-03-13,WEST-01,economy,6650,0.259,0.12,0,3,400
2025-03-14,NORTH-01,standard,5629,0.283,0.304,0,4,355
2025-03-14,NORTH-01,priority,5545,0.002,0.269,0,4,310
2025-03-14,NORTH-01,economy,4295,0.186,0.158,0,4,451
2025-03-14,NORTH-02,standard,5991,0.257,0.213,0,4,271
2025-03-14,NORTH-02,priority,5951,0.166,0.214,0,4,265
2025-03-14,NORTH-02,economy,4581,0.26,0.072,0,4,336
2025-03-14,CENTRAL-01,standard,7380,0.039,0.073,0,4,565
2025-03-14,CENTRAL-01,priority,6147,0.455,0.186,0,4,345
2025-03-14,CENTRAL-01,economy,6155,0.138,0.22,0,4,459
2025-03-14,SOUTH-01,standard,6935,0.079,0.181,0,4,349
2025-03-14,SOUTH-01,priority,7122,0.376,0.054,0,4,459
2025-03-14,SOUTH-01,economy,5658,0.124,0.155,0,4,284
2025-03-14,SOUTH-02,standard,7126,0.189,0.124,0,4,367
2025-03-14,SOUTH-02,priority,6415,0.022,0.048,0,4,573
2025-03-14,SOUTH-02,economy,6339,0.229,0.198,0,4,430
2025-03-14,WEST-01,standard,8591,0.321,0.183,0,4,433
2025-03-14,WEST-01,priority,6982,0.252,0.206,0,4,394
2025-03-14,WEST-01,economy,6780,0.0,0.14,0,4,342
2025-03-15,NORTH-01,standard,5563,0.131,0.191,0,5,570
2025-03-15,NORTH-01,priority,5350,0.248,0.086,0,5,459
2025-03-15,NORTH-01,economy,5399,0.224,0.07,0,5,418
2025-03-15,NORTH-02,standard,6333,0.03,0.167,0,5,370
2025-03-15,NORTH-02,priority,5435,0.037,0.154,0,5,301
2025-03-15,NORTH-02,economy,4818,0.226,0.112,0,5,422
2025-03-15,CENTRAL-01,standard,6204,0.073,0.098,0,5,267
2025-03-15,CENTRAL-01,priority,5791,0.195,0.201,0,5,426
2025-03-15,CENTRAL-01,economy,5383,0.193,0.039,0,5,484
2025-03-15,SOUTH-01,standard,7236,0.0,0.31,0,5,199
2025-03-15,SOUTH-01,priority,6460,0.197,0.216,0,5,411
2025-03-15,SOUTH-01,economy,6934,0.434,0.166,0,5,539
2025-03-15,SOUTH-02,standard,7449,0.186,0.173,0,5,433
2025-03-15,SOUTH-02,priority,6259,0.247,0.118,0,5,526
2025-03-15,SOUTH-02,economy,6145,0.297,0.037,0,5,487
2025-03-15,WEST-01,standard,8233,0.291,0.094,0,5,428
2025-03-15,WEST-01,priority,5448,0.227,0.076,0,5,250
2025-03-15,WEST-01,economy,6944,0.244,0.134,0,5,521
2025-03-16,NORTH-01,standard,4915,0.14,0.116,0,6,141
2025-03-16,NORTH-01,priority,5287,0.019,0.195,0,6,274
2025-03-16,NORTH-01,economy,4981,0.102,0.088,0,6,340
2025-03-16,NORTH-02,standard,6200,0.299,0.0,0,6,307
2025-03-16,NORTH-02,priority,5653,0.146,0.258,0,6,408
2025-03-16,NORTH-02,economy,4476,0.058,0.153,0,6,307
2025-03-16,CENTRAL-01,standard,6426,0.226,0.239,0,6,309
2025-03-16,CENTRAL-01,priority,5720,0.103,0.13,0,6,92
2025-03-16,CENTRAL-01,economy,5507,0.055,0.146,0,6,411
2025-03-16,SOUTH-01,standard,6329,0.281,0.114,0,6,418
2025-03-16,SOUTH-01,priority,6999,0.179,0.129,0,6,444
2025-03-16,SOUTH-01,economy,6251,0.195,0.163,0,6,284
2025-03-16,SOUTH-02,standard,7138,0.074,0.131,0,6,388
2025-03-16,SOUTH-02,priority,6772,0.192,0.144,0,6,581
2025-03-16,SOUTH-02,economy,6249,0.293,0.142,0,6,532
2025-03-16,WEST-01,standard,8053,0.11,0.073,0,6,471
2025-03-16,WEST-01,priority,7093,0.239,0.216,0,6,223
2025-03-16,WEST-01,economy,6485,0.11,0.197,0,6,142
2025-03-17,NORTH-01,standard,5945,0.197,0.105,0,0,367
2025-03-17,NORTH-01,priority,6369,0.134,0.284,0,0,441
2025-03-17,NORTH-01,economy,5240,0.178,0.102,0,0,466
2025-03-17,NORTH-02,standard,6418,0.27,0.031,0,0,229
2025-03-17,NORTH-02,priority,6595,0.307,0.011,0,0,425
2025-03-17,NORTH-02,economy,6368,0.198,0.112,0,0,384
2025-03-17,CENTRAL-01,standard,6946,0.007,0.053,0,0,532
2025-03-17,CENTRAL-01,priority,6877,0.351,0.237,0,0,215
2025-03-17,CENTRAL-01,economy,6358,0.054,0.071,0,0,537
2025-03-17,SOUTH-01,standard,6895,0.346,0.111,0,0,246
2025-03-17,SOUTH-01,priority,7158,0.323,0.169,0,0,343
2025-03-17,SOUTH-01,economy,7623,0.09,0.054,0,0,614
2025-03-17,SOUTH-02,standard,8447,0.081,0.01,0,0,415
2025-03-17,SOUTH-02,priority,7369,0.255,0.218,0,0,554
2025-03-17,SOUTH-02,economy,7212,0.138,0.199,0,0,507
2025-03-17,WEST-01,standard,8779,0.0,0.209,0,0,452
2025-03-17,WEST-01,priority,7654,0.329,0.086,0,0,364
2025-03-17,WEST-01,economy,7639,0.128,0.066,0,0,428
2025-03-18,NORTH-01,standard,6215,0.236,0.084,0,1,352
2025-03-18,NORTH-01,priority,5831,0.151,0.132,0,1,394
2025-03-18,NORTH-01,economy,5465,0.067,0.14,0,1,339
2025-03-18,NORTH-02,standard,5910,0.322,0.045,0,1,285
2025-03-18,NORTH-02,priority,7224,0.042,0.0,0,1,463
2025-03-18,NORTH-02,economy,6010,0.26,0.127,0,1,309
2025-03-18,CENTRAL-01,standard,7519,0.278,0.165,0,1,410
2025-03-18,CENTRAL-01,priority,6410,0.356,0.163,0,1,412
2025-03-18,CENTRAL-01,economy,6275,0.239,0.138,0,1,240
2025-03-18,SOUTH-01,standard,7797,0.192,0.053,0,1,333
2025-03-18,SOUTH-01,priority,6982,0.298,0.274,0,1,388
2025-03-18,SOUTH-01,economy,6914,0.143,0.187,0,1,340
2025-03-18,SOUTH-02,standard,9100,0.191,0.133,0,1,357
2025-03-18,SOUTH-02,priority,8051,0.211,0.191,0,1,385
2025-03-18,SOUTH-02,economy,6429,0.344,0.0,0,1,452
2025-03-18,WEST-01,standard,8699,0.074,0.075,0,1,346
2025-03-18,WEST-01,priority,8333,0.256,0.222,0,1,556
2025-03-18,WEST-01,economy,8377,0.014,0.156,0,1,548
2025-03-19,NORTH-01,standard,6016,0.352,0.103,0,2,309
2025-03-19,NORTH-01,priority,4959,0.251,0.255,0,2,106
2025-03-19,NORTH-01,economy,4410,0.402,0.189,0,2,292
2025-03-19,NORTH-02,standard,6235,0.0,0.167,0,2,373
2025-03-19,NORTH-02,priority,5670,0.184,0.0,0,2,372
2025-03-19,NORTH-02,economy,5002,0.219,0.135,0,2,350
2025-03-19,CENTRAL-01,standard,6842,0.213,0.188,0,2,607
2025-03-19,CENTRAL-01,priority,6837,0.093,0.12,0,2,366
2025-03-19,CENTRAL-01,economy,5282,0.292,0.161,0,2,456
2025-03-19,SOUTH-01,standard,6999,0.242,0.027,0,2,270
2025-03-19,SOUTH-01,priority,7340,0.333,0.29,0,2,443
2025-03-19,SOUTH-01,economy,5583,0.125,0.176,0,2,628
2025-03-19,SOUTH-02,standard,7885,0.323,0.174,0,2,357
2025-03-19,SOUTH-02,priority,6912,0.047,0.0,0,2,362
2025-03-19,SOUTH-02,economy,6469,0.242,0.151,0,2,471
2025-03-19,WEST-01,standard,8069,0.005,0.22,0,2,484
2025-03-19,WEST-01,priority,7422,0.303,0.232,0,2,424
2025-03-19,WEST-01,economy,6109,0.287,0.03,0,2,329
2025-03-20,NORTH-01,standard,5826,0.02,0.128,0,3,365
2025-03-20,NORTH-01,priority,5580,0.173,0.236,0,3,338
2025-03-20,NORTH-01,economy,4625,0.14,0.146,0,3,621
2025-03-20,NORTH-02,standard,5891,0.005,0.076,0,3,389
2025-03-20,NORTH-02,priority,5951,0.208,0.104,0,3,402
2025-03-20,NORTH-02,economy,4161,0.293,0.246,0,3,387
2025-03-20,CENTRAL-01,standard,6840,0.025,0.17,0,3,381
2025-03-20,CENTRAL-01,priority,5778,0.035,0.232,0,3,443
2025-03-20,CENTRAL-01,economy,6377,0.008,0.149,0,3,654
2025-03-20,SOUTH-01,standard,7009,0.0,0.094,0,3,660
2025-03-20,SOUTH-01,priority,6757,0.172,0.236,0,3,238
2025-03-20,SOUTH-01,economy,6970,0.0,0.101,0,3,420
2025-03-20,SOUTH-02,standard,7174,0.307,0.037,0,3,488
2025-03-20,SOUTH-02,priority,6689,0.049,0.145,0,3,479
2025-03-20,SOUTH-02,economy,6718,0.228,0.205,0,3,354
2025-03-20,WEST-01,standard,8092,0.3,0.103,0,3,186
2025-03-20,WEST-01,priority,7945,0.09,0.335,0,3,491
2025-03-20,WEST-01,economy,6625,0.081,0.062,0,3,370
2025-03-21,NORTH-01,standard,5789,0.41,0.232,0,4,361
2025-03-21,NORTH-01,priority,4207,0.271,0.044,0,4,395
2025-03-21,NORTH-01,economy,3589,0.189,0.045,0,4,394
2025-03-21,NORTH-02,standard,6264,0.117,0.182,0,4,363
2025-03-21,NORTH-02,priority,5957,0.109,0.144,0,4,325
2025-03-21,NORTH-02,economy,5418,0.14,0.199,0,4,206
2025-03-21,CENTRAL-01,standard,6665,0.177,0.108,0,4,552
2025-03-21,CENTRAL-01,priority,6358,0.223,0.323,0,4,350
2025-03-21,CENTRAL-01,economy,5620,0.178,0.161,0,4,229
2025-03-21,SOUTH-01,standard,7523,0.152,0.092,0,4,174
2025-03-21,SOUTH-01,priority,6531,0.199,0.029,0,4,328
2025-03-21,SOUTH-01,economy,5097,0.0,0.225,0,4,329
2025-03-21,SOUTH-02,standard,6955,0.263,0.26,0,4,326
2025-03-21,SOUTH-02,priority,7484,0.31,0.242,0,4,711
2025-03-21,SOUTH-02,economy,6275,0.119,0.18,0,4,131
2025-03-21,WEST-01,standard,7601,0.169,0.0,0,4,231
2025-03-21,WEST-01,priority,6503,0.233,0.088,0,4,478
2025-03-21,WEST-01,economy,6369,0.108,0.115,0,4,508
2025-03-22,NORTH-01,standard,4955,0.212,0.101,0,5,629
2025-03-22,NORTH-01,priority,4865,0.418,0.265,0,5,265
2025-03-22,NORTH-01,economy,4061,0.228,0.078,0,5,476
2025-03-22,NORTH-02,standard,6573,0.173,0.06,0,5,308
2025-03-22,NORTH-02,priority,5491,0.0,0.059,0,5,371
2025-03-22,NORTH-02,economy,5044,0.201,0.248,0,5,275
2025-03-22,CENTRAL-01,standard,6583,0.329,0.228,0,5,412
2025-03-22,CENTRAL-01,priority,6947,0.123,0.057,0,5,323
2025-03-22,CENTRAL-01,economy,5595,0.215,0.029,0,5,203
2025-03-22,SOUTH-01,standard,7375,0.381,0.294,0,5,415
2025-03-22,SOUTH-01,priority,6707,0.158,0.146,0,5,391
2025-03-22,SOUTH-01,economy,6343,0.298,0.077,0,5,319
2025-03-22,SOUTH-02,standard,7865,0.09,0.179,0,5,207
2025-03-22,SOUTH-02,priority,6530,0.122,0.0,0,5,299
2025-03-22,SOUTH-02,economy,5987,0.216,0.087,0,5,516
2025-03-22,WEST-01,standard,8112,0.428,0.076,0,5,469
2025-03-22,WEST-01,priority,6191,0.0,0.087,0,5,404
2025-03-22,WEST-01,economy,7969,0.051,0.161,0,5,610
2025-03-23,NORTH-01,standard,6376,0.088,0.069,0,6,250
2025-03-23,NORTH-01,priority,5681,0.299,0.369,0,6,492
2025-03-23,NORTH-01,economy,4562,0.308,0.105,0,6,202
2025-03-23,NORTH-02,standard,6327,0.335,0.063,0,6,505
2025-03-23,NORTH-02,priority,5571,0.121,0.092,0,6,240
2025-03-23,NORTH-02,economy,4577,0.199,0.077,0,6,382
2025-03-23,CENTRAL-01,standard,5923,0.254,0.127,0,6,498
2025-03-23,CENTRAL-01,priority,6290,0.126,0.315,0,6,384
2025-03-23,CENTRAL-01,economy,7002,0.128,0.169,0,6,348
2025-03-23,SOUTH-01,standard,7505,0.333,0.157,0,6,173
2025-03-23,SOUTH-01,priority,6232,0.413,0.177,0,6,475
2025-03-23,SOUTH-01,economy,4753,0.197,0.058,0,6,541
2025-03-23,SOUTH-02,standard,7309,0.153,0.101,0,6,575
2025-03-23,SOUTH-02,priority,6928,0.121,0.202,0,6,237
2025-03-23,SOUTH-02,economy,6058,0.288,0.238,0,6,357
2025-03-23,WEST-01,standard,8863,0.192,0.186,0,6,407
2025-03-23,WEST-01,priority,7003,0.14,0.136,0,6,183
2025-03-23,WEST-01,economy,6800,0.196,0.192,0,6,376
2025-03-24,NORTH-01,standard,6946,0.072,0.17,0,0,445
2025-03-24,NORTH-01,priority,6691,0.219,0.182,0,0,449
2025-03-24,NORTH-01,economy,5729,0.238,0.011,0,0,316
2025-03-24,NORTH-02,standard,7924,0.19,0.048,0,0,120
2025-03-24,NORTH-02,priority,5644,0.359,0.184,0,0,593
2025-03-24,NORTH-02,economy,5522,0.242,0.0,0,0,409
2025-03-24,CENTRAL-01,standard,6275,0.386,0.117,0,0,543
2025-03-24,CENTRAL-01,priority,6895,0.24,0.0,0,0,440
2025-03-24,CENTRAL-01,economy,6068,0.141,0.084,0,0,322
2025-03-24,SOUTH-01,standard,7181,0.223,0.213,0,0,426
2025-03-24,SOUTH-01,priority,7216,0.239,0.164,0,0,566
2025-03-24,SOUTH-01,economy,6585,0.341,0.121,0,0,470
2025-03-24,SOUTH-02,standard,7813,0.334,0.085,0,0,447
2025-03-24,SOUTH-02,priority,7441,0.045,0.0,0,0,453
2025-03-24,SOUTH-02,economy,6941,0.366,0.093,0,0,406
2025-03-24,WEST-01,standard,9040,0.102,0.092,0,0,307
2025-03-24,WEST-01,priority,8480,0.088,0.134,0,0,252
2025-03-24,WEST-01,economy,7260,0.164,0.047,0,0,492
2025-03-25,NORTH-01,standard,6898,0.171,0.284,0,1,503
2025-03-25,NORTH-01,priority,5494,0.275,0.149,0,1,332
2025-03-25,NORTH-01,economy,5579,0.116,0.104,0,1,173
2025-03-25,NORTH-02,standard,7070,0.075,0.069,0,1,299
2025-03-25,NORTH-02,priority,6466,0.096,0.161,0,1,374
2025-03-25,NORTH-02,economy,6838,0.046,0.084,0,1,301
2025-03-25,CENTRAL-01,standard,7512,0.0,0.177,0,1,434
2025-03-25,CENTRAL-01,priority,7016,0.169,0.194,0,1,363
2025-03-25,CENTRAL-01,economy,5505,0.318,0.0,0,1,246
2025-03-25,SOUTH-01,standard,7915,0.0,0.112,0,1,534
2025-03-25,SOUTH-01,priority,7252,0.169,0.133,0,1,271
2025-03-25,SOUTH-01,economy,6319,0.287,0.247,0,1,563
2025-03-25,SOUTH-02,standard,8669,0.099,0.09,0,1,507
2025-03-25,SOUTH-02,priority,8319,0.171,0.122,0,1,354
2025-03-25,SOUTH-02,economy,6849,0.172,0.286,0,1,330
2025-03-25,WEST-01,standard,9221,0.303,0.192,0,1,297
2025-03-25,WEST-01,priority,9175,0.219,0.127,0,1,552
2025-03-25,WEST-01,economy,7717,0.177,0.173,0,1,495
2025-03-26,NORTH-01,standard,5528,0.077,0.259,0,2,370
2025-03-26,NORTH-01,priority,5743,0.081,0.153,0,2,146
2025-03-26,NORTH-01,economy,4372,0.16,0.035,0,2,138
2025-03-26,NORTH-02,standard,6539,0.199,0.116,0,2,523
2025-03-26,NORTH-02,priority,6334,0.181,0.221,0,2,259
2025-03-26,NORTH-02,economy,4475,0.352,0.147,0,2,350
2025-03-26,CENTRAL-01,standard,6120,0.171,0.037,0,2,560
2025-03-26,CENTRAL-01,priority,6038,0.213,0.269,0,2,264
2025-03-26,CENTRAL-01,economy,5906,0.0,0.227,0,2,308
2025-03-26,SOUTH-01,standard,7269,0.085,0.24,0,2,378
2025-03-26,SOUTH-01,priority,6780,0.108,0.117,0,2,213
2025-03-26,SOUTH-01,economy,5956,0.19,0.226,0,2,485
2025-03-26,SOUTH-02,standard,7295,0.341,0.222,0,2,394
2025-03-26,SOUTH-02,priority,6659,0.221,0.112,0,2,312
2025-03-26,SOUTH-02,economy,6482,0.485,0.128,0,2,270
2025-03-26,WEST-01,standard,7806,0.384,0.12,0,2,194
2025-03-26,WEST-01,priority,6899,0.314,0.257,0,2,527
2025-03-26,WEST-01,economy,6852,0.02,0.201,0,2,545
2025-03-27,NORTH-01,standard,6442,0.21,0.225,0,3,338
2025-03-27,NORTH-01,priority,5002,0.177,0.061,0,3,561
2025-03-27,NORTH-01,economy,5116,0.271,0.066,0,3,380
2025-03-27,NORTH-02,standard,6422,0.28,0.189,0,3,132
2025-03-27,NORTH-02,priority,5786,0.313,0.0,0,3,365
2025-03-27,NORTH-02,economy,5410,0.28,0.163,0,3,344
2025-03-27,CENTRAL-01,standard,7516,0.214,0.182,0,3,477
2025-03-27,CENTRAL-01,priority,6433,0.022,0.105,0,3,524
2025-03-27,CENTRAL-01,economy,5852,0.093,0.329,0,3,406
2025-03-27,SOUTH-01,standard,7206,0.03,0.239,0,3,306
2025-03-27,SOUTH-01,priority,6895,0.142,0.261,0,3,280
2025-03-27,SOUTH-01,economy,6005,0.116,0.263,0,3,427
2025-03-27,SOUTH-02,standard,7833,0.277,0.0,0,3,312
2025-03-27,SOUTH-02,priority,7757,0.137,0.273,0,3,471
2025-03-27,SOUTH-02,economy,6956,0.267,0.228,0,3,575
2025-03-27,WEST-01,standard,7814,0.193,0.091,0,3,429
2025-03-27,WEST-01,priority,7474,0.174,0.069,0,3,216
2025-03-27,WEST-01,economy,6821,0.19,0.162,0,3,486
2025-03-28,NORTH-01,standard,5785,0.266,0.328,0,4,387
2025-03-28,NORTH-01,priority,4700,0.206,0.163,0,4,178
2025-03-28,NORTH-01,economy,4319,0.181,0.024,0,4,231
2025-03-28,NORTH-02,standard,5980,0.144,0.241,0,4,463
2025-03-28,NORTH-02,priority,5880,0.111,0.114,0,4,323
2025-03-28,NORTH-02,economy,4361,0.073,0.12,0,4,356
2025-03-28,CENTRAL-01,standard,7227,0.0,0.221,0,4,588
2025-03-28,CENTRAL-01,priority,5692,0.442,0.225,0,4,611
2025-03-28,CENTRAL-01,economy,6197,0.037,0.0,0,4,438
2025-03-28,SOUTH-01,standard,7406,0.0,0.042,0,4,297
2025-03-28,SOUTH-01,priority,7705,0.093,0.307,0,4,428
2025-03-28,SOUTH-01,economy,5778,0.162,0.222,0,4,85
2025-03-28,SOUTH-02,standard,8103,0.0,0.144,0,4,425
2025-03-28,SOUTH-02,priority,7543,0.277,0.223,0,4,428
2025-03-28,SOUTH-02,economy,6196,0.213,0.147,0,4,177
2025-03-28,WEST-01,standard,7658,0.321,0.119,0,4,344
2025-03-28,WEST-01,priority,7741,0.019,0.143,0,4,327
2025-03-28,WEST-01,economy,5975,0.305,0.121,0,4,524
2025-03-29,NORTH-01,standard,6297,0.204,0.219,0,5,255
2025-03-29,NORTH-01,priority,6170,0.117,0.233,0,5,372
2025-03-29,NORTH-01,economy,4592,0.105,0.285,0,5,357
2025-03-29,NORTH-02,standard,5965,0.129,0.172,0,5,313
2025-03-29,NORTH-02,priority,5872,0.105,0.203,0,5,461
2025-03-29,NORTH-02,economy,5380,0.081,0.133,0,5,444
2025-03-29,CENTRAL-01,standard,6566,0.007,0.175,0,5,486
2025-03-29,CENTRAL-01,priority,5435,0.403,0.0,0,5,374
2025-03-29,CENTRAL-01,economy,5607,0.18,0.225,0,5,284
2025-03-29,SOUTH-01,standard,6829,0.058,0.055,0,5,317
2025-03-29,SOUTH-01,priority,6199,0.226,0.137,0,5,244
2025-03-29,SOUTH-01,economy,5614,0.096,0.105,0,5,429
2025-03-29,SOUTH-02,standard,7784,0.344,0.056,0,5,496
2025-03-29,SOUTH-02,priority,7021,0.202,0.272,0,5,438
2025-03-29,SOUTH-02,economy,6524,0.195,0.154,0,5,381
2025-03-29,WEST-01,standard,7624,0.236,0.096,0,5,327
2025-03-29,WEST-01,priority,7336,0.136,0.231,0,5,478
2025-03-29,WEST-01,economy,7246,0.212,0.115,0,5,485
2025-03-30,NORTH-01,standard,5892,0.18,0.144,0,6,173
2025-03-30,NORTH-01,priority,4711,0.081,0.187,0,6,231
2025-03-30,NORTH-01,economy,5236,0.133,0.382,0,6,468
2025-03-30,NORTH-02,standard,5674,0.083,0.179,0,6,310
2025-03-30,NORTH-02,priority,5639,0.241,0.037,0,6,406
2025-03-30,NORTH-02,economy,4732,0.108,0.083,0,6,280
2025-03-30,CENTRAL-01,standard,6581,0.142,0.191,0,6,569
2025-03-30,CENTRAL-01,priority,5807,0.371,0.169,0,6,290
2025-03-30,CENTRAL-01,economy,5411,0.218,0.189,0,6,295
2025-03-30,SOUTH-01,standard,6879,0.222,0.156,0,6,399
2025-03-30,SOUTH-01,priority,6519,0.107,0.09,0,6,306
2025-03-30,SOUTH-01,economy,5930,0.092,0.234,0,6,579
2025-03-30,SOUTH-02,standard,7918,0.255,0.084,0,6,331
2025-03-30,SOUTH-02,priority,6998,0.417,0.168,0,6,393
2025-03-30,SOUTH-02,economy,5900,0.212,0.132,0,6,397
2025-03-30,WEST-01,standard,8428,0.303,0.055,0,6,504
2025-03-30,WEST-01,priority,8175,0.128,0.114,0,6,537
2025-03-30,WEST-01,economy,6856,0.317,0.13,0,6,427
2025-03-31,NORTH-01,standard,7258,0.159,0.159,0,0,589
2025-03-31,NORTH-01,priority,6728,0.15,0.045,0,0,580
2025-03-31,NORTH-01,economy,5796,0.228,0.293,0,0,244
2025-03-31,NORTH-02,standard,7203,0.023,0.044,0,0,340
2025-03-31,NORTH-02,priority,6984,0.111,0.141,0,0,323
2025-03-31,NORTH-02,economy,6368,0.094,0.112,0,0,362
2025-03-31,CENTRAL-01,standard,8941,0.214,0.274,0,0,525
2025-03-31,CENTRAL-01,priority,6980,0.245,0.055,0,0,396
2025-03-31,CENTRAL-01,economy,6331,0.287,0.119,0,0,442
2025-03-31,SOUTH-01,standard,8535,0.408,0.275,0,0,523
2025-03-31,SOUTH-01,priority,7227,0.128,0.208,0,0,372
2025-03-31,SOUTH-01,economy,6769,0.393,0.193,0,0,425
2025-03-31,SOUTH-02,standard,7774,0.169,0.0,0,0,487
2025-03-31,SOUTH-02,priority,7435,0.07,0.141,0,0,316
2025-03-31,SOUTH-02,economy,7807,0.179,0.224,0,0,326
2025-03-31,WEST-01,standard,8760,0.217,0.036,0,0,557
2025-03-31,WEST-01,priority,8782,0.172,0.255,0,0,472
2025-03-31,WEST-01,economy,7033,0.15,0.107,0,0,235
2025-04-01,NORTH-01,standard,6353,0.299,0.271,0,1,378
2025-04-01,NORTH-01,priority,6317,0.0,0.072,0,1,307
2025-04-01,NORTH-01,economy,5837,0.0,0.288,0,1,222
2025-04-01,NORTH-02,standard,7349,0.195,0.144,0,1,359
2025-04-01,NORTH-02,priority,6080,0.218,0.225,0,1,279
2025-04-01,NORTH-02,economy,5773,0.281,0.106,0,1,296
2025-04-01,CENTRAL-01,standard,7090,0.131,0.111,0,1,447
2025-04-01,CENTRAL-01,priority,7270,0.307,0.136,0,1,339
2025-04-01,CENTRAL-01,economy,6663,0.114,0.183,0,1,366
2025-04-01,SOUTH-01,standard,7724,0.261,0.047,0,1,527
2025-04-01,SOUTH-01,priority,7842,0.295,0.217,0,1,370
2025-04-01,SOUTH-01,economy,7217,0.0,0.129,0,1,492
2025-04-01,SOUTH-02,standard,8079,0.117,0.073,0,1,357
2025-04-01,SOUTH-02,priority,7993,0.0,0.108,0,1,408
2025-04-01,SOUTH-02,economy,6970,0.14,0.095,0,1,322
2025-04-01,WEST-01,standard,10167,0.265,0.15,0,1,445
2025-04-01,WEST-01,priority,8075,0.233,0.125,0,1,609
2025-04-01,WEST-01,economy,6961,0.3,0.01,0,1,372
2025-04-02,NORTH-01,standard,5818,0.118,0.029,0,2,129
2025-04-02,NORTH-01,priority,5671,0.195,0.208,0,2,332
2025-04-02,NORTH-01,economy,4850,0.361,0.177,0,2,237
2025-04-02,NORTH-02,standard,6792,0.363,0.15,0,2,546
2025-04-02,NORTH-02,priority,5612,0.211,0.182,0,2,250
2025-04-02,NORTH-02,economy,4365,0.251,0.194,0,2,301
2025-04-02,CENTRAL-01,standard,7082,0.284,0.267,0,2,210
2025-04-02,CENTRAL-01,priority,6772,0.053,0.122,0,2,310
2025-04-02,CENTRAL-01,economy,5532,0.307,0.1,0,2,233
2025-04-02,SOUTH-01,standard,7669,0.157,0.059,0,2,326
2025-04-02,SOUTH-01,priority,6498,0.0,0.02,0,2,319
2025-04-02,SOUTH-01,economy,6311,0.258,0.131,0,2,323
2025-04-02,SOUTH-02,standard,6747,0.303,0.074,0,2,283
2025-04-02,SOUTH-02,priority,7136,0.045,0.051,0,2,362
2025-04-02,SOUTH-02,economy,5674,0.197,0.192,0,2,418
2025-04-02,WEST-01,standard,7293,0.035,0.104,0,2,477
2025-04-02,WEST-01,priority,6963,0.0,0.054,0,2,373
2025-04-02,WEST-01,economy,6829,0.161,0.215,0,2,500
2025-04-03,NORTH-01,standard,5450,0.226,0.074,0,3,524
2025-04-03,NORTH-01,priority,5597,0.327,0.216,0,3,403
2025-04-03,NORTH-01,economy,5308,0.22,0.154,0,3,283
2025-04-03,NORTH-02,standard,5499,0.209,0.013,0,3,562
2025-04-03,NORTH-02,priority,5621,0.254,0.133,0,3,185
2025-04-03,NORTH-02,economy,4833,0.129,0.033,0,3,406
2025-04-03,CENTRAL-01,standard,6960,0.234,0.277,0,3,91
2025-04-03,CENTRAL-01,priority,5880,0.414,0.083,0,3,368
2025-04-03,CENTRAL-01,economy,5493,0.209,0.154,0,3,186
2025-04-03,SOUTH-01,standard,6964,0.49,0.202,0,3,609
2025-04-03,SOUTH-01,priority,6506,0.051,0.219,0,3,423
2025-04-03,SOUTH-01,economy,5082,0.231,0.0,0,3,522
2025-04-03,SOUTH-02,standard,8364,0.15,0.31,0,3,404
2025-04-03,SOUTH-02,priority,8048,0.143,0.282,0,3,387
2025-04-03,SOUTH-02,economy,6788,0.365,0.232,0,3,395
2025-04-03,WEST-01,standard,7436,0.099,0.066,0,3,632
2025-04-03,WEST-01,priority,7702,0.181,0.058,0,3,353
2025-04-03,WEST-01,economy,6494,0.102,0.315,0,3,403
2025-04-04,NORTH-01,standard,5242,0.109,0.09,0,4,344
2025-04-04,NORTH-01,priority,5381,0.075,0.197,0,4,303
2025-04-04,NORTH-01,economy,5173,0.076,0.264,0,4,253
2025-04-04,NORTH-02,standard,6735,0.017,0.0,0,4,491
2025-04-04,NORTH-02,priority,5891,0.306,0.14,0,4,479
2025-04-04,NORTH-02,economy,4619,0.172,0.121,0,4,369
2025-04-04,CENTRAL-01,standard,6505,0.247,0.117,0,4,349
2025-04-04,CENTRAL-01,priority,5421,0.275,0.04,0,4,212
2025-04-04,CENTRAL-01,economy,5086,0.162,0.175,0,4,441
2025-04-04,SOUTH-01,standard,7513,0.356,0.183,0,4,295
2025-04-04,SOUTH-01,priority,6669,0.073,0.191,0,4,272
2025-04-04,SOUTH-01,economy,6088,0.351,0.174,0,4,281
2025-04-04,SOUTH-02,standard,7819,0.382,0.138,0,4,344
2025-04-04,SOUTH-02,priority,7843,0.2,0.195,0,4,362
2025-04-04,SOUTH-02,economy,5791,0.204,0.197,0,4,92
2025-04-04,WEST-01,standard,8943,0.06,0.227,0,4,337
2025-04-04,WEST-01,priority,7445,0.034,0.273,0,4,358
2025-04-04,WEST-01,economy,7142,0.355,0.254,0,4,188
2025-04-05,NORTH-01,standard,6250,0.029,0.24,0,5,274
2025-04-05,NORTH-01,priority,6039,0.139,0.239,0,5,360
2025-04-05,NORTH-01,economy,5240,0.098,0.128,0,5,496
2025-04-05,NORTH-02,standard,6680,0.203,0.108,0,5,575
2025-04-05,NORTH-02,priority,6298,0.006,0.131,0,5,377
2025-04-05,NORTH-02,economy,5286,0.121,0.165,0,5,203
2025-04-05,CENTRAL-01,standard,6550,0.191,0.179,0,5,282
2025-04-05,CENTRAL-01,priority,6427,0.115,0.072,0,5,254
2025-04-05,CENTRAL-01,economy,5135,0.203,0.12,0,5,498
2025-04-05,SOUTH-01,standard,6785,0.164,0.096,0,5,424
2025-04-05,SOUTH-01,priority,6506,0.279,0.252,0,5,347
2025-04-05,SOUTH-01,economy,5597,0.196,0.163,0,5,523
2025-04-05,SOUTH-02,standard,7818,0.183,0.193,0,5,463
2025-04-05,SOUTH-02,priority,8035,0.06,0.149,0,5,611
2025-04-05,SOUTH-02,economy,5364,0.199,0.121,0,5,281
2025-04-05,WEST-01,standard,7892,0.171,0.125,0,5,491
2025-04-05,WEST-01,priority,7488,0.06,0.172,0,5,298
2025-04-05,WEST-01,economy,6343,0.381,0.21,0,5,432
2025-04-06,NORTH-01,standard,6512,0.013,0.097,0,6,417
2025-04-06,NORTH-01,priority,5577,0.213,0.229,0,6,315
2025-04-06,NORTH-01,economy,4080,0.292,0.015,0,6,290
2025-04-06,NORTH-02,standard,5459,0.246,0.124,0,6,112
2025-04-06,NORTH-02,priority,5258,0.172,0.112,0,6,208
2025-04-06,NORTH-02,economy,5232,0.196,0.254,0,6,494
2025-04-06,CENTRAL-01,standard,7383,0.135,0.185,0,6,382
2025-04-06,CENTRAL-01,priority,6319,0.183,0.12,0,6,477
2025-04-06,CENTRAL-01,economy,4800,0.222,0.132,0,6,318
2025-04-06,SOUTH-01,standard,7254,0.157,0.169,0,6,586
2025-04-06,SOUTH-01,priority,5978,0.096,0.024,0,6,283
2025-04-06,SOUTH-01,economy,5185,0.31,0.046,0,6,385
2025-04-06,SOUTH-02,standard,6599,0.282,0.026,0,6,283
2025-04-06,SOUTH-02,priority,6599,0.259,0.161,0,6,466
2025-04-06,SOUTH-02,economy,5648,0.195,0.141,0,6,256
2025-04-06,WEST-01,standard,7374,0.415,0.123,0,6,355
2025-04-06,WEST-01,priority,7737,0.194,0.221,0,6,330
2025-04-06,WEST-01,economy,6538,0.333,0.215,0,6,360
2025-04-07,NORTH-01,standard,6177,0.252,0.236,0,0,373
2025-04-07,NORTH-01,priority,5856,0.176,0.104,0,0,482
2025-04-07,NORTH-01,economy,5445,0.244,0.319,0,0,359
2025-04-07,NORTH-02,standard,7828,0.217,0.222,0,0,426
2025-04-07,NORTH-02,priority,6689,0.049,0.093,0,0,515
2025-04-07,NORTH-02,economy,6319,0.006,0.056,0,0,214
2025-04-07,CENTRAL-01,standard,7774,0.045,0.241,0,0,377
2025-04-07,CENTRAL-01,priority,6227,0.344,0.065,0,0,562
2025-04-07,CENTRAL-01,economy,6304,0.208,0.204,0,0,356
2025-04-07,SOUTH-01,standard,8519,0.096,0.175,0,0,459
2025-04-07,SOUTH-01,priority,6953,0.307,0.203,0,0,371
2025-04-07,SOUTH-01,economy,7139,0.126,0.21,0,0,409
2025-04-07,SOUTH-02,standard,7942,0.302,0.001,0,0,356
2025-04-07,SOUTH-02,priority,7899,0.21,0.194,0,0,259
2025-04-07,SOUTH-02,economy,6604,0.229,0.16,0,0,342
2025-04-07,WEST-01,standard,8589,0.225,0.282,0,0,532
2025-04-07,WEST-01,priority,7782,0.051,0.048,0,0,486
2025-04-07,WEST-01,economy,7829,0.196,0.125,0,0,419
2025-04-08,NORTH-01,standard,6299,0.193,0.126,0,1,571
2025-04-08,NORTH-01,priority,5934,0.348,0.277,0,1,276
2025-04-08,NORTH-01,economy,5685,0.13,0.236,0,1,285
2025-04-08,NORTH-02,standard,6521,0.224,0.091,0,1,391
2025-04-08,NORTH-02,priority,5510,0.118,0.149,0,1,238
2025-04-08,NORTH-02,economy,5194,0.175,0.029,0,1,340
2025-04-08,CENTRAL-01,standard,7358,0.264,0.079,0,1,372
2025-04-08,CENTRAL-01,priority,7217,0.0,0.245,0,1,375
2025-04-08,CENTRAL-01,economy,6583,0.225,0.025,0,1,503
2025-04-08,SOUTH-01,standard,7957,0.197,0.187,0,1,522
2025-04-08,SOUTH-01,priority,7540,0.081,0.147,0,1,401
2025-04-08,SOUTH-01,economy,6880,0.308,0.325,0,1,442
2025-04-08,SOUTH-02,standard,8466,0.084,0.233,0,1,811
2025-04-08,SOUTH-02,priority,8666,0.0,0.322,0,1,305
2025-04-08,SOUTH-02,economy,6778,0.458,0.076,0,1,227
2025-04-08,WEST-01,standard,9282,0.162,0.146,0,1,751
2025-04-08,WEST-01,priority,8443,0.118,0.0,0,1,367
2025-04-08,WEST-01,economy,7165,0.398,0.147,0,1,273
2025-04-09,NORTH-01,standard,6396,0.255,0.128,0,2,346
2025-04-09,NORTH-01,priority,4234,0.35,0.04,0,2,406
2025-04-09,NORTH-01,economy,4233,0.124,0.129,0,2,176
2025-04-09,NORTH-02,standard,5789,0.256,0.148,0,2,448
2025-04-09,NORTH-02,priority,5968,0.321,0.141,0,2,238
2025-04-09,NORTH-02,economy,4686,0.249,0.163,0,2,566
2025-04-09,CENTRAL-01,standard,6659,0.208,0.103,0,2,275
2025-04-09,CENTRAL-01,priority,6034,0.041,0.114,0,2,264
2025-04-09,CENTRAL-01,economy,4891,0.33,0.089,0,2,184
2025-04-09,SOUTH-01,standard,7514,0.026,0.232,0,2,488
2025-04-09,SOUTH-01,priority,7020,0.302,0.123,0,2,315
2025-04-09,SOUTH-01,economy,6141,0.049,0.18,0,2,381
2025-04-09,SOUTH-02,standard,7627,0.302,0.158,0,2,571
2025-04-09,SOUTH-02,priority,6400,0.212,0.19,0,2,818
2025-04-09,SOUTH-02,economy,6223,0.0,0.107,0,2,619
2025-04-09,WEST-01,standard,7897,0.108,0.185,0,2,292
2025-04-09,WEST-01,priority,7358,0.248,0.092,0,2,475
2025-04-09,WEST-01,economy,6388,0.409,0.049,0,2,358
2025-04-10,NORTH-01,standard,6060,0.18,0.356,0,3,59
2025-04-10,NORTH-01,priority,5164,0.156,0.141,0,3,248
2025-04-10,NORTH-01,economy,5128,0.021,0.323,0,3,310
2025-04-10,NORTH-02,standard,6242,0.435,0.081,0,3,217
2025-04-10,NORTH-02,priority,5689,0.27,0.059,0,3,585
2025-04-10,NORTH-02,economy,4883,0.191,0.0,0,3,384
2025-04-10,CENTRAL-01,standard,7426,0.288,0.268,0,3,387
2025-04-10,CENTRAL-01,priority,5849,0.101,0.061,0,3,412
2025-04-10,CENTRAL-01,economy,5785,0.018,0.076,0,3,275
2025-04-10,SOUTH-01,standard,7165,0.224,0.085,0,3,302
2025-04-10,SOUTH-01,priority,6511,0.0,0.226,0,3,345
2025-04-10,SOUTH-01,economy,6195,0.097,0.194,0,3,430
2025-04-10,SOUTH-02,standard,7826,0.114,0.146,0,3,600
2025-04-10,SOUTH-02,priority,6955,0.217,0.07,0,3,368
2025-04-10,SOUTH-02,economy,6306,0.0,0.002,0,3,371
2025-04-10,WEST-01,standard,7753,0.145,0.221,0,3,246
2025-04-10,WEST-01,priority,7410,0.081,0.101,0,3,306
2025-04-10,WEST-01,economy,6812,0.0,0.0,0,3,248
2025-04-11,NORTH-01,standard,6751,0.0,0.2,0,4,371
2025-04-11,NORTH-01,priority,4285,0.212,0.172,0,4,415
2025-04-11,NORTH-01,economy,4503,0.329,0.297,0,4,178
2025-04-11,NORTH-02,standard,6578,0.343,0.19,0,4,299
2025-04-11,NORTH-02,priority,5551,0.213,0.066,0,4,304
2025-04-11,NORTH-02,economy,3965,0.461,0.194,0,4,298
2025-04-11,CENTRAL-01,standard,6187,0.224,0.112,0,4,444
2025-04-11,CENTRAL-01,priority,5840,0.065,0.196,0,4,291
2025-04-11,CENTRAL-01,economy,5456,0.295,0.189,0,4,340
2025-04-11,SOUTH-01,standard,6441,0.191,0.087,0,4,441
2025-04-11,SOUTH-01,priority,6549,0.364,0.198,0,4,231
2025-04-11,SOUTH-01,economy,6200,0.285,0.189,0,4,490
2025-04-11,SOUTH-02,standard,6773,0.37,0.061,0,4,400
2025-04-11,SOUTH-02,priority,7480,0.069,0.062,0,4,283
2025-04-11,SOUTH-02,economy,6222,0.179,0.019,0,4,508
2025-04-11,WEST-01,standard,7968,0.326,0.234,0,4,552
2025-04-11,WEST-01,priority,7477,0.232,0.115,0,4,510
2025-04-11,WEST-01,economy,6764,0.021,0.065,0,4,236
2025-04-12,NORTH-01,standard,6387,0.032,0.116,0,5,488
2025-04-12,NORTH-01,priority,6119,0.219,0.164,0,5,298
2025-04-12,NORTH-01,economy,4013,0.209,0.103,0,5,442
2025-04-12,NORTH-02,standard,6308,0.143,0.206,0,5,518
2025-04-12,NORTH-02,priority,6288,0.06,0.243,0,5,153
2025-04-12,NORTH-02,economy,5914,0.118,0.232,0,5,443
2025-04-12,CENTRAL-01,standard,6923,0.132,0.073,0,5,336
2025-04-12,CENTRAL-01,priority,6508,0.134,0.132,0,5,592
2025-04-12,CENTRAL-01,economy,5011,0.303,0.151,0,5,410
2025-04-12,SOUTH-01,standard,7177,0.38,0.23,0,5,336
2025-04-12,SOUTH-01,priority,6725,0.221,0.242,0,5,369
2025-04-12,SOUTH-01,economy,5888,0.098,0.357,0,5,238
2025-04-12,SOUTH-02,standard,7991,0.2,0.134,0,5,546
2025-04-12,SOUTH-02,priority,6667,0.034,0.09,0,5,474
2025-04-12,SOUTH-02,economy,6366,0.231,0.12,0,5,235
2025-04-12,WEST-01,standard,8040,0.091,0.046,0,5,438
2025-04-12,WEST-01,priority,8001,0.062,0.184,0,5,296
2025-04-12,WEST-01,economy,6873,0.141,0.191,0,5,221
2025-04-13,NORTH-01,standard,5809,0.127,0.112,0,6,338
2025-04-13,NORTH-01,priority,4349,0.368,0.133,0,6,321
2025-04-13,NORTH-01,economy,4251,0.39,0.137,0,6,270
2025-04-13,NORTH-02,standard,5580,0.25,0.125,0,6,266
2025-04-13,NORTH-02,priority,5506,0.172,0.193,0,6,309
2025-04-13,NORTH-02,economy,4949,0.185,0.088,0,6,384
2025-04-13,CENTRAL-01,standard,6441,0.038,0.175,0,6,244
2025-04-13,CENTRAL-01,priority,5608,0.1,0.259,0,6,292
2025-04-13,CENTRAL-01,economy,6438,0.177,0.243,0,6,322
2025-04-13,SOUTH-01,standard,7060,0.245,0.142,0,6,424
2025-04-13,SOUTH-01,priority,6897,0.0,0.146,0,6,283
2025-04-13,SOUTH-01,economy,5747,0.235,0.012,0,6,513
2025-04-13,SOUTH-02,standard,6927,0.154,0.072,0,6,434
2025-04-13,SOUTH-02,priority,6680,0.291,0.146,0,6,148
2025-04-13,SOUTH-02,economy,6013,0.195,0.095,0,6,554
2025-04-13,WEST-01,standard,8123,0.0,0.017,0,6,377
2025-04-13,WEST-01,priority,7601,0.118,0.172,0,6,291
2025-04-13,WEST-01,economy,6929,0.109,0.154,0,6,445
2025-04-14,NORTH-01,standard,7278,0.11,0.178,0,0,403
2025-04-14,NORTH-01,priority,5890,0.168,0.131,0,0,244
2025-04-14,NORTH-01,economy,5245,0.144,0.186,0,0,328
2025-04-14,NORTH-02,standard,7714,0.157,0.292,0,0,496
2025-04-14,NORTH-02,priority,7016,0.29,0.106,0,0,409
2025-04-14,NORTH-02,economy,5686,0.175,0.053,0,0,138
2025-04-14,CENTRAL-01,standard,7443,0.15,0.104,0,0,236
2025-04-14,CENTRAL-01,priority,7715,0.264,0.197,0,0,610
2025-04-14,CENTRAL-01,economy,6597,0.199,0.232,0,0,326
2025-04-14,SOUTH-01,standard,9882,0.147,0.201,0,0,616
2025-04-14,SOUTH-01,priority,7673,0.21,0.189,0,0,399
2025-04-14,SOUTH-01,economy,6310,0.271,0.138,0,0,427
2025-04-14,SOUTH-02,standard,8551,0.254,0.138,0,0,551
2025-04-14,SOUTH-02,priority,7545,0.174,0.114,0,0,375
2025-04-14,SOUTH-02,economy,7227,0.364,0.134,0,0,357
2025-04-14,WEST-01,standard,8930,0.131,0.08,0,0,385
2025-04-14,WEST-01,priority,8145,0.333,0.141,0,0,402
2025-04-14,WEST-01,economy,7364,0.225,0.269,0,0,434
2025-04-15,NORTH-01,standard,7022,0.0,0.248,0,1,211
2025-04-15,NORTH-01,priority,5683,0.027,0.215,0,1,383
2025-04-15,NORTH-01,economy,5287,0.129,0.134,0,1,224
2025-04-15,NORTH-02,standard,7200,0.122,0.196,0,1,446
2025-04-15,NORTH-02,priority,6855,0.151,0.199,0,1,320
2025-04-15,NORTH-02,economy,5830,0.066,0.226,0,1,414
2025-04-15,CENTRAL-01,standard,7774,0.184,0.113,0,1,577
2025-04-15,CENTRAL-01,priority,7649,0.255,0.16,0,1,208
2025-04-15,CENTRAL-01,economy,7073,0.047,0.113,0,1,505
2025-04-15,SOUTH-01,standard,7635,0.0,0.115,0,1,404
2025-04-15,SOUTH-01,priority,7566,0.288,0.228,0,1,355
2025-04-15,SOUTH-01,economy,7897,0.169,0.205,0,1,274
2025-04-15,SOUTH-02,standard,8700,0.371,0.17,0,1,463
2025-04-15,SOUTH-02,priority,7492,0.349,0.176,0,1,458
2025-04-15,SOUTH-02,economy,6270,0.315,0.15,0,1,354
2025-04-15,WEST-01,standard,8710,0.192,0.146,0,1,600
2025-04-15,WEST-01,priority,8530,0.0,0.158,0,1,687
2025-04-15,WEST-01,economy,7792,0.178,0.186,0,1,425
2025-04-16,NORTH-01,standard,5303,0.392,0.061,0,2,429
2025-04-16,NORTH-01,priority,5179,0.211,0.127,0,2,445
2025-04-16,NORTH-01,economy,4621,0.238,0.093,0,2,312
2025-04-16,NORTH-02,standard,5724,0.236,0.124,0,2,432
2025-04-16,NORTH-02,priority,5224,0.246,0.263,0,2,328
2025-04-16,NORTH-02,economy,4412,0.152,0.118,0,2,184
2025-04-16,CENTRAL-01,standard,6318,0.212,0.11,0,2,541
2025-04-16,CENTRAL-01,priority,5231,0.465,0.145,0,2,384
2025-04-16,CENTRAL-01,economy,5705,0.0,0.042,0,2,185
2025-04-16,SOUTH-01,standard,7082,0.144,0.031,0,2,527
2025-04-16,SOUTH-01,priority,6276,0.106,0.148,0,2,278
2025-04-16,SOUTH-01,economy,5509,0.08,0.213,0,2,305
2025-04-16,SOUTH-02,standard,7836,0.229,0.223,0,2,406
2025-04-16,SOUTH-02,priority,6774,0.112,0.224,0,2,280
2025-04-16,SOUTH-02,economy,6421,0.342,0.179,0,2,444
2025-04-16,WEST-01,standard,8006,0.169,0.035,0,2,417
2025-04-16,WEST-01,priority,7379,0.077,0.063,0,2,238
2025-04-16,WEST-01,economy,6733,0.163,0.129,0,2,430
2025-04-17,NORTH-01,standard,6113,0.255,0.093,0,3,337
2025-04-17,NORTH-01,priority,4341,0.39,0.103,0,3,410
2025-04-17,NORTH-01,economy,4850,0.231,0.246,0,3,606
2025-04-17,NORTH-02,standard,6220,0.157,0.234,0,3,425
2025-04-17,NORTH-02,priority,6032,0.261,0.217,0,3,0
2025-04-17,NORTH-02,economy,4867,0.172,0.104,0,3,292
2025-04-17,CENTRAL-01,standard,6447,0.297,0.166,0,3,197
2025-04-17,CENTRAL-01,priority,5841,0.364,0.098,0,3,611
2025-04-17,CENTRAL-01,economy,5643,0.106,0.128,0,3,156
2025-04-17,SOUTH-01,standard,7102,0.0,0.111,0,3,409
2025-04-17,SOUTH-01,priority,5799,0.063,0.185,0,3,345
2025-04-17,SOUTH-01,economy,5861,0.223,0.176,0,3,276
2025-04-17,SOUTH-02,standard,7498,0.157,0.249,0,3,522
2025-04-17,SOUTH-02,priority,6636,0.316,0.011,0,3,261
2025-04-17,SOUTH-02,economy,6806,0.0,0.213,0,3,415
2025-04-17,WEST-01,standard,7624,0.05,0.167,0,3,417
2025-04-17,WEST-01,priority,7440,0.101,0.234,0,3,430
2025-04-17,WEST-01,economy,6807,0.208,0.144,0,3,420
2025-04-18,NORTH-01,standard,6387,0.072,0.182,0,4,419
2025-04-18,NORTH-01,priority,5170,0.137,0.164,0,4,320
2025-04-18,NORTH-01,economy,5726,0.037,0.26,0,4,267
2025-04-18,NORTH-02,standard,5976,0.274,0.267,0,4,100
2025-04-18,NORTH-02,priority,5314,0.362,0.149,0,4,345
2025-04-18,NORTH-02,economy,5190,0.136,0.387,0,4,374
2025-04-18,CENTRAL-01,standard,7197,0.335,0.253,0,4,344
2025-04-18,CENTRAL-01,priority,5925,0.162,0.0,0,4,361
2025-04-18,CENTRAL-01,economy,5905,0.269,0.294,0,4,485
2025-04-18,SOUTH-01,standard,7312,0.178,0.253,0,4,536
2025-04-18,SOUTH-01,priority,5862,0.277,0.181,0,4,487
2025-04-18,SOUTH-01,economy,6098,0.225,0.206,0,4,421
2025-04-18,SOUTH-02,standard,7616,0.336,0.112,0,4,315
2025-04-18,SOUTH-02,priority,6685,0.249,0.17,0,4,391
2025-04-18,SOUTH-02,economy,6540,0.112,0.12,0,4,408
2025-04-18,WEST-01,standard,8109,0.0,0.18,0,4,373
2025-04-18,WEST-01,priority,7315,0.045,0.146,0,4,552
2025-04-18,WEST-01,economy,6430,0.0,0.073,0,4,403
2025-04-19,NORTH-01,standard,5352,0.321,0.19,0,5,289
2025-04-19,NORTH-01,priority,5218,0.083,0.191,0,5,167
2025-04-19,NORTH-01,economy,4637,0.25,0.251,0,5,333
2025-04-19,NORTH-02,standard,5516,0.0,0.0,0,5,340
2025-04-19,NORTH-02,priority,5703,0.143,0.194,0,5,469
2025-04-19,NORTH-02,economy,4531,0.285,0.124,0,5,85
2025-04-19,CENTRAL-01,standard,5871,0.352,0.075,0,5,371
2025-04-19,CENTRAL-01,priority,6161,0.001,0.16,0,5,475
2025-04-19,CENTRAL-01,economy,5615,0.28,0.238,0,5,245
2025-04-19,SOUTH-01,standard,8075,0.056,0.108,0,5,392
2025-04-19,SOUTH-01,priority,6800,0.199,0.271,0,5,294
2025-04-19,SOUTH-01,economy,5938,0.268,0.116,0,5,419
2025-04-19,SOUTH-02,standard,8353,0.121,0.165,0,5,355
2025-04-19,SOUTH-02,priority,7544,0.338,0.103,0,5,303
2025-04-19,SOUTH-02,economy,7214,0.133,0.271,0,5,494
2025-04-19,WEST-01,standard,8164,0.05,0.157,0,5,322
2025-04-19,WEST-01,priority,6724,0.264,0.088,0,5,187
2025-04-19,WEST-01,economy,6357,0.385,0.109,0,5,247
2025-04-20,NORTH-01,standard,5099,0.344,0.04,0,6,294
2025-04-20,NORTH-01,priority,5054,0.177,0.203,0,6,516
2025-04-20,NORTH-01,economy,4158,0.1,0.069,0,6,211
2025-04-20,NORTH-02,standard,6101,0.04,0.21,0,6,347
2025-04-20,NORTH-02,priority,6158,0.056,0.056,0,6,557
2025-04-20,NORTH-02,economy,4236,0.332,0.032,0,6,544
2025-04-20,CENTRAL-01,standard,7095,0.149,0.04,0,6,400
2025-04-20,CENTRAL-01,priority,5744,0.248,0.0,0,6,466
2025-04-20,CENTRAL-01,economy,5150,0.103,0.249,0,6,320
2025-04-20,SOUTH-01,standard,7001,0.377,0.058,0,6,460
2025-04-20,SOUTH-01,priority,6157,0.191,0.13,0,6,388
2025-04-20,SOUTH-01,economy,6269,0.168,0.035,0,6,258
2025-04-20,SOUTH-02,standard,7328,0.011,0.102,0,6,368
2025-04-20,SOUTH-02,priority,7749,0.031,0.186,0,6,425
2025-04-20,SOUTH-02,economy,6528,0.007,0.077,0,6,139
2025-04-20,WEST-01,standard,8057,0.032,0.018,0,6,681
2025-04-20,WEST-01,priority,7401,0.029,0.215,0,6,243
2025-04-20,WEST-01,economy,7020,0.368,0.323,0,6,434
2025-04-21,NORTH-01,standard,6913,0.187,0.138,0,0,468
2025-04-21,NORTH-01,priority,5993,0.38,0.108,0,0,349
2025-04-21,NORTH-01,economy,6125,0.303,0.342,0,0,459
2025-04-21,NORTH-02,standard,8264,0.289,0.251,0,0,225
2025-04-21,NORTH-02,priority,6749,0.252,0.0,0,0,448
2025-04-21,NORTH-02,economy,5847,0.114,0.0,0,0,382
2025-04-21,CENTRAL-01,standard,7219,0.172,0.1,0,0,390
2025-04-21,CENTRAL-01,priority,7166,0.084,0.215,0,0,188
2025-04-21,CENTRAL-01,economy,7113,0.201,0.183,0,0,504
2025-04-21,SOUTH-01,standard,7739,0.072,0.264,0,0,415
2025-04-21,SOUTH-01,priority,8319,0.27,0.267,0,0,582
2025-04-21,SOUTH-01,economy,7008,0.164,0.196,0,0,305
2025-04-21,SOUTH-02,standard,8975,0.166,0.294,0,0,696
2025-04-21,SOUTH-02,priority,8145,0.05,0.119,0,0,513
2025-04-21,SOUTH-02,economy,7697,0.166,0.214,0,0,244
2025-04-21,WEST-01,standard,9092,0.27,0.236,0,0,231
2025-04-21,WEST-01,priority,8031,0.147,0.185,0,0,531
2025-04-21,WEST-01,economy,7643,0.268,0.161,0,0,432
2025-04-22,NORTH-01,standard,6484,0.18,0.047,0,1,383
2025-04-22,NORTH-01,priority,6707,0.35,0.205,0,1,212
2025-04-22,NORTH-01,economy,5487,0.137,0.316,0,1,253
2025-04-22,NORTH-02,standard,7172,0.147,0.311,0,1,462
2025-04-22,NORTH-02,priority,6366,0.227,0.0,0,1,304
2025-04-22,NORTH-02,economy,5939,0.261,0.289,0,1,316
2025-04-22,CENTRAL-01,standard,6746,0.482,0.093,0,1,547
2025-04-22,CENTRAL-01,priority,8004,0.174,0.173,0,1,251
2025-04-22,CENTRAL-01,economy,6451,0.157,0.051,0,1,307
2025-04-22,SOUTH-01,standard,8287,0.039,0.209,0,1,278
2025-04-22,SOUTH-01,priority,6910,0.037,0.167,0,1,414
2025-04-22,SOUTH-01,economy,6503,0.341,0.203,0,1,408
2025-04-22,SOUTH-02,standard,8524,0.03,0.161,0,1,310
2025-04-22,SOUTH-02,priority,7140,0.255,0.0,0,1,266
2025-04-22,SOUTH-02,economy,7774,0.119,0.254,0,1,425
2025-04-22,WEST-01,standard,9512,0.187,0.149,0,1,247
2025-04-22,WEST-01,priority,8400,0.273,0.109,0,1,492
2025-04-22,WEST-01,economy,7206,0.268,0.277,0,1,516
2025-04-23,NORTH-01,standard,6709,0.172,0.113,0,2,465
2025-04-23,NORTH-01,priority,5396,0.13,0.227,0,2,289
2025-04-23,NORTH-01,economy,4492,0.107,0.174,0,2,333
2025-04-23,NORTH-02,standard,7070,0.286,0.159,0,2,393
2025-04-23,NORTH-02,priority,6297,0.342,0.228,0,2,605
2025-04-23,NORTH-02,economy,5226,0.0,0.171,0,2,350
2025-04-23,CENTRAL-01,standard,6281,0.132,0.107,0,2,380
2025-04-23,CENTRAL-01,priority,5846,0.292,0.111,0,2,271
2025-04-23,CENTRAL-01,economy,5742,0.061,0.131,0,2,503
2025-04-23,SOUTH-01,standard,7805,0.037,0.148,0,2,272
2025-04-23,SOUTH-01,priority,6682,0.332,0.115,0,2,354
2025-04-23,SOUTH-01,economy,6005,0.235,0.279,0,2,479
2025-04-23,SOUTH-02,standard,7445,0.213,0.087,0,2,378
2025-04-23,SOUTH-02,priority,7469,0.011,0.187,0,2,501
2025-04-23,SOUTH-02,economy,6062,0.352,0.226,0,2,315
2025-04-23,WEST-01,standard,7985,0.281,0.181,0,2,314
2025-04-23,WEST-01,priority,6720,0.116,0.197,0,2,100
2025-04-23,WEST-01,economy,6873,0.263,0.107,0,2,575
2025-04-24,NORTH-01,standard,5722,0.058,0.016,0,3,269
2025-04-24,NORTH-01,priority,5469,0.177,0.193,0,3,349
2025-04-24,NORTH-01,economy,4532,0.307,0.204,0,3,392
2025-04-24,NORTH-02,standard,6603,0.0,0.235,0,3,234
2025-04-24,NORTH-02,priority,5532,0.13,0.233,0,3,395
2025-04-24,NORTH-02,economy,4630,0.285,0.152,0,3,311
2025-04-24,CENTRAL-01,standard,6394,0.011,0.111,0,3,366
2025-04-24,CENTRAL-01,priority,6757,0.028,0.157,0,3,526
2025-04-24,CENTRAL-01,economy,5942,0.031,0.097,0,3,442
2025-04-24,SOUTH-01,standard,7238,0.106,0.111,0,3,177
2025-04-24,SOUTH-01,priority,6454,0.243,0.237,0,3,203
2025-04-24,SOUTH-01,economy,6113,0.35,0.168,0,3,204
2025-04-24,SOUTH-02,standard,8231,0.022,0.183,0,3,291
2025-04-24,SOUTH-02,priority,6553,0.168,0.023,0,3,345
2025-04-24,SOUTH-02,economy,6690,0.239,0.0,0,3,360
2025-04-24,WEST-01,standard,8334,0.335,0.206,0,3,672
2025-04-24,WEST-01,priority,7107,0.086,0.161,0,3,380
2025-04-24,WEST-01,economy,6680,0.266,0.24,0,3,235
2025-04-25,NORTH-01,standard,5561,0.189,0.082,0,4,427
2025-04-25,NORTH-01,priority,5166,0.238,0.217,0,4,456
2025-04-25,NORTH-01,economy,4166,0.182,0.127,0,4,54
2025-04-25,NORTH-02,standard,6129,0.0,0.167,0,4,166
2025-04-25,NORTH-02,priority,5955,0.13,0.172,0,4,355
2025-04-25,NORTH-02,economy,5306,0.173,0.107,0,4,317
2025-04-25,CENTRAL-01,standard,7202,0.171,0.233,0,4,373
2025-04-25,CENTRAL-01,priority,5290,0.141,0.123,0,4,470
2025-04-25,CENTRAL-01,economy,5694,0.098,0.218,0,4,517
2025-04-25,SOUTH-01,standard,6972,0.244,0.223,0,4,234
2025-04-25,SOUTH-01,priority,6167,0.198,0.0,0,4,222
2025-04-25,SOUTH-01,economy,6320,0.079,0.198,0,4,350
2025-04-25,SOUTH-02,standard,8548,0.218,0.107,0,4,472
2025-04-25,SOUTH-02,priority,7669,0.109,0.22,0,4,317
2025-04-25,SOUTH-02,economy,6127,0.01,0.052,0,4,357
2025-04-25,WEST-01,standard,8080,0.0,0.117,0,4,461
2025-04-25,WEST-01,priority,8154,0.253,0.182,0,4,555
2025-04-25,WEST-01,economy,6402,0.207,0.072,0,4,200
2025-04-26,NORTH-01,standard,6290,0.198,0.177,0,5,400
2025-04-26,NORTH-01,priority,4840,0.306,0.236,0,5,263
2025-04-26,NORTH-01,economy,4487,0.179,0.094,0,5,350
2025-04-26,NORTH-02,standard,5946,0.165,0.15,0,5,419
2025-04-26,NORTH-02,priority,5042,0.232,0.089,0,5,478
2025-04-26,NORTH-02,economy,4771,0.39,0.169,0,5,448
2025-04-26,CENTRAL-01,standard,7093,0.236,0.133,0,5,295
2025-04-26,CENTRAL-01,priority,6297,0.097,0.179,0,5,445
2025-04-26,CENTRAL-01,economy,5251,0.323,0.026,0,5,565
2025-04-26,SOUTH-01,standard,6240,0.108,0.093,0,5,379
2025-04-26,SOUTH-01,priority,6128,0.25,0.196,0,5,362
2025-04-26,SOUTH-01,economy,5470,0.207,0.154,0,5,353
2025-04-26,SOUTH-02,standard,7805,0.082,0.0,0,5,430
2025-04-26,SOUTH-02,priority,7144,0.251,0.107,0,5,516
2025-04-26,SOUTH-02,economy,6432,0.39,0.215,0,5,207
2025-04-26,WEST-01,standard,7574,0.167,0.036,0,5,641
2025-04-26,WEST-01,priority,7693,0.057,0.0,0,5,330
2025-04-26,WEST-01,economy,6430,0.272,0.056,0,5,516
2025-04-27,NORTH-01,standard,6148,0.021,0.136,0,6,278
2025-04-27,NORTH-01,priority,5480,0.209,0.151,0,6,565
2025-04-27,NORTH-01,economy,4371,0.501,0.187,0,6,364
2025-04-27,NORTH-02,standard,6177,0.152,0.023,0,6,495
2025-04-27,NORTH-02,priority,5525,0.004,0.071,0,6,390
2025-04-27,NORTH-02,economy,4790,0.465,0.085,0,6,324
2025-04-27,CENTRAL-01,standard,6592,0.144,0.146,0,6,706
2025-04-27,CENTRAL-01,priority,6510,0.27,0.114,0,6,406
2025-04-27,CENTRAL-01,economy,5390,0.187,0.135,0,6,195
2025-04-27,SOUTH-01,standard,7308,0.0,0.18,0,6,504
2025-04-27,SOUTH-01,priority,6882,0.073,0.062,0,6,351
2025-04-27,SOUTH-01,economy,6649,0.283,0.153,0,6,470
2025-04-27,SOUTH-02,standard,7541,0.229,0.214,0,6,209
2025-04-27,SOUTH-02,priority,6193,0.223,0.305,0,6,422
2025-04-27,SOUTH-02,economy,6573,0.0,0.148,0,6,466
2025-04-27,WEST-01,standard,8654,0.205,0.26,0,6,416
2025-04-27,WEST-01,priority,7077,0.311,0.125,0,6,247
2025-04-27,WEST-01,economy,5621,0.337,0.126,0,6,413
2025-04-28,NORTH-01,standard,6720,0.128,0.126,0,0,341
2025-04-28,NORTH-01,priority,6347,0.507,0.283,0,0,399
2025-04-28,NORTH-01,economy,5806,0.315,0.169,0,0,421
2025-04-28,NORTH-02,standard,7135,0.195,0.225,0,0,401
2025-04-28,NORTH-02,priority,5568,0.062,0.081,0,0,401
2025-04-28,NORTH-02,economy,5558,0.268,0.237,0,0,399
2025-04-28,CENTRAL-01,standard,7461,0.18,0.209,0,0,363
2025-04-28,CENTRAL-01,priority,7133,0.0,0.093,0,0,414
2025-04-28,CENTRAL-01,economy,6599,0.0,0.109,0,0,546
2025-04-28,SOUTH-01,standard,7996,0.079,0.189,0,0,366
2025-04-28,SOUTH-01,priority,7262,0.075,0.066,0,0,523
2025-04-28,SOUTH-01,economy,6929,0.089,0.077,0,0,388
2025-04-28,SOUTH-02,standard,8130,0.172,0.17,0,0,316
2025-04-28,SOUTH-02,priority,8031,0.298,0.138,0,0,567
2025-04-28,SOUTH-02,economy,7004,0.281,0.04,0,0,515
2025-04-28,WEST-01,standard,8225,0.243,0.165,0,0,352
2025-04-28,WEST-01,priority,8514,0.188,0.036,0,0,421
2025-04-28,WEST-01,economy,7696,0.0,0.105,0,0,395
2025-04-29,NORTH-01,standard,6134,0.35,0.196,0,1,185
2025-04-29,NORTH-01,priority,6641,0.148,0.16,0,1,586
2025-04-29,NORTH-01,economy,5718,0.394,0.115,0,1,402
2025-04-29,NORTH-02,standard,7223,0.049,0.0,0,1,217
2025-04-29,NORTH-02,priority,6728,0.078,0.095,0,1,535
2025-04-29,NORTH-02,economy,5069,0.182,0.107,0,1,387
2025-04-29,CENTRAL-01,standard,8094,0.183,0.106,0,1,279
2025-04-29,CENTRAL-01,priority,6856,0.098,0.13,0,1,451
2025-04-29,CENTRAL-01,economy,6689,0.236,0.234,0,1,366
2025-04-29,SOUTH-01,standard,8095,0.139,0.186,0,1,428
2025-04-29,SOUTH-01,priority,7561,0.241,0.161,0,1,311
2025-04-29,SOUTH-01,economy,6781,0.342,0.061,0,1,325
2025-04-29,SOUTH-02,standard,8493,0.31,0.221,0,1,621
2025-04-29,SOUTH-02,priority,7706,0.158,0.221,0,1,459
2025-04-29,SOUTH-02,economy,7364,0.068,0.152,0,1,506
2025-04-29,WEST-01,standard,8752,0.1,0.396,0,1,470
2025-04-29,WEST-01,priority,8139,0.215,0.193,0,1,453
2025-04-29,WEST-01,economy,7694,0.112,0.3,0,1,393
2025-04-30,NORTH-01,standard,5307,0.1,0.086,0,2,419
2025-04-30,NORTH-01,priority,4872,0.099,0.086,0,2,362
2025-04-30,NORTH-01,economy,4345,0.183,0.152,0,2,362
2025-04-30,NORTH-02,standard,6354,0.101,0.156,0,2,168
2025-04-30,NORTH-02,priority,5628,0.423,0.196,0,2,389
2025-04-30,NORTH-02,economy,5133,0.426,0.241,0,2,248
2025-04-30,CENTRAL-01,standard,6488,0.114,0.006,0,2,454
2025-04-30,CENTRAL-01,priority,5921,0.256,0.199,0,2,423
2025-04-30,CENTRAL-01,economy,5375,0.279,0.0,0,2,590
2025-04-30,SOUTH-01,standard,6697,0.145,0.0,0,2,163
2025-04-30,SOUTH-01,priority,6911,0.104,0.052,0,2,480
2025-04-30,SOUTH-01,economy,5802,0.221,0.248,0,2,362
2025-04-30,SOUTH-02,standard,7690,0.443,0.197,0,2,318
2025-04-30,SOUTH-02,priority,7655,0.13,0.07,0,2,222
2025-04-30,SOUTH-02,economy,5670,0.29,0.196,0,2,487
2025-04-30,WEST-01,standard,8103,0.149,0.044,0,2,324
2025-04-30,WEST-01,priority,7036,0.155,0.11,0,2,248
2025-04-30,WEST-01,economy,6870,0.276,0.176,0,2,342
2025-05-01,NORTH-01,standard,5510,0.186,0.091,0,3,550
2025-05-01,NORTH-01,priority,4505,0.286,0.105,0,3,111
2025-05-01,NORTH-01,economy,4794,0.104,0.159,0,3,341
2025-05-01,NORTH-02,standard,6829,0.22,0.067,0,3,361
2025-05-01,NORTH-02,priority,5749,0.215,0.098,0,3,601
2025-05-01,NORTH-02,economy,4728,0.061,0.061,0,3,281
2025-05-01,CENTRAL-01,standard,6697,0.117,0.067,0,3,568
2025-05-01,CENTRAL-01,priority,6296,0.162,0.142,0,3,446
2025-05-01,CENTRAL-01,economy,5400,0.345,0.169,0,3,223
2025-05-01,SOUTH-01,standard,6663,0.269,0.082,0,3,403
2025-05-01,SOUTH-01,priority,6466,0.365,0.208,0,3,256
2025-05-01,SOUTH-01,economy,5663,0.363,0.145,0,3,416
2025-05-01,SOUTH-02,standard,7323,0.126,0.09,0,3,320
2025-05-01,SOUTH-02,priority,7412,0.045,0.051,0,3,482
2025-05-01,SOUTH-02,economy,6693,0.081,0.221,0,3,341
2025-05-01,WEST-01,standard,9005,0.033,0.177,0,3,451
2025-05-01,WEST-01,priority,7694,0.3,0.133,0,3,392
2025-05-01,WEST-01,economy,6961,0.0,0.092,0,3,518
2025-05-02,NORTH-01,standard,5680,0.162,0.152,0,4,537
2025-05-02,NORTH-01,priority,4420,0.36,0.096,0,4,95
2025-05-02,NORTH-01,economy,4287,0.252,0.161,0,4,341
2025-05-02,NORTH-02,standard,6389,0.032,0.214,0,4,241
2025-05-02,NORTH-02,priority,5870,0.136,0.118,0,4,496
2025-05-02,NORTH-02,economy,4914,0.314,0.163,0,4,259
2025-05-02,CENTRAL-01,standard,6569,0.0,0.148,0,4,523
2025-05-02,CENTRAL-01,priority,6041,0.156,0.21,0,4,280
2025-05-02,CENTRAL-01,economy,5625,0.253,0.172,0,4,337
2025-05-02,SOUTH-01,standard,6262,0.275,0.202,0,4,336
2025-05-02,SOUTH-01,priority,5654,0.302,0.068,0,4,332
2025-05-02,SOUTH-01,economy,6398,0.242,0.113,0,4,593
2025-05-02,SOUTH-02,standard,6792,0.0,0.119,0,4,463
2025-05-02,SOUTH-02,priority,7515,0.098,0.112,0,4,246
2025-05-02,SOUTH-02,economy,6895,0.0,0.0,0,4,511
2025-05-02,WEST-01,standard,8311,0.145,0.048,0,4,759
2025-05-02,WEST-01,priority,7863,0.152,0.054,0,4,279
2025-05-02,WEST-01,economy,6542,0.136,0.0,0,4,222
2025-05-03,NORTH-01,standard,6002,0.331,0.072,0,5,347
2025-05-03,NORTH-01,priority,5304,0.195,0.192,0,5,261
2025-05-03,NORTH-01,economy,4008,0.083,0.191,0,5,501
2025-05-03,NORTH-02,standard,6402,0.196,0.123,0,5,300
2025-05-03,NORTH-02,priority,5782,0.159,0.059,0,5,344
2025-05-03,NORTH-02,economy,4888,0.202,0.269,0,5,311
2025-05-03,CENTRAL-01,standard,6978,0.0,0.194,0,5,391
2025-05-03,CENTRAL-01,priority,7156,0.161,0.104,0,5,399
2025-05-03,CENTRAL-01,economy,5754,0.216,0.059,0,5,337
2025-05-03,SOUTH-01,standard,7197,0.233,0.222,0,5,314
2025-05-03,SOUTH-01,priority,6415,0.0,0.119,0,5,235
2025-05-03,SOUTH-01,economy,5131,0.354,0.229,0,5,352
2025-05-03,SOUTH-02,standard,7417,0.082,0.179,0,5,337
2025-05-03,SOUTH-02,priority,7620,0.296,0.216,0,5,382
2025-05-03,SOUTH-02,economy,7027,0.005,0.224,0,5,466
2025-05-03,WEST-01,standard,8257,0.091,0.064,0,5,321
2025-05-03,WEST-01,priority,8656,0.143,0.383,0,5,534
2025-05-03,WEST-01,economy,7118,0.101,0.092,0,5,573
2025-05-04,NORTH-01,standard,5956,0.119,0.113,0,6,192
2025-05-04,NORTH-01,priority,5548,0.017,0.056,0,6,379
2025-05-04,NORTH-01,economy,3736,0.316,0.011,0,6,346
2025-05-04,NORTH-02,standard,6779,0.075,0.086,0,6,317
2025-05-04,NORTH-02,priority,5662,0.128,0.13,0,6,432
2025-05-04,NORTH-02,economy,5700,0.035,0.135,0,6,606
2025-05-04,CENTRAL-01,standard,6869,0.017,0.176,0,6,374
2025-05-04,CENTRAL-01,priority,6606,0.085,0.21,0,6,680
2025-05-04,CENTRAL-01,economy,6360,0.021,0.01,0,6,364
2025-05-04,SOUTH-01,standard,6682,0.125,0.165,0,6,425
2025-05-04,SOUTH-01,priority,7056,0.17,0.236,0,6,504
2025-05-04,SOUTH-01,economy,6341,0.203,0.278,0,6,306
2025-05-04,SOUTH-02,standard,7895,0.083,0.094,0,6,257
2025-05-04,SOUTH-02,priority,6383,0.199,0.083,0,6,240
2025-05-04,SOUTH-02,economy,6185,0.177,0.211,0,6,116
2025-05-04,WEST-01,standard,8222,0.559,0.239,0,6,622
2025-05-04,WEST-01,priority,7986,0.191,0.139,0,6,581
2025-05-04,WEST-01,economy,6321,0.254,0.221,0,6,338
2025-05-05,NORTH-01,standard,6093,0.384,0.214,0,0,299
2025-05-05,NORTH-01,priority,6146,0.365,0.186,0,0,389
2025-05-05,NORTH-01,economy,5177,0.17,0.108,0,0,456
2025-05-05,NORTH-02,standard,7516,0.209,0.207,0,0,574
2025-05-05,NORTH-02,priority,6725,0.235,0.216,0,0,268
2025-05-05,NORTH-02,economy,6369,0.153,0.197,0,0,545
2025-05-05,CENTRAL-01,standard,7689,0.125,0.168,0,0,605
2025-05-05,CENTRAL-01,priority,7035,0.225,0.182,0,0,364
2025-05-05,CENTRAL-01,economy,6536,0.006,0.049,0,0,382
2025-05-05,SOUTH-01,standard,8214,0.202,0.225,0,0,384
2025-05-05,SOUTH-01,priority,7368,0.155,0.17,0,0,528
2025-05-05,SOUTH-01,economy,6544,0.179,0.17,0,0,504
2025-05-05,SOUTH-02,standard,8408,0.353,0.041,0,0,419
2025-05-05,SOUTH-02,priority,6987,0.214,0.186,0,0,480
2025-05-05,SOUTH-02,economy,6897,0.313,0.248,0,0,383
2025-05-05,WEST-01,standard,8571,0.115,0.0,0,0,307
2025-05-05,WEST-01,priority,7730,0.22,0.019,0,0,349
2025-05-05,WEST-01,economy,8043,0.272,0.372,0,0,297
2025-05-06,NORTH-01,standard,6386,0.099,0.203,0,1,503
2025-05-06,NORTH-01,priority,5443,0.213,0.14,0,1,453
2025-05-06,NORTH-01,economy,5604,0.089,0.162,0,1,158
2025-05-06,NORTH-02,standard,6872,0.152,0.053,0,1,438
2025-05-06,NORTH-02,priority,6173,0.264,0.149,0,1,287
2025-05-06,NORTH-02,economy,5917,0.1,0.0,0,1,157
2025-05-06,CENTRAL-01,standard,7012,0.189,0.033,0,1,470
2025-05-06,CENTRAL-01,priority,6628,0.183,0.0,0,1,410
2025-05-06,CENTRAL-01,economy,6567,0.106,0.123,0,1,382
2025-05-06,SOUTH-01,standard,8091,0.061,0.152,0,1,629
2025-05-06,SOUTH-01,priority,7616,0.168,0.161,0,1,369
2025-05-06,SOUTH-01,economy,7183,0.094,0.187,0,1,645
2025-05-06,SOUTH-02,standard,8830,0.269,0.211,0,1,362
2025-05-06,SOUTH-02,priority,8237,0.029,0.07,0,1,597
2025-05-06,SOUTH-02,economy,7901,0.268,0.137,0,1,363
2025-05-06,WEST-01,standard,9654,0.042,0.17,0,1,368
2025-05-06,WEST-01,priority,8832,0.0,0.153,0,1,89
2025-05-06,WEST-01,economy,7785,0.297,0.041,0,1,173
2025-05-07,NORTH-01,standard,6646,0.003,0.199,0,2,378
2025-05-07,NORTH-01,priority,4498,0.467,0.068,0,2,278
2025-05-07,NORTH-01,economy,4428,0.138,0.173,0,2,380
2025-05-07,NORTH-02,standard,6240,0.245,0.279,0,2,407
2025-05-07,NORTH-02,priority,5569,0.253,0.149,0,2,99
2025-05-07,NORTH-02,economy,5130,0.19,0.198,0,2,240
2025-05-07,CENTRAL-01,standard,6995,0.0,0.186,0,2,556
2025-05-07,CENTRAL-01,priority,5708,0.006,0.112,0,2,474
2025-05-07,CENTRAL-01,economy,5811,0.329,0.304,0,2,449
2025-05-07,SOUTH-01,standard,7235,0.232,0.196,0,2,471
2025-05-07,SOUTH-01,priority,6385,0.437,0.167,0,2,395
2025-05-07,SOUTH-01,economy,5928,0.162,0.17,0,2,495
2025-05-07,SOUTH-02,standard,7728,0.305,0.323,0,2,446
2025-05-07,SOUTH-02,priority,7482,0.21,0.166,0,2,209
2025-05-07,SOUTH-02,economy,7116,0.235,0.31,0,2,543
2025-05-07,WEST-01,standard,7598,0.281,0.102,0,2,318
2025-05-07,WEST-01,priority,8278,0.043,0.226,0,2,480
2025-05-07,WEST-01,economy,7005,0.277,0.173,0,2,136
2025-05-08,NORTH-01,standard,5822,0.218,0.116,0,3,381
2025-05-08,NORTH-01,priority,4952,0.094,0.064,0,3,154
2025-05-08,NORTH-01,economy,4095,0.041,0.069,0,3,366
2025-05-08,NORTH-02,standard,6088,0.072,0.001,0,3,229
2025-05-08,NORTH-02,priority,4963,0.355,0.161,0,3,397
2025-05-08,NORTH-02,economy,5734,0.19,0.131,0,3,234
2025-05-08,CENTRAL-01,standard,6615,0.304,0.117,0,3,288
2025-05-08,CENTRAL-01,priority,5387,0.098,0.115,0,3,383
2025-05-08,CENTRAL-01,economy,5650,0.194,0.03,0,3,524
2025-05-08,SOUTH-01,standard,7666,0.1,0.087,0,3,458
2025-05-08,SOUTH-01,priority,6796,0.164,0.215,0,3,555
2025-05-08,SOUTH-01,economy,6471,0.178,0.184,0,3,80
2025-05-08,SOUTH-02,standard,7672,0.316,0.11,0,3,609
2025-05-08,SOUTH-02,priority,6980,0.143,0.114,0,3,215
2025-05-08,SOUTH-02,economy,6845,0.444,0.147,0,3,345
2025-05-08,WEST-01,standard,7693,0.184,0.226,0,3,398
2025-05-08,WEST-01,priority,7123,0.289,0.133,0,3,527
2025-05-08,WEST-01,economy,6546,0.348,0.275,0,3,306
2025-05-09,NORTH-01,standard,5537,0.123,0.207,0,4,209
2025-05-09,NORTH-01,priority,5651,0.094,0.075,0,4,447
2025-05-09,NORTH-01,economy,3643,0.122,0.134,0,4,234
2025-05-09,NORTH-02,standard,5702,0.329,0.109,0,4,516
2025-05-09,NORTH-02,priority,7214,0.046,0.274,0,4,383
2025-05-09,NORTH-02,economy,4086,0.329,0.016,0,4,206
2025-05-09,CENTRAL-01,standard,6610,0.279,0.15,0,4,223
2025-05-09,CENTRAL-01,priority,5719,0.165,0.099,0,4,230
2025-05-09,CENTRAL-01,economy,5441,0.203,0.092,0,4,130
2025-05-09,SOUTH-01,standard,7079,0.24,0.169,0,4,411
2025-05-09,SOUTH-01,priority,6369,0.292,0.034,0,4,214
2025-05-09,SOUTH-01,economy,5921,0.191,0.129,0,4,459
2025-05-09,SOUTH-02,standard,7490,0.278,0.237,0,4,489
2025-05-09,SOUTH-02,priority,6974,0.241,0.12,0,4,373
2025-05-09,SOUTH-02,economy,6186,0.347,0.215,0,4,316
2025-05-09,WEST-01,standard,8230,0.295,0.257,0,4,505
2025-05-09,WEST-01,priority,7323,0.336,0.136,0,4,458
2025-05-09,WEST-01,economy,6859,0.129,0.286,0,4,393
2025-05-10,NORTH-01,standard,5616,0.41,0.001,0,5,269
2025-05-10,NORTH-01,priority,5022,0.18,0.054,0,5,333
2025-05-10,NORTH-01,economy,3766,0.209,0.222,0,5,277
2025-05-10,NORTH-02,standard,6374,0.159,0.145,0,5,271
2025-05-10,NORTH-02,priority,5494,0.0,0.167,0,5,393
2025-05-10,NORTH-02,economy,5256,0.068,0.205,0,5,339
2025-05-10,CENTRAL-01,standard,6666,0.15,0.117,0,5,521
2025-05-10,CENTRAL-01,priority,6699,0.0,0.098,0,5,479
2025-05-10,CENTRAL-01,economy,4833,0.341,0.145,0,5,192
2025-05-10,SOUTH-01,standard,7209,0.144,0.211,0,5,356
2025-05-10,SOUTH-01,priority,6363,0.228,0.152,0,5,250
2025-05-10,SOUTH-01,economy,5526,0.294,0.234,0,5,297
2025-05-10,SOUTH-02,standard,7606,0.26,0.059,0,5,369
2025-05-10,SOUTH-02,priority,7184,0.034,0.292,0,5,458
2025-05-10,SOUTH-02,economy,7492,0.045,0.274,0,5,224
2025-05-10,WEST-01,standard,8022,0.16,0.256,0,5,469
2025-05-10,WEST-01,priority,7659,0.0,0.087,0,5,339
2025-05-10,WEST-01,economy,6990,0.137,0.029,0,5,228
2025-05-11,NORTH-01,standard,6021,0.365,0.095,0,6,444
2025-05-11,NORTH-01,priority,5156,0.062,0.104,0,6,287
2025-05-11,NORTH-01,economy,4584,0.024,0.193,0,6,303
2025-05-11,NORTH-02,standard,6037,0.301,0.196,0,6,486
2025-05-11,NORTH-02,priority,5371,0.26,0.094,0,6,461
2025-05-11,NORTH-02,economy,4453,0.273,0.03,0,6,397
2025-05-11,CENTRAL-01,standard,7800,0.039,0.214,0,6,458
2025-05-11,CENTRAL-01,priority,6711,0.069,0.164,0,6,393
2025-05-11,CENTRAL-01,economy,5103,0.238,0.086,0,6,441
2025-05-11,SOUTH-01,standard,6970,0.095,0.0,0,6,426
2025-05-11,SOUTH-01,priority,6675,0.307,0.282,0,6,459
2025-05-11,SOUTH-01,economy,5913,0.194,0.178,0,6,403
2025-05-11,SOUTH-02,standard,6912,0.092,0.308,0,6,455
2025-05-11,SOUTH-02,priority,6525,0.218,0.18,0,6,174
2025-05-11,SOUTH-02,economy,6561,0.253,0.257,0,6,473
2025-05-11,WEST-01,standard,8667,0.125,0.177,0,6,402
2025-05-11,WEST-01,priority,6900,0.322,0.019,0,6,452
2025-05-11,WEST-01,economy,6191,0.408,0.151,0,6,591
2025-05-12,NORTH-01,standard,6760,0.165,0.203,0,0,399
2025-05-12,NORTH-01,priority,6988,0.113,0.331,0,0,601
2025-05-12,NORTH-01,economy,5360,0.085,0.004,0,0,642
2025-05-12,NORTH-02,standard,6960,0.141,0.234,0,0,289
2025-05-12,NORTH-02,priority,7312,0.17,0.319,0,0,152
2025-05-12,NORTH-02,economy,5538,0.26,0.058,0,0,407
2025-05-12,CENTRAL-01,standard,7804,0.348,0.258,0,0,455
2025-05-12,CENTRAL-01,priority,7525,0.342,0.024,0,0,317
2025-05-12,CENTRAL-01,economy,5878,0.211,0.11,0,0,411
2025-05-12,SOUTH-01,standard,8011,0.208,0.142,0,0,603
2025-05-12,SOUTH-01,priority,7496,0.443,0.25,0,0,208
2025-05-12,SOUTH-01,economy,7194,0.255,0.204,0,0,258
2025-05-12,SOUTH-02,standard,8192,0.282,0.275,0,0,507
2025-05-12,SOUTH-02,priority,7600,0.083,0.142,0,0,365
2025-05-12,SOUTH-02,economy,7753,0.139,0.183,0,0,558
2025-05-12,WEST-01,standard,8616,0.102,0.179,0,0,425
2025-05-12,WEST-01,priority,8489,0.185,0.076,0,0,415
2025-05-12,WEST-01,economy,7657,0.199,0.248,0,0,511
2025-05-13,NORTH-01,standard,6726,0.353,0.261,0,1,265
2025-05-13,NORTH-01,priority,6408,0.095,0.023,0,1,462
2025-05-13,NORTH-01,economy,5278,0.194,0.04,0,1,503
2025-05-13,NORTH-02,standard,8654,0.253,0.213,0,1,478
2025-05-13,NORTH-02,priority,6812,0.0,0.062,0,1,386
2025-05-13,NORTH-02,economy,5686,0.159,0.138,0,1,395
2025-05-13,CENTRAL-01,standard,8421,0.347,0.289,0,1,317
2025-05-13,CENTRAL-01,priority,7282,0.178,0.125,0,1,388
2025-05-13,CENTRAL-01,economy,6653,0.153,0.266,0,1,394
2025-05-13,SOUTH-01,standard,8422,0.23,0.204,0,1,618
2025-05-13,SOUTH-01,priority,7620,0.026,0.176,0,1,372
2025-05-13,SOUTH-01,economy,6671,0.271,0.254,0,1,582
2025-05-13,SOUTH-02,standard,8382,0.008,0.197,0,1,354
2025-05-13,SOUTH-02,priority,6673,0.187,0.118,0,1,453
2025-05-13,SOUTH-02,economy,7101,0.274,0.137,0,1,348
2025-05-13,WEST-01,standard,9290,0.0,0.005,0,1,586
2025-05-13,WEST-01,priority,8654,0.252,0.18,0,1,525
2025-05-13,WEST-01,economy,7715,0.086,0.168,0,1,377
2025-05-14,NORTH-01,standard,4972,0.317,0.276,0,2,298
2025-05-14,NORTH-01,priority,4844,0.143,0.243,0,2,0
2025-05-14,NORTH-01,economy,3942,0.279,0.227,0,2,283
2025-05-14,NORTH-02,standard,6123,0.364,0.064,0,2,424
2025-05-14,NORTH-02,priority,5121,0.009,0.105,0,2,313
2025-05-14,NORTH-02,economy,5486,0.085,0.167,0,2,511
2025-05-14,CENTRAL-01,standard,6420,0.46,0.167,0,2,327
2025-05-14,CENTRAL-01,priority,6105,0.064,0.186,0,2,425
2025-05-14,CENTRAL-01,economy,5779,0.068,0.113,0,2,338
2025-05-14,SOUTH-01,standard,7037,0.0,0.149,0,2,532
2025-05-14,SOUTH-01,priority,6638,0.297,0.0,0,2,425
2025-05-14,SOUTH-01,economy,5684,0.002,0.22,0,2,487
2025-05-14,SOUTH-02,standard,8452,0.102,0.029,0,2,248
2025-05-14,SOUTH-02,priority,6858,0.083,0.101,0,2,469
2025-05-14,SOUTH-02,economy,6654,0.187,0.23,0,2,178
2025-05-14,WEST-01,standard,7775,0.246,0.169,0,2,662
2025-05-14,WEST-01,priority,7892,0.253,0.225,0,2,366
2025-05-14,WEST-01,economy,6563,0.256,0.175,0,2,230
2025-05-15,NORTH-01,standard,5988,0.183,0.197,0,3,337
2025-05-15,NORTH-01,priority,5924,0.183,0.127,0,3,390
2025-05-15,NORTH-01,economy,4474,0.122,0.005,0,3,245
2025-05-15,NORTH-02,standard,6549,0.106,0.225,0,3,174
2025-05-15,NORTH-02,priority,5801,0.254,0.023,0,3,297
2025-05-15,NORTH-02,economy,5041,0.19,0.148,0,3,356
2025-05-15,CENTRAL-01,standard,7057,0.19,0.3,0,3,421
2025-05-15,CENTRAL-01,priority,5850,0.095,0.18,0,3,493
2025-05-15,CENTRAL-01,economy,4937,0.002,0.083,0,3,378
2025-05-15,SOUTH-01,standard,6920,0.129,0.205,0,3,451
2025-05-15,SOUTH-01,priority,6567,0.25,0.167,0,3,393
2025-05-15,SOUTH-01,economy,6194,0.071,0.064,0,3,321
2025-05-15,SOUTH-02,standard,7559,0.234,0.274,0,3,334
2025-05-15,SOUTH-02,priority,7322,0.141,0.153,0,3,396
2025-05-15,SOUTH-02,economy,6551,0.429,0.184,0,3,372
2025-05-15,WEST-01,standard,7675,0.301,0.134,0,3,518
2025-05-15,WEST-01,priority,7898,0.173,0.17,0,3,433
2025-05-15,WEST-01,economy,7243,0.162,0.107,0,3,356
2025-05-16,NORTH-01,standard,6079,0.174,0.173,0,4,484
2025-05-16,NORTH-01,priority,5347,0.172,0.26,0,4,384
2025-05-16,NORTH-01,economy,4768,0.158,0.317,0,4,291
2025-05-16,NORTH-02,standard,6449,0.194,0.129,0,4,520
2025-05-16,NORTH-02,priority,5643,0.198,0.165,0,4,288
2025-05-16,NORTH-02,economy,5600,0.192,0.151,0,4,232
2025-05-16,CENTRAL-01,standard,6677,0.355,0.138,0,4,252
2025-05-16,CENTRAL-01,priority,6166,0.247,0.073,0,4,398
2025-05-16,CENTRAL-01,economy,6302,0.141,0.0,0,4,242
2025-05-16,SOUTH-01,standard,7554,0.213,0.092,0,4,361
2025-05-16,SOUTH-01,priority,6203,0.09,0.198,0,4,316
2025-05-16,SOUTH-01,economy,5648,0.263,0.271,0,4,276
2025-05-16,SOUTH-02,standard,7991,0.222,0.0,0,4,299
2025-05-16,SOUTH-02,priority,7121,0.128,0.171,0,4,277
2025-05-16,SOUTH-02,economy,5562,0.387,0.0,0,4,270
2025-05-16,WEST-01,standard,7604,0.066,0.248,0,4,595
2025-05-16,WEST-01,priority,6468,0.147,0.041,0,4,348
2025-05-16,WEST-01,economy,6747,0.096,0.169,0,4,497
2025-05-17,NORTH-01,standard,6310,0.163,0.116,0,5,396
2025-05-17,NORTH-01,priority,5216,0.273,0.242,0,5,341
2025-05-17,NORTH-01,economy,4366,0.281,0.0,0,5,283
2025-05-17,NORTH-02,standard,6697,0.225,0.086,0,5,292
2025-05-17,NORTH-02,priority,6237,0.125,0.097,0,5,116
2025-05-17,NORTH-02,economy,4835,0.394,0.268,0,5,448
2025-05-17,CENTRAL-01,standard,7338,0.196,0.282,0,5,663
2025-05-17,CENTRAL-01,priority,5625,0.0,0.165,0,5,286
2025-05-17,CENTRAL-01,economy,5765,0.45,0.187,0,5,414
2025-05-17,SOUTH-01,standard,6819,0.234,0.108,0,5,318
2025-05-17,SOUTH-01,priority,6852,0.0,0.143,0,5,311
2025-05-17,SOUTH-01,economy,6416,0.164,0.192,0,5,228
2025-05-17,SOUTH-02,standard,8056,0.085,0.21,0,5,583
2025-05-17,SOUTH-02,priority,7006,0.336,0.343,0,5,579
2025-05-17,SOUTH-02,economy,6938,0.07,0.342,0,5,453
2025-05-17,WEST-01,standard,7384,0.299,0.042,0,5,415
2025-05-17,WEST-01,priority,7230,0.221,0.317,0,5,581
2025-05-17,WEST-01,economy,6770,0.148,0.128,0,5,346
2025-05-18,NORTH-01,standard,5245,0.238,0.118,0,6,305
2025-05-18,NORTH-01,priority,5364,0.235,0.038,0,6,482
2025-05-18,NORTH-01,economy,3805,0.358,0.177,0,6,371
2025-05-18,NORTH-02,standard,6155,0.296,0.094,0,6,422
2025-05-18,NORTH-02,priority,5895,0.394,0.13,0,6,394
2025-05-18,NORTH-02,economy,4882,0.204,0.256,0,6,354
2025-05-18,CENTRAL-01,standard,7153,0.183,0.029,0,6,494
2025-05-18,CENTRAL-01,priority,6139,0.184,0.129,0,6,449
2025-05-18,CENTRAL-01,economy,5260,0.186,0.097,0,6,336
2025-05-18,SOUTH-01,standard,7020,0.068,0.177,0,6,276
2025-05-18,SOUTH-01,priority,6509,0.563,0.305,0,6,477
2025-05-18,SOUTH-01,economy,5980,0.303,0.144,0,6,327
2025-05-18,SOUTH-02,standard,8297,0.331,0.252,0,6,460
2025-05-18,SOUTH-02,priority,7647,0.44,0.144,0,6,353
2025-05-18,SOUTH-02,economy,7029,0.024,0.312,0,6,453
2025-05-18,WEST-01,standard,7719,0.137,0.082,0,6,428
2025-05-18,WEST-01,priority,7999,0.162,0.0,0,6,369
2025-05-18,WEST-01,economy,6700,0.329,0.094,0,6,497
2025-05-19,NORTH-01,standard,6928,0.28,0.129,0,0,468
2025-05-19,NORTH-01,priority,5853,0.162,0.061,0,0,310
2025-05-19,NORTH-01,economy,6128,0.183,0.277,0,0,265
2025-05-19,NORTH-02,standard,7337,0.4,0.144,0,0,287
2025-05-19,NORTH-02,priority,6424,0.126,0.233,0,0,379
2025-05-19,NORTH-02,economy,5121,0.237,0.068,0,0,442
2025-05-19,CENTRAL-01,standard,7701,0.524,0.187,0,0,304
2025-05-19,CENTRAL-01,priority,7363,0.356,0.12,0,0,473
2025-05-19,CENTRAL-01,economy,6678,0.256,0.197,0,0,414
2025-05-19,SOUTH-01,standard,7843,0.296,0.092,0,0,591
2025-05-19,SOUTH-01,priority,7884,0.201,0.124,0,0,517
2025-05-19,SOUTH-01,economy,7152,0.024,0.208,0,0,479
2025-05-19,SOUTH-02,standard,7827,0.181,0.187,0,0,307
2025-05-19,SOUTH-02,priority,8267,0.269,0.36,0,0,344
2025-05-19,SOUTH-02,economy,7732,0.196,0.079,0,0,417
2025-05-19,WEST-01,standard,9331,0.306,0.138,0,0,265
2025-05-19,WEST-01,priority,8299,0.183,0.193,0,0,472
2025-05-19,WEST-01,economy,8070,0.221,0.234,0,0,469
2025-05-20,NORTH-01,standard,6286,0.286,0.042,0,1,202
2025-05-20,NORTH-01,priority,6776,0.246,0.183,0,1,425
2025-05-20,NORTH-01,economy,4886,0.104,0.161,0,1,277
2025-05-20,NORTH-02,standard,7340,0.0,0.176,0,1,384
2025-05-20,NORTH-02,priority,6967,0.068,0.096,0,1,216
2025-05-20,NORTH-02,economy,5180,0.241,0.085,0,1,482
2025-05-20,CENTRAL-01,standard,7264,0.34,0.107,0,1,367
2025-05-20,CENTRAL-01,priority,7285,0.083,0.099,0,1,647
2025-05-20,CENTRAL-01,economy,6741,0.137,0.232,0,1,181
2025-05-20,SOUTH-01,standard,8725,0.177,0.138,0,1,622
2025-05-20,SOUTH-01,priority,7521,0.225,0.247,0,1,539
2025-05-20,SOUTH-01,economy,7485,0.192,0.238,0,1,490
2025-05-20,SOUTH-02,standard,8906,0.091,0.116,0,1,554
2025-05-20,SOUTH-02,priority,7964,0.199,0.125,0,1,385
2025-05-20,SOUTH-02,economy,7338,0.147,0.307,0,1,461
2025-05-20,WEST-01,standard,8313,0.198,0.052,0,1,419
2025-05-20,WEST-01,priority,8555,0.0,0.296,0,1,383
2025-05-20,WEST-01,economy,7869,0.327,0.139,0,1,347
2025-05-21,NORTH-01,standard,5663,0.185,0.227,0,2,413
2025-05-21,NORTH-01,priority,5368,0.0,0.251,0,2,330
2025-05-21,NORTH-01,economy,4165,0.168,0.072,0,2,367
2025-05-21,NORTH-02,standard,6441,0.248,0.079,0,2,440
2025-05-21,NORTH-02,priority,5639,0.135,0.047,0,2,392
2025-05-21,NORTH-02,economy,5267,0.173,0.103,0,2,489
2025-05-21,CENTRAL-01,standard,7999,0.088,0.126,0,2,454
2025-05-21,CENTRAL-01,priority,5945,0.028,0.112,0,2,403
2025-05-21,CENTRAL-01,economy,6236,0.217,0.099,0,2,377
2025-05-21,SOUTH-01,standard,6775,0.125,0.052,0,2,233
2025-05-21,SOUTH-01,priority,6865,0.157,0.079,0,2,315
2025-05-21,SOUTH-01,economy,6213,0.281,0.189,0,2,473
2025-05-21,SOUTH-02,standard,7709,0.419,0.082,0,2,459
2025-05-21,SOUTH-02,priority,7424,0.308,0.159,0,2,247
2025-05-21,SOUTH-02,economy,6434,0.059,0.104,0,2,378
2025-05-21,WEST-01,standard,7789,0.091,0.071,0,2,208
2025-05-21,WEST-01,priority,7674,0.145,0.145,0,2,430
2025-05-21,WEST-01,economy,7041,0.395,0.215,0,2,434
2025-05-22,NORTH-01,standard,5897,0.244,0.132,0,3,587
2025-05-22,NORTH-01,priority,5482,0.172,0.043,0,3,449
2025-05-22,NORTH-01,economy,5031,0.199,0.0,0,3,358
2025-05-22,NORTH-02,standard,5667,0.143,0.245,0,3,363
2025-05-22,NORTH-02,priority,6054,0.115,0.269,0,3,257
2025-05-22,NORTH-02,economy,5028,0.317,0.0,0,3,179
2025-05-22,CENTRAL-01,standard,7203,0.125,0.131,0,3,660
2025-05-22,CENTRAL-01,priority,7306,0.0,0.186,0,3,330
2025-05-22,CENTRAL-01,economy,5995,0.104,0.169,0,3,438
2025-05-22,SOUTH-01,standard,7736,0.137,0.086,0,3,319
2025-05-22,SOUTH-01,priority,6379,0.0,0.034,0,3,550
2025-05-22,SOUTH-01,economy,6814,0.037,0.272,0,3,411
2025-05-22,SOUTH-02,standard,7432,0.0,0.055,0,3,610
2025-05-22,SOUTH-02,priority,7098,0.112,0.088,0,3,223
2025-05-22,SOUTH-02,economy,7466,0.177,0.086,0,3,293
2025-05-22,WEST-01,standard,7873,0.412,0.059,0,3,476
2025-05-22,WEST-01,priority,7819,0.197,0.156,0,3,464
2025-05-22,WEST-01,economy,6726,0.159,0.096,0,3,360
2025-05-23,NORTH-01,standard,5373,0.156,0.156,0,4,217
2025-05-23,NORTH-01,priority,5542,0.28,0.0,0,4,279
2025-05-23,NORTH-01,economy,4501,0.38,0.248,0,4,288
2025-05-23,NORTH-02,standard,6730,0.371,0.252,0,4,519
2025-05-23,NORTH-02,priority,5561,0.049,0.166,0,4,213
2025-05-23,NORTH-02,economy,4997,0.2,0.117,0,4,269
2025-05-23,CENTRAL-01,standard,7167,0.029,0.286,0,4,221
2025-05-23,CENTRAL-01,priority,6711,0.202,0.272,0,4,319
2025-05-23,CENTRAL-01,economy,5202,0.121,0.073,0,4,256
2025-05-23,SOUTH-01,standard,7485,0.004,0.114,0,4,354
2025-05-23,SOUTH-01,priority,7516,0.206,0.28,0,4,397
2025-05-23,SOUTH-01,economy,5670,0.286,0.137,0,4,216
2025-05-23,SOUTH-02,standard,7220,0.19,0.237,0,4,362
2025-05-23,SOUTH-02,priority,7207,0.14,0.17,0,4,460
2025-05-23,SOUTH-02,economy,5736,0.408,0.08,0,4,381
2025-05-23,WEST-01,standard,7922,0.354,0.033,0,4,393
2025-05-23,WEST-01,priority,7457,0.283,0.2,0,4,462
2025-05-23,WEST-01,economy,7580,0.101,0.214,0,4,419
2025-05-24,NORTH-01,standard,6299,0.131,0.138,0,5,363
2025-05-24,NORTH-01,priority,5130,0.036,0.226,0,5,384
2025-05-24,NORTH-01,economy,4842,0.0,0.159,0,5,89
2025-05-24,NORTH-02,standard,6257,0.22,0.062,0,5,318
2025-05-24,NORTH-02,priority,5397,0.002,0.066,0,5,459
2025-05-24,NORTH-02,economy,5042,0.28,0.326,0,5,265
2025-05-24,CENTRAL-01,standard,6503,0.196,0.122,0,5,381
2025-05-24,CENTRAL-01,priority,5674,0.264,0.0,0,5,181
2025-05-24,CENTRAL-01,economy,6087,0.162,0.185,0,5,310
2025-05-24,SOUTH-01,standard,6687,0.193,0.015,0,5,405
2025-05-24,SOUTH-01,priority,7098,0.017,0.249,0,5,284
2025-05-24,SOUTH-01,economy,5698,0.002,0.092,0,5,204
2025-05-24,SOUTH-02,standard,8094,0.011,0.132,0,5,337
2025-05-24,SOUTH-02,priority,7214,0.233,0.124,0,5,302
2025-05-24,SOUTH-02,economy,6971,0.214,0.16,0,5,456
2025-05-24,WEST-01,standard,7692,0.211,0.032,0,5,314
2025-05-24,WEST-01,priority,7659,0.081,0.151,0,5,443
2025-05-24,WEST-01,economy,6244,0.331,0.189,0,5,391
2025-05-25,NORTH-01,standard,5937,0.25,0.251,0,6,340
2025-05-25,NORTH-01,priority,4549,0.309,0.164,0,6,98
2025-05-25,NORTH-01,economy,4259,0.401,0.013,0,6,413
2025-05-25,NORTH-02,standard,5899,0.0,0.063,0,6,573
2025-05-25,NORTH-02,priority,5701,0.422,0.091,0,6,387
2025-05-25,NORTH-02,economy,5966,0.146,0.02,0,6,141
2025-05-25,CENTRAL-01,standard,7135,0.205,0.098,0,6,495
2025-05-25,CENTRAL-01,priority,5555,0.063,0.087,0,6,370
2025-05-25,CENTRAL-01,economy,5335,0.265,0.115,0,6,568
2025-05-25,SOUTH-01,standard,6321,0.292,0.258,0,6,435
2025-05-25,SOUTH-01,priority,6018,0.21,0.05,0,6,334
2025-05-25,SOUTH-01,economy,5860,0.019,0.086,0,6,424
2025-05-25,SOUTH-02,standard,8121,0.095,0.114,0,6,211
2025-05-25,SOUTH-02,priority,7228,0.207,0.181,0,6,336
2025-05-25,SOUTH-02,economy,6326,0.052,0.272,0,6,235
2025-05-25,WEST-01,standard,8454,0.182,0.091,0,6,401
2025-05-25,WEST-01,priority,7223,0.322,0.186,0,6,530
2025-05-25,WEST-01,economy,7110,0.102,0.124,0,6,420
2025-05-26,NORTH-01,standard,6752,0.099,0.027,0,0,295
2025-05-26,NORTH-01,priority,5874,0.184,0.116,0,0,324
2025-05-26,NORTH-01,economy,5856,0.171,0.206,0,0,607
2025-05-26,NORTH-02,standard,7118,0.197,0.096,0,0,461
2025-05-26,NORTH-02,priority,6249,0.3,0.257,0,0,521
2025-05-26,NORTH-02,economy,5857,0.174,0.076,0,0,501
2025-05-26,CENTRAL-01,standard,7024,0.235,0.053,0,0,242
2025-05-26,CENTRAL-01,priority,6694,0.092,0.156,0,0,329
2025-05-26,CENTRAL-01,economy,7122,0.348,0.279,0,0,178
2025-05-26,SOUTH-01,standard,7992,0.381,0.157,0,0,543
2025-05-26,SOUTH-01,priority,6990,0.264,0.001,0,0,345
2025-05-26,SOUTH-01,economy,7738,0.02,0.23,0,0,410
2025-05-26,SOUTH-02,standard,8569,0.216,0.149,0,0,571
2025-05-26,SOUTH-02,priority,8156,0.0,0.189,0,0,339
2025-05-26,SOUTH-02,economy,7000,0.12,0.297,0,0,369
2025-05-26,WEST-01,standard,8496,0.376,0.048,0,0,439
2025-05-26,WEST-01,priority,7942,0.23,0.144,0,0,471
2025-05-26,WEST-01,economy,8212,0.168,0.2,0,0,248
2025-05-27,NORTH-01,standard,7051,0.304,0.13,0,1,450
2025-05-27,NORTH-01,priority,5853,0.402,0.151,0,1,294
2025-05-27,NORTH-01,economy,5332,0.056,0.215,0,1,435
2025-05-27,NORTH-02,standard,7745,0.153,0.009,0,1,7
2025-05-27,NORTH-02,priority,5715,0.17,0.169,0,1,404
2025-05-27,NORTH-02,economy,6643,0.1,0.13,0,1,396
2025-05-27,CENTRAL-01,standard,8469,0.138,0.136,0,1,482
2025-05-27,CENTRAL-01,priority,6629,0.074,0.111,0,1,324
2025-05-27,CENTRAL-01,economy,5710,0.373,0.137,0,1,403
2025-05-27,SOUTH-01,standard,8129,0.133,0.195,0,1,597
2025-05-27,SOUTH-01,priority,7887,0.071,0.057,0,1,176
2025-05-27,SOUTH-01,economy,6069,0.159,0.214,0,1,369
2025-05-27,SOUTH-02,standard,8091,0.0,0.002,0,1,400
2025-05-27,SOUTH-02,priority,8163,0.095,0.239,0,1,366
2025-05-27,SOUTH-02,economy,8350,0.023,0.168,0,1,346
2025-05-27,WEST-01,standard,9446,0.11,0.065,0,1,574
2025-05-27,WEST-01,priority,7964,0.126,0.102,0,1,384
2025-05-27,WEST-01,economy,8187,0.302,0.153,0,1,339
2025-05-28,NORTH-01,standard,6456,0.0,0.358,0,2,467
2025-05-28,NORTH-01,priority,5337,0.085,0.041,0,2,101
2025-05-28,NORTH-01,economy,5023,0.148,0.232,0,2,361
2025-05-28,NORTH-02,standard,5423,0.389,0.18,0,2,324
2025-05-28,NORTH-02,priority,6297,0.411,0.125,0,2,491
2025-05-28,NORTH-02,economy,5212,0.131,0.064,0,2,488
2025-05-28,CENTRAL-01,standard,6120,0.0,0.16,0,2,322
2025-05-28,CENTRAL-01,priority,6112,0.0,0.195,0,2,502
2025-05-28,CENTRAL-01,economy,4880,0.115,0.099,0,2,373
2025-05-28,SOUTH-01,standard,7549,0.239,0.225,0,2,454
2025-05-28,SOUTH-01,priority,7000,0.252,0.206,0,2,206
2025-05-28,SOUTH-01,economy,6020,0.125,0.02,0,2,556
2025-05-28,SOUTH-02,standard,7718,0.288,0.101,0,2,453
2025-05-28,SOUTH-02,priority,7440,0.208,0.046,0,2,261
2025-05-28,SOUTH-02,economy,6402,0.136,0.227,0,2,381
2025-05-28,WEST-01,standard,8135,0.194,0.155,0,2,449
2025-05-28,WEST-01,priority,6725,0.189,0.078,0,2,501
2025-05-28,WEST-01,economy,6912,0.305,0.177,0,2,277
2025-05-29,NORTH-01,standard,5285,0.0,0.13,0,3,360
2025-05-29,NORTH-01,priority,4887,0.337,0.101,0,3,205
2025-05-29,NORTH-01,economy,4268,0.185,0.147,0,3,417
2025-05-29,NORTH-02,standard,6155,0.504,0.245,0,3,349
2025-05-29,NORTH-02,priority,6159,0.118,0.107,0,3,484
2025-05-29,NORTH-02,economy,5764,0.04,0.179,0,3,310
2025-05-29,CENTRAL-01,standard,7201,0.155,0.206,0,3,447
2025-05-29,CENTRAL-01,priority,6079,0.211,0.181,0,3,228
2025-05-29,CENTRAL-01,economy,5832,0.0,0.198,0,3,409
2025-05-29,SOUTH-01,standard,7367,0.081,0.158,0,3,554
2025-05-29,SOUTH-01,priority,6661,0.282,0.091,0,3,290
2025-05-29,SOUTH-01,economy,6172,0.0,0.288,0,3,489
2025-05-29,SOUTH-02,standard,7426,0.101,0.085,0,3,433
2025-05-29,SOUTH-02,priority,6867,0.201,0.19,0,3,390
2025-05-29,SOUTH-02,economy,6111,0.079,0.268,0,3,264
2025-05-29,WEST-01,standard,8701,0.129,0.341,0,3,338
2025-05-29,WEST-01,priority,7552,0.279,0.191,0,3,490
2025-05-29,WEST-01,economy,6213,0.187,0.164,0,3,539
2025-05-30,NORTH-01,standard,5659,0.126,0.051,0,4,294
2025-05-30,NORTH-01,priority,5899,0.084,0.212,0,4,121
2025-05-30,NORTH-01,economy,4645,0.118,0.115,0,4,524
2025-05-30,NORTH-02,standard,6559,0.082,0.275,0,4,565
2025-05-30,NORTH-02,priority,5737,0.143,0.116,0,4,507
2025-05-30,NORTH-02,economy,5407,0.199,0.167,0,4,236
2025-05-30,CENTRAL-01,standard,7325,0.22,0.1,0,4,449
2025-05-30,CENTRAL-01,priority,6221,0.263,0.0,0,4,345
2025-05-30,CENTRAL-01,economy,5093,0.008,0.158,0,4,406
2025-05-30,SOUTH-01,standard,6889,0.352,0.007,0,4,366
2025-05-30,SOUTH-01,priority,7132,0.0,0.223,0,4,637
2025-05-30,SOUTH-01,economy,6071,0.24,0.08,0,4,516
2025-05-30,SOUTH-02,standard,6812,0.124,0.218,0,4,561
2025-05-30,SOUTH-02,priority,6933,0.276,0.0,0,4,149
2025-05-30,SOUTH-02,economy,6503,0.107,0.204,0,4,525
2025-05-30,WEST-01,standard,8547,0.188,0.147,0,4,395
2025-05-30,WEST-01,priority,7461,0.177,0.159,0,4,543
2025-05-30,WEST-01,economy,6399,0.1,0.084,0,4,114
2025-05-31,NORTH-01,standard,5597,0.358,0.078,0,5,534
2025-05-31,NORTH-01,priority,4798,0.163,0.191,0,5,491
2025-05-31,NORTH-01,economy,4191,0.165,0.069,0,5,508
2025-05-31,NORTH-02,standard,6159,0.11,0.07,0,5,370
2025-05-31,NORTH-02,priority,5884,0.198,0.186,0,5,434
2025-05-31,NORTH-02,economy,5169,0.147,0.316,0,5,497
2025-05-31,CENTRAL-01,standard,6029,0.108,0.036,0,5,397
2025-05-31,CENTRAL-01,priority,5578,0.319,0.058,0,5,393
2025-05-31,CENTRAL-01,economy,4972,0.18,0.103,0,5,366
2025-05-31,SOUTH-01,standard,7227,0.258,0.189,0,5,270
2025-05-31,SOUTH-01,priority,6056,0.218,0.169,0,5,325
2025-05-31,SOUTH-01,economy,5127,0.224,0.144,0,5,256
2025-05-31,SOUTH-02,standard,8891,0.095,0.195,0,5,462
2025-05-31,SOUTH-02,priority,7165,0.036,0.137,0,5,485
2025-05-31,SOUTH-02,economy,6658,0.329,0.261,0,5,379
2025-05-31,WEST-01,standard,7925,0.358,0.122,0,5,388
2025-05-31,WEST-01,priority,8050,0.0,0.252,0,5,137
2025-05-31,WEST-01,economy,7134,0.3,0.126,0,5,403
2025-06-01,NORTH-01,standard,5721,0.017,0.152,0,6,204
2025-06-01,NORTH-01,priority,5903,0.284,0.181,0,6,309
2025-06-01,NORTH-01,economy,4527,0.064,0.201,0,6,278
2025-06-01,NORTH-02,standard,6104,0.243,0.14,0,6,194
2025-06-01,NORTH-02,priority,5880,0.292,0.121,0,6,414
2025-06-01,NORTH-02,economy,4851,0.311,0.131,0,6,192
2025-06-01,CENTRAL-01,standard,6558,0.115,0.177,0,6,414
2025-06-01,CENTRAL-01,priority,5434,0.356,0.114,0,6,293
2025-06-01,CENTRAL-01,economy,5892,0.009,0.257,0,6,269
2025-06-01,SOUTH-01,standard,7606,0.113,0.055,0,6,628
2025-06-01,SOUTH-01,priority,6781,0.001,0.233,0,6,535
2025-06-01,SOUTH-01,economy,6012,0.0,0.168,0,6,439
2025-06-01,SOUTH-02,standard,7620,0.187,0.152,0,6,596
2025-06-01,SOUTH-02,priority,7418,0.159,0.219,0,6,509
2025-06-01,SOUTH-02,economy,6751,0.058,0.207,0,6,239
2025-06-01,WEST-01,standard,8187,0.155,0.334,0,6,381
2025-06-01,WEST-01,priority,7435,0.234,0.107,0,6,349
2025-06-01,WEST-01,economy,7629,0.228,0.145,0,6,414
2025-06-02,NORTH-01,standard,6393,0.153,0.232,0,0,574
2025-06-02,NORTH-01,priority,7068,0.061,0.245,0,0,328
2025-06-02,NORTH-01,economy,5907,0.128,0.141,0,0,237
2025-06-02,NORTH-02,standard,6777,0.167,0.125,0,0,257
2025-06-02,NORTH-02,priority,6337,0.195,0.159,0,0,379
2025-06-02,NORTH-02,economy,6198,0.102,0.255,0,0,497
2025-06-02,CENTRAL-01,standard,8155,0.0,0.176,0,0,408
2025-06-02,CENTRAL-01,priority,7445,0.115,0.138,0,0,258
2025-06-02,CENTRAL-01,economy,6317,0.264,0.175,0,0,343
2025-06-02,SOUTH-01,standard,8446,0.187,0.283,0,0,320
2025-06-02,SOUTH-01,priority,6659,0.128,0.058,0,0,240
2025-06-02,SOUTH-01,economy,7433,0.194,0.252,0,0,264
2025-06-02,SOUTH-02,standard,7478,0.084,0.075,0,0,384
2025-06-02,SOUTH-02,priority,7306,0.276,0.13,0,0,297
2025-06-02,SOUTH-02,economy,7366,0.141,0.212,0,0,477
2025-06-02,WEST-01,standard,8638,0.17,0.169,0,0,356
2025-06-02,WEST-01,priority,8454,0.029,0.198,0,0,1
2025-06-02,WEST-01,economy,7465,0.238,0.228,0,0,461
2025-06-03,NORTH-01,standard,7507,0.155,0.0,0,1,380
2025-06-03,NORTH-01,priority,6023,0.204,0.1,0,1,380
2025-06-03,NORTH-01,economy,6246,0.055,0.286,0,1,429
2025-06-03,NORTH-02,standard,7653,0.163,0.089,0,1,482
2025-06-03,NORTH-02,priority,5934,0.132,0.063,0,1,361
2025-06-03,NORTH-02,economy,6604,0.15,0.245,0,1,382
2025-06-03,CENTRAL-01,standard,8051,0.17,0.058,0,1,414
2025-06-03,CENTRAL-01,priority,6906,0.253,0.244,0,1,287
2025-06-03,CENTRAL-01,economy,6147,0.476,0.198,0,1,513
2025-06-03,SOUTH-01,standard,7969,0.143,0.176,0,1,417
2025-06-03,SOUTH-01,priority,7578,0.147,0.09,0,1,330
2025-06-03,SOUTH-01,economy,6086,0.249,0.126,0,1,437
2025-06-03,SOUTH-02,standard,8736,0.257,0.33,0,1,464
2025-06-03,SOUTH-02,priority,8404,0.237,0.232,0,1,470
2025-06-03,SOUTH-02,economy,7388,0.176,0.217,0,1,246
2025-06-03,WEST-01,standard,9185,0.0,0.127,0,1,752
2025-06-03,WEST-01,priority,8229,0.166,0.154,0,1,501
2025-06-03,WEST-01,economy,7243,0.214,0.099,0,1,349
2025-06-04,NORTH-01,standard,6080,0.079,0.132,0,2,302
2025-06-04,NORTH-01,priority,5195,0.355,0.243,0,2,220
2025-06-04,NORTH-01,economy,4676,0.176,0.139,0,2,272
2025-06-04,NORTH-02,standard,6352,0.054,0.153,0,2,339
2025-06-04,NORTH-02,priority,5776,0.191,0.144,0,2,305
2025-06-04,NORTH-02,economy,4575,0.223,0.093,0,2,210
2025-06-04,CENTRAL-01,standard,6046,0.099,0.047,0,2,421
2025-06-04,CENTRAL-01,priority,5908,0.333,0.195,0,2,151
2025-06-04,CENTRAL-01,economy,5355,0.203,0.021,0,2,244
2025-06-04,SOUTH-01,standard,7026,0.0,0.268,0,2,348
2025-06-04,SOUTH-01,priority,6785,0.165,0.112,0,2,294
2025-06-04,SOUTH-01,economy,5415,0.226,0.175,0,2,370
2025-06-04,SOUTH-02,standard,7792,0.054,0.057,0,2,364
2025-06-04,SOUTH-02,priority,6451,0.225,0.181,0,2,462
2025-06-04,SOUTH-02,economy,6286,0.214,0.103,0,2,460
2025-06-04,WEST-01,standard,8975,0.142,0.319,0,2,463
2025-06-04,WEST-01,priority,7237,0.153,0.135,0,2,412
2025-06-04,WEST-01,economy,6924,0.263,0.042,0,2,499
2025-06-05,NORTH-01,standard,6102,0.249,0.14,0,3,518
2025-06-05,NORTH-01,priority,6239,0.173,0.152,0,3,404
2025-06-05,NORTH-01,economy,5079,0.059,0.22,0,3,253
2025-06-05,NORTH-02,standard,6502,0.048,0.169,0,3,225
2025-06-05,NORTH-02,priority,5733,0.169,0.138,0,3,410
2025-06-05,NORTH-02,economy,4991,0.0,0.061,0,3,488
2025-06-05,CENTRAL-01,standard,6578,0.464,0.15,0,3,84
2025-06-05,CENTRAL-01,priority,6261,0.289,0.186,0,3,218
2025-06-05,CENTRAL-01,economy,5636,0.418,0.272,0,3,468
2025-06-05,SOUTH-01,standard,6772,0.186,0.216,0,3,110
2025-06-05,SOUTH-01,priority,6411,0.028,0.085,0,3,426
2025-06-05,SOUTH-01,economy,5532,0.149,0.148,0,3,193
2025-06-05,SOUTH-02,standard,7618,0.185,0.107,0,3,473
2025-06-05,SOUTH-02,priority,7637,0.377,0.148,0,3,457
2025-06-05,SOUTH-02,economy,6768,0.263,0.234,0,3,286
2025-06-05,WEST-01,standard,8077,0.31,0.12,0,3,438
2025-06-05,WEST-01,priority,6818,0.317,0.181,0,3,635
2025-06-05,WEST-01,economy,6242,0.28,0.106,0,3,481
2025-06-06,NORTH-01,standard,6595,0.058,0.214,0,4,299
2025-06-06,NORTH-01,priority,4953,0.091,0.112,0,4,356
2025-06-06,NORTH-01,economy,4398,0.225,0.208,0,4,412
2025-06-06,NORTH-02,standard,5952,0.061,0.217,0,4,546
2025-06-06,NORTH-02,priority,6167,0.117,0.198,0,4,212
2025-06-06,NORTH-02,economy,4872,0.28,0.106,0,4,245
2025-06-06,CENTRAL-01,standard,6705,0.374,0.056,0,4,306
2025-06-06,CENTRAL-01,priority,6045,0.311,0.336,0,4,378
2025-06-06,CENTRAL-01,economy,5617,0.134,0.233,0,4,457
2025-06-06,SOUTH-01,standard,6593,0.132,0.329,0,4,423
2025-06-06,SOUTH-01,priority,6742,0.179,0.146,0,4,389
2025-06-06,SOUTH-01,economy,6758,0.206,0.183,0,4,50
2025-06-06,SOUTH-02,standard,6997,0.402,0.355,0,4,395
2025-06-06,SOUTH-02,priority,7704,0.345,0.223,0,4,455
2025-06-06,SOUTH-02,economy,6995,0.0,0.254,0,4,565
2025-06-06,WEST-01,standard,8153,0.0,0.053,0,4,584
2025-06-06,WEST-01,priority,7068,0.373,0.092,0,4,736
2025-06-06,WEST-01,economy,6803,0.114,0.204,0,4,441
2025-06-07,NORTH-01,standard,5811,0.076,0.083,0,5,288
2025-06-07,NORTH-01,priority,6217,0.144,0.192,0,5,295
2025-06-07,NORTH-01,economy,4467,0.061,0.151,0,5,117
2025-06-07,NORTH-02,standard,6355,0.308,0.156,0,5,139
2025-06-07,NORTH-02,priority,5680,0.11,0.037,0,5,366
2025-06-07,NORTH-02,economy,4708,0.196,0.097,0,5,298
2025-06-07,CENTRAL-01,standard,6327,0.223,0.104,0,5,262
2025-06-07,CENTRAL-01,priority,5762,0.101,0.114,0,5,299
2025-06-07,CENTRAL-01,economy,4894,0.328,0.126,0,5,55
2025-06-07,SOUTH-01,standard,7282,0.4,0.241,0,5,537
2025-06-07,SOUTH-01,priority,6042,0.243,0.144,0,5,590
2025-06-07,SOUTH-01,economy,6032,0.128,0.119,0,5,367
2025-06-07,SOUTH-02,standard,7419,0.249,0.187,0,5,405
2025-06-07,SOUTH-02,priority,7540,0.245,0.097,0,5,403
2025-06-07,SOUTH-02,economy,6400,0.372,0.039,0,5,265
2025-06-07,WEST-01,standard,8170,0.104,0.222,0,5,736
2025-06-07,WEST-01,priority,7580,0.242,0.094,0,5,378
2025-06-07,WEST-01,economy,6919,0.28,0.126,0,5,411
2025-06-08,NORTH-01,standard,5297,0.189,0.233,0,6,350
2025-06-08,NORTH-01,priority,4928,0.096,0.042,0,6,253
2025-06-08,NORTH-01,economy,5006,0.152,0.177,0,6,281
2025-06-08,NORTH-02,standard,5363,0.37,0.12,0,6,299
2025-06-08,NORTH-02,priority,6083,0.186,0.0,0,6,350
2025-06-08,NORTH-02,economy,5497,0.042,0.073,0,6,450
2025-06-08,CENTRAL-01,standard,6808,0.102,0.042,0,6,421
2025-06-08,CENTRAL-01,priority,6030,0.248,0.105,0,6,363
2025-06-08,CENTRAL-01,economy,6279,0.296,0.256,0,6,524
2025-06-08,SOUTH-01,standard,6907,0.398,0.231,0,6,571
2025-06-08,SOUTH-01,priority,6604,0.015,0.339,0,6,484
2025-06-08,SOUTH-01,economy,5037,0.353,0.187,0,6,217
2025-06-08,SOUTH-02,standard,7629,0.223,0.201,0,6,417
2025-06-08,SOUTH-02,priority,7236,0.004,0.292,0,6,491
2025-06-08,SOUTH-02,economy,6225,0.348,0.058,0,6,400
2025-06-08,WEST-01,standard,7949,0.149,0.224,0,6,425
2025-06-08,WEST-01,priority,7483,0.135,0.336,0,6,493
2025-06-08,WEST-01,economy,6623,0.396,0.077,0,6,260
2025-06-09,NORTH-01,standard,6704,0.0,0.087,0,0,319
2025-06-09,NORTH-01,priority,5770,0.144,0.15,0,0,395
2025-06-09,NORTH-01,economy,5513,0.326,0.256,0,0,452
2025-06-09,NORTH-02,standard,7497,0.098,0.123,0,0,364
2025-06-09,NORTH-02,priority,6542,0.028,0.217,0,0,313
2025-06-09,NORTH-02,economy,6063,0.307,0.193,0,0,185
2025-06-09,CENTRAL-01,standard,8150,0.04,0.182,0,0,454
2025-06-09,CENTRAL-01,priority,7191,0.123,0.109,0,0,245
2025-06-09,CENTRAL-01,economy,5889,0.191,0.039,0,0,378
2025-06-09,SOUTH-01,standard,7653,0.25,0.177,0,0,185
2025-06-09,SOUTH-01,priority,7740,0.179,0.0,0,0,282
2025-06-09,SOUTH-01,economy,6767,0.448,0.073,0,0,294
2025-06-09,SOUTH-02,standard,8978,0.16,0.165,0,0,571
2025-06-09,SOUTH-02,priority,7726,0.267,0.233,0,0,489
2025-06-09,SOUTH-02,economy,7524,0.139,0.229,0,0,480
2025-06-09,WEST-01,standard,8715,0.215,0.211,0,0,252
2025-06-09,WEST-01,priority,8369,0.299,0.258,0,0,528
2025-06-09,WEST-01,economy,7904,0.0,0.1,0,0,208
2025-06-10,NORTH-01,standard,6785,0.0,0.163,0,1,341
2025-06-10,NORTH-01,priority,6066,0.131,0.047,0,1,360
2025-06-10,NORTH-01,economy,5549,0.11,0.11,0,1,444
2025-06-10,NORTH-02,standard,6613,0.169,0.0,0,1,490
2025-06-10,NORTH-02,priority,7545,0.098,0.143,0,1,482
2025-06-10,NORTH-02,economy,6421,0.0,0.266,0,1,416
2025-06-10,CENTRAL-01,standard,7746,0.217,0.223,0,1,234
2025-06-10,CENTRAL-01,priority,7691,0.219,0.039,0,1,367
2025-06-10,CENTRAL-01,economy,6562,0.174,0.096,0,1,431
2025-06-10,SOUTH-01,standard,8298,0.099,0.186,0,1,417
2025-06-10,SOUTH-01,priority,8341,0.09,0.335,0,1,517
2025-06-10,SOUTH-01,economy,6673,0.315,0.174,0,1,63
2025-06-10,SOUTH-02,standard,9417,0.034,0.323,0,1,486
2025-06-10,SOUTH-02,priority,8070,0.0,0.201,0,1,505
2025-06-10,SOUTH-02,economy,7784,0.047,0.111,0,1,644
2025-06-10,WEST-01,standard,9412,0.101,0.07,0,1,311
2025-06-10,WEST-01,priority,9422,0.037,0.171,0,1,360
2025-06-10,WEST-01,economy,7624,0.136,0.159,0,1,196
2025-06-11,NORTH-01,standard,6049,0.276,0.165,0,2,344
2025-06-11,NORTH-01,priority,4677,0.362,0.11,0,2,519
2025-06-11,NORTH-01,economy,4838,0.0,0.138,0,2,311
2025-06-11,NORTH-02,standard,6839,0.0,0.055,0,2,551
2025-06-11,NORTH-02,priority,4975,0.13,0.076,0,2,442
2025-06-11,NORTH-02,economy,3839,0.3,0.0,0,2,311
2025-06-11,CENTRAL-01,standard,6732,0.212,0.112,0,2,352
2025-06-11,CENTRAL-01,priority,6105,0.183,0.078,0,2,282
2025-06-11,CENTRAL-01,economy,5404,0.089,0.001,0,2,438
2025-06-11,SOUTH-01,standard,7780,0.141,0.122,0,2,536
2025-06-11,SOUTH-01,priority,6696,0.388,0.331,0,2,242
2025-06-11,SOUTH-01,economy,6731,0.117,0.196,0,2,256
2025-06-11,SOUTH-02,standard,7514,0.211,0.087,0,2,386
2025-06-11,SOUTH-02,priority,7424,0.226,0.313,0,2,351
2025-06-11,SOUTH-02,economy,6122,0.109,0.135,0,2,380
2025-06-11,WEST-01,standard,8198,0.0,0.133,0,2,286
2025-06-11,WEST-01,priority,8147,0.134,0.24,0,2,360
2025-06-11,WEST-01,economy,6542,0.243,0.03,0,2,403
2025-06-12,NORTH-01,standard,6006,0.363,0.245,0,3,250
2025-06-12,NORTH-01,priority,5352,0.343,0.123,0,3,325
2025-06-12,NORTH-01,economy,4833,0.419,0.101,0,3,314
2025-06-12,NORTH-02,standard,5653,0.248,0.28,0,3,341
2025-06-12,NORTH-02,priority,6206,0.073,0.186,0,3,309
2025-06-12,NORTH-02,economy,4696,0.117,0.166,0,3,360
2025-06-12,CENTRAL-01,standard,6432,0.082,0.209,0,3,304
2025-06-12,CENTRAL-01,priority,6834,0.09,0.126,0,3,486
2025-06-12,CENTRAL-01,economy,5960,0.122,0.112,0,3,219
2025-06-12,SOUTH-01,standard,7119,0.183,0.102,0,3,490
2025-06-12,SOUTH-01,priority,7728,0.1,0.228,0,3,484
2025-06-12,SOUTH-01,economy,5673,0.17,0.243,0,3,532
2025-06-12,SOUTH-02,standard,7681,0.09,0.323,0,3,489
2025-06-12,SOUTH-02,priority,6751,0.0,0.133,0,3,209
2025-06-12,SOUTH-02,economy,5883,0.325,0.052,0,3,254
2025-06-12,WEST-01,standard,8626,0.317,0.231,0,3,344
2025-06-12,WEST-01,priority,6952,0.342,0.086,0,3,304
2025-06-12,WEST-01,economy,6584,0.101,0.143,0,3,405
2025-06-13,NORTH-01,standard,5693,0.0,0.168,0,4,270
2025-06-13,NORTH-01,priority,5722,0.103,0.225,0,4,331
2025-06-13,NORTH-01,economy,5635,0.094,0.213,0,4,345
2025-06-13,NORTH-02,standard,6722,0.0,0.094,0,4,328
2025-06-13,NORTH-02,priority,5817,0.077,0.078,0,4,170
2025-06-13,NORTH-02,economy,4979,0.176,0.157,0,4,204
2025-06-13,CENTRAL-01,standard,6655,0.302,0.043,0,4,466
2025-06-13,CENTRAL-01,priority,5835,0.199,0.248,0,4,260
2025-06-13,CENTRAL-01,economy,6178,0.125,0.413,0,4,448
2025-06-13,SOUTH-01,standard,7634,0.258,0.156,0,4,184
2025-06-13,SOUTH-01,priority,7076,0.213,0.184,0,4,253
2025-06-13,SOUTH-01,economy,6250,0.05,0.068,0,4,431
2025-06-13,SOUTH-02,standard,8100,0.066,0.303,0,4,437
2025-06-13,SOUTH-02,priority,7345,0.155,0.224,0,4,627
2025-06-13,SOUTH-02,economy,6111,0.034,0.026,0,4,429
2025-06-13,WEST-01,standard,8124,0.129,0.252,0,4,553
2025-06-13,WEST-01,priority,8279,0.08,0.245,0,4,360
2025-06-13,WEST-01,economy,7067,0.239,0.171,0,4,546
2025-06-14,NORTH-01,standard,6192,0.297,0.191,0,5,213
2025-06-14,NORTH-01,priority,5234,0.175,0.062,0,5,471
2025-06-14,NORTH-01,economy,4101,0.179,0.0,0,5,372
2025-06-14,NORTH-02,standard,6027,0.115,0.213,0,5,406
2025-06-14,NORTH-02,priority,5534,0.232,0.213,0,5,439
2025-06-14,NORTH-02,economy,4829,0.361,0.0,0,5,108
2025-06-14,CENTRAL-01,standard,6814,0.077,0.088,0,5,429
2025-06-14,CENTRAL-01,priority,6419,0.289,0.171,0,5,243
2025-06-14,CENTRAL-01,economy,5927,0.307,0.0,0,5,519
2025-06-14,SOUTH-01,standard,6641,0.27,0.328,0,5,472
2025-06-14,SOUTH-01,priority,6158,0.196,0.17,0,5,412
2025-06-14,SOUTH-01,economy,5882,0.222,0.095,0,5,198
2025-06-14,SOUTH-02,standard,8238,0.133,0.227,0,5,519
2025-06-14,SOUTH-02,priority,6790,0.295,0.228,0,5,424
2025-06-14,SOUTH-02,economy,5610,0.31,0.04,0,5,175
2025-06-14,WEST-01,standard,7953,0.0,0.066,0,5,600
2025-06-14,WEST-01,priority,7462,0.128,0.029,0,5,381
2025-06-14,WEST-01,economy,7351,0.086,0.103,0,5,231
2025-06-15,NORTH-01,standard,5919,0.0,0.187,0,6,543
2025-06-15,NORTH-01,priority,5685,0.161,0.142,0,6,149
2025-06-15,NORTH-01,economy,5087,0.221,0.121,0,6,254
2025-06-15,NORTH-02,standard,6517,0.201,0.121,0,6,345
2025-06-15,NORTH-02,priority,5805,0.211,0.29,0,6,402
2025-06-15,NORTH-02,economy,3928,0.454,0.181,0,6,217
2025-06-15,CENTRAL-01,standard,7011,0.036,0.224,0,6,517
2025-06-15,CENTRAL-01,priority,5689,0.253,0.199,0,6,411
2025-06-15,CENTRAL-01,economy,5163,0.344,0.034,0,6,377
2025-06-15,SOUTH-01,standard,7697,0.192,0.265,0,6,459
2025-06-15,SOUTH-01,priority,6644,0.278,0.211,0,6,336
2025-06-15,SOUTH-01,economy,5807,0.299,0.091,0,6,215
2025-06-15,SOUTH-02,standard,7340,0.268,0.249,0,6,381
2025-06-15,SOUTH-02,priority,7823,0.122,0.236,0,6,357
2025-06-15,SOUTH-02,economy,6745,0.0,0.242,0,6,388
2025-06-15,WEST-01,standard,7713,0.296,0.121,0,6,368
2025-06-15,WEST-01,priority,8219,0.239,0.22,0,6,474
2025-06-15,WEST-01,economy,6575,0.163,0.221,0,6,547
2025-06-16,NORTH-01,standard,6418,0.205,0.132,0,0,447
2025-06-16,NORTH-01,priority,5569,0.146,0.142,0,0,294
2025-06-16,NORTH-01,economy,5621,0.112,0.183,0,0,30
2025-06-16,NORTH-02,standard,6761,0.13,0.034,0,0,503
2025-06-16,NORTH-02,priority,6658,0.0,0.174,0,0,295
2025-06-16,NORTH-02,economy,6379,0.062,0.176,0,0,164
2025-06-16,CENTRAL-01,standard,7650,0.318,0.055,0,0,267
2025-06-16,CENTRAL-01,priority,6809,0.125,0.048,0,0,360
2025-06-16,CENTRAL-01,economy,6832,0.042,0.175,0,0,709
2025-06-16,SOUTH-01,standard,7434,0.291,0.244,0,0,168
2025-06-16,SOUTH-01,priority,8790,0.144,0.293,0,0,361
2025-06-16,SOUTH-01,economy,6955,0.11,0.194,0,0,368
2025-06-16,SOUTH-02,standard,9341,0.256,0.367,0,0,684
2025-06-16,SOUTH-02,priority,7840,0.0,0.236,0,0,616
2025-06-16,SOUTH-02,economy,6952,0.343,0.198,0,0,330
2025-06-16,WEST-01,standard,9309,0.132,0.211,0,0,629
2025-06-16,WEST-01,priority,8341,0.373,0.082,0,0,485
2025-06-16,WEST-01,economy,8090,0.169,0.225,0,0,353
2025-06-17,NORTH-01,standard,6546,0.163,0.122,0,1,366
2025-06-17,NORTH-01,priority,7028,0.024,0.188,0,1,396
2025-06-17,NORTH-01,economy,5115,0.294,0.162,0,1,574
2025-06-17,NORTH-02,standard,7141,0.0,0.151,0,1,584
2025-06-17,NORTH-02,priority,6929,0.206,0.354,0,1,296
2025-06-17,NORTH-02,economy,5983,0.0,0.239,0,1,309
2025-06-17,CENTRAL-01,standard,7448,0.327,0.234,0,1,348
2025-06-17,CENTRAL-01,priority,7406,0.0,0.0,0,1,507
2025-06-17,CENTRAL-01,economy,6175,0.223,0.165,0,1,541
2025-06-17,SOUTH-01,standard,8344,0.0,0.113,0,1,430
2025-06-17,SOUTH-01,priority,7717,0.18,0.108,0,1,265
2025-06-17,SOUTH-01,economy,6840,0.163,0.185,0,1,385
2025-06-17,SOUTH-02,standard,7692,0.206,0.009,0,1,426
2025-06-17,SOUTH-02,priority,8221,0.107,0.106,0,1,307
2025-06-17,SOUTH-02,economy,8187,0.0,0.283,0,1,569
2025-06-17,WEST-01,standard,8602,0.046,0.144,0,1,430
2025-06-17,WEST-01,priority,8542,0.138,0.064,0,1,405
2025-06-17,WEST-01,economy,6534,0.387,0.157,0,1,158
2025-06-18,NORTH-01,standard,5811,0.431,0.121,0,2,355
2025-06-18,NORTH-01,priority,5570,0.35,0.0,0,2,498
2025-06-18,NORTH-01,economy,4618,0.181,0.183,0,2,116
2025-06-18,NORTH-02,standard,6477,0.25,0.17,0,2,432
2025-06-18,NORTH-02,priority,6001,0.107,0.269,0,2,425
2025-06-18,NORTH-02,economy,5341,0.147,0.234,0,2,330
2025-06-18,CENTRAL-01,standard,6412,0.325,0.012,0,2,298
2025-06-18,CENTRAL-01,priority,6199,0.225,0.175,0,2,280
2025-06-18,CENTRAL-01,economy,5553,0.177,0.176,0,2,479
2025-06-18,SOUTH-01,standard,6213,0.253,0.152,0,2,340
2025-06-18,SOUTH-01,priority,6674,0.256,0.128,0,2,353
2025-06-18,SOUTH-01,economy,6468,0.208,0.262,0,2,218
2025-06-18,SOUTH-02,standard,8389,0.0,0.185,0,2,232
2025-06-18,SOUTH-02,priority,7220,0.155,0.34,0,2,699
2025-06-18,SOUTH-02,economy,6182,0.081,0.098,0,2,211
2025-06-18,WEST-01,standard,8323,0.0,0.132,0,2,343
2025-06-18,WEST-01,priority,8107,0.123,0.266,0,2,392
2025-06-18,WEST-01,economy,6786,0.232,0.019,0,2,376
2025-06-19,NORTH-01,standard,5964,0.135,0.153,0,3,201
2025-06-19,NORTH-01,priority,5105,0.382,0.226,0,3,121
2025-06-19,NORTH-01,economy,5024,0.0,0.31,0,3,422
2025-06-19,NORTH-02,standard,6368,0.066,0.125,0,3,400
2025-06-19,NORTH-02,priority,5290,0.191,0.076,0,3,328
2025-06-19,NORTH-02,economy,5179,0.0,0.084,0,3,383
2025-06-19,CENTRAL-01,standard,6639,0.36,0.112,0,3,155
2025-06-19,CENTRAL-01,priority,5957,0.22,0.077,0,3,415
2025-06-19,CENTRAL-01,economy,5730,0.242,0.034,0,3,347
2025-06-19,SOUTH-01,standard,7948,0.332,0.267,0,3,247
2025-06-19,SOUTH-01,priority,6989,0.228,0.024,0,3,562
2025-06-19,SOUTH-01,economy,6104,0.297,0.116,0,3,296
2025-06-19,SOUTH-02,standard,6844,0.182,0.143,0,3,288
2025-06-19,SOUTH-02,priority,6887,0.453,0.143,0,3,385
2025-06-19,SOUTH-02,economy,6331,0.131,0.153,0,3,95
2025-06-19,WEST-01,standard,7711,0.274,0.279,0,3,361
2025-06-19,WEST-01,priority,7428,0.36,0.088,0,3,922
2025-06-19,WEST-01,economy,7193,0.256,0.156,0,3,488
2025-06-20,NORTH-01,standard,6123,0.101,0.011,0,4,452
2025-06-20,NORTH-01,priority,6159,0.144,0.282,0,4,457
2025-06-20,NORTH-01,economy,4505,0.147,0.0,0,4,94
2025-06-20,NORTH-02,standard,7124,0.0,0.202,0,4,159
2025-06-20,NORTH-02,priority,5689,0.149,0.149,0,4,185
2025-06-20,NORTH-02,economy,4068,0.34,0.042,0,4,137
2025-06-20,CENTRAL-01,standard,6433,0.238,0.129,0,4,436
2025-06-20,CENTRAL-01,priority,6209,0.22,0.0,0,4,508
2025-06-20,CENTRAL-01,economy,6381,0.165,0.131,0,4,286
2025-06-20,SOUTH-01,standard,7337,0.16,0.176,0,4,367
2025-06-20,SOUTH-01,priority,7132,0.191,0.276,0,4,384
2025-06-20,SOUTH-01,economy,6445,0.076,0.092,0,4,182
2025-06-20,SOUTH-02,standard,6854,0.468,0.147,0,4,407
2025-06-20,SOUTH-02,priority,6485,0.084,0.116,0,4,345
2025-06-20,SOUTH-02,economy,6210,0.0,0.102,0,4,306
2025-06-20,WEST-01,standard,8584,0.088,0.153,0,4,480
2025-06-20,WEST-01,priority,7452,0.336,0.11,0,4,447
2025-06-20,WEST-01,economy,7019,0.318,0.092,0,4,287
2025-06-21,NORTH-01,standard,6193,0.112,0.121,0,5,235
2025-06-21,NORTH-01,priority,5415,0.066,0.098,0,5,230
2025-06-21,NORTH-01,economy,4949,0.212,0.121,0,5,336
2025-06-21,NORTH-02,standard,5718,0.39,0.16,0,5,326
2025-06-21,NORTH-02,priority,6331,0.183,0.077,0,5,332
2025-06-21,NORTH-02,economy,4874,0.103,0.165,0,5,442
2025-06-21,CENTRAL-01,standard,7016,0.272,0.16,0,5,330
2025-06-21,CENTRAL-01,priority,6136,0.0,0.124,0,5,119
2025-06-21,CENTRAL-01,economy,5145,0.053,0.052,0,5,494
2025-06-21,SOUTH-01,standard,7522,0.241,0.227,0,5,535
2025-06-21,SOUTH-01,priority,6278,0.183,0.271,0,5,360
2025-06-21,SOUTH-01,economy,6438,0.057,0.249,0,5,515
2025-06-21,SOUTH-02,standard,7039,0.012,0.102,0,5,434
2025-06-21,SOUTH-02,priority,7212,0.129,0.21,0,5,140
2025-06-21,SOUTH-02,economy,6823,0.0,0.157,0,5,118
2025-06-21,WEST-01,standard,7568,0.17,0.069,0,5,328
2025-06-21,WEST-01,priority,6589,0.195,0.093,0,5,391
2025-06-21,WEST-01,economy,6702,0.138,0.075,0,5,339
2025-06-22,NORTH-01,standard,6018,0.185,0.13,0,6,354
2025-06-22,NORTH-01,priority,5422,0.278,0.277,0,6,268
2025-06-22,NORTH-01,economy,4579,0.008,0.202,0,6,599
2025-06-22,NORTH-02,standard,5387,0.514,0.133,0,6,420
2025-06-22,NORTH-02,priority,6227,0.432,0.045,0,6,144
2025-06-22,NORTH-02,economy,5783,0.005,0.175,0,6,345
2025-06-22,CENTRAL-01,standard,7413,0.234,0.238,0,6,327
2025-06-22,CENTRAL-01,priority,6608,0.076,0.234,0,6,448
2025-06-22,CENTRAL-01,economy,5274,0.101,0.201,0,6,367
2025-06-22,SOUTH-01,standard,7596,0.193,0.159,0,6,285
2025-06-22,SOUTH-01,priority,6245,0.261,0.152,0,6,208
2025-06-22,SOUTH-01,economy,5668,0.407,0.144,0,6,212
2025-06-22,SOUTH-02,standard,8026,0.311,0.231,0,6,413
2025-06-22,SOUTH-02,priority,7006,0.27,0.084,0,6,383
2025-06-22,SOUTH-02,economy,7033,0.212,0.005,0,6,585
2025-06-22,WEST-01,standard,7686,0.042,0.196,0,6,420
2025-06-22,WEST-01,priority,7436,0.0,0.127,0,6,541
2025-06-22,WEST-01,economy,7364,0.38,0.285,0,6,410
2025-06-23,NORTH-01,standard,6380,0.227,0.181,0,0,508
2025-06-23,NORTH-01,priority,5301,0.263,0.209,0,0,393
2025-06-23,NORTH-01,economy,5319,0.301,0.149,0,0,176
2025-06-23,NORTH-02,standard,7381,0.008,0.162,0,0,371
2025-06-23,NORTH-02,priority,6254,0.363,0.05,0,0,570
2025-06-23,NORTH-02,economy,6036,0.143,0.155,0,0,445
2025-06-23,CENTRAL-01,standard,7904,0.0,0.134,0,0,297
2025-06-23,CENTRAL-01,priority,7351,0.221,0.213,0,0,614
2025-06-23,CENTRAL-01,economy,6796,0.128,0.19,0,0,355
2025-06-23,SOUTH-01,standard,7572,0.316,0.173,0,0,497
2025-06-23,SOUTH-01,priority,7467,0.12,0.124,0,0,492
2025-06-23,SOUTH-01,economy,6706,0.309,0.137,0,0,135
2025-06-23,SOUTH-02,standard,8712,0.095,0.074,0,0,428
2025-06-23,SOUTH-02,priority,8065,0.071,0.162,0,0,117
2025-06-23,SOUTH-02,economy,7241,0.313,0.231,0,0,439
2025-06-23,WEST-01,standard,9813,0.141,0.022,0,0,564
2025-06-23,WEST-01,priority,8752,0.293,0.127,0,0,278
2025-06-23,WEST-01,economy,7627,0.151,0.209,0,0,518
2025-06-24,NORTH-01,standard,6567,0.216,0.167,0,1,425
2025-06-24,NORTH-01,priority,6303,0.412,0.164,0,1,453
2025-06-24,NORTH-01,economy,5683,0.043,0.139,0,1,95
2025-06-24,NORTH-02,standard,7418,0.275,0.075,0,1,311
2025-06-24,NORTH-02,priority,7249,0.425,0.128,0,1,376
2025-06-24,NORTH-02,economy,5848,0.174,0.275,0,1,361
2025-06-24,CENTRAL-01,standard,7741,0.245,0.182,0,1,400
2025-06-24,CENTRAL-01,priority,7453,0.282,0.164,0,1,450
2025-06-24,CENTRAL-01,economy,6414,0.258,0.241,0,1,505
2025-06-24,SOUTH-01,standard,7910,0.161,0.038,0,1,330
2025-06-24,SOUTH-01,priority,7536,0.225,0.127,0,1,527
2025-06-24,SOUTH-01,economy,7256,0.358,0.173,0,1,376
2025-06-24,SOUTH-02,standard,8563,0.0,0.056,0,1,532
2025-06-24,SOUTH-02,priority,8890,0.157,0.245,0,1,340
2025-06-24,SOUTH-02,economy,7745,0.435,0.019,0,1,408
2025-06-24,WEST-01,standard,8719,0.152,0.149,0,1,621
2025-06-24,WEST-01,priority,7850,0.097,0.105,0,1,327
2025-06-24,WEST-01,economy,7716,0.096,0.089,0,1,277
2025-06-25,NORTH-01,standard,5952,0.371,0.138,0,2,461
2025-06-25,NORTH-01,priority,5131,0.423,0.223,0,2,205
2025-06-25,NORTH-01,economy,4872,0.221,0.235,0,2,333
2025-06-25,NORTH-02,standard,6264,0.206,0.0,0,2,455
2025-06-25,NORTH-02,priority,6396,0.175,0.24,0,2,311
2025-06-25,NORTH-02,economy,4277,0.233,0.153,0,2,285
2025-06-25,CENTRAL-01,standard,7254,0.056,0.161,0,2,371
2025-06-25,CENTRAL-01,priority,7369,0.072,0.169,0,2,140
2025-06-25,CENTRAL-01,economy,5344,0.208,0.106,0,2,327
2025-06-25,SOUTH-01,standard,7268,0.139,0.198,0,2,138
2025-06-25,SOUTH-01,priority,6372,0.334,0.24,0,2,377
2025-06-25,SOUTH-01,economy,6574,0.326,0.233,0,2,422
2025-06-25,SOUTH-02,standard,7616,0.272,0.263,0,2,461
2025-06-25,SOUTH-02,priority,7296,0.0,0.024,0,2,477
2025-06-25,SOUTH-02,economy,6294,0.134,0.101,0,2,391
2025-06-25,WEST-01,standard,8355,0.0,0.187,0,2,460
2025-06-25,WEST-01,priority,6926,0.165,0.039,0,2,570
2025-06-25,WEST-01,economy,6588,0.103,0.215,0,2,375
2025-06-26,NORTH-01,standard,5860,0.127,0.127,0,3,529
2025-06-26,NORTH-01,priority,5006,0.411,0.169,0,3,170
2025-06-26,NORTH-01,economy,4423,0.012,0.266,0,3,259
2025-06-26,NORTH-02,standard,5684,0.199,0.0,0,3,189
2025-06-26,NORTH-02,priority,6323,0.1,0.171,0,3,290
2025-06-26,NORTH-02,economy,4873,0.125,0.14,0,3,376
2025-06-26,CENTRAL-01,standard,6876,0.234,0.0,0,3,401
2025-06-26,CENTRAL-01,priority,5564,0.211,0.244,0,3,196
2025-06-26,CENTRAL-01,economy,5335,0.172,0.0,0,3,441
2025-06-26,SOUTH-01,standard,7141,0.228,0.156,0,3,342
2025-06-26,SOUTH-01,priority,6078,0.122,0.168,0,3,537
2025-06-26,SOUTH-01,economy,6203,0.091,0.195,0,3,227
2025-06-26,SOUTH-02,standard,7013,0.335,0.237,0,3,381
2025-06-26,SOUTH-02,priority,5983,0.205,0.0,0,3,259
2025-06-26,SOUTH-02,economy,5950,0.022,0.067,0,3,343
2025-06-26,WEST-01,standard,8417,0.073,0.239,0,3,527
2025-06-26,WEST-01,priority,7670,0.0,0.1,0,3,464
2025-06-26,WEST-01,economy,6749,0.102,0.11,0,3,346
2025-06-27,NORTH-01,standard,5800,0.44,0.175,0,4,202
2025-06-27,NORTH-01,priority,5952,0.032,0.133,0,4,334
2025-06-27,NORTH-01,economy,3956,0.161,0.09,0,4,351
2025-06-27,NORTH-02,standard,6552,0.149,0.186,0,4,260
2025-06-27,NORTH-02,priority,5733,0.207,0.047,0,4,344
2025-06-27,NORTH-02,economy,4365,0.365,0.081,0,4,261
2025-06-27,CENTRAL-01,standard,6960,0.253,0.0,0,4,363
2025-06-27,CENTRAL-01,priority,6000,0.043,0.121,0,4,212
2025-06-27,CENTRAL-01,economy,5605,0.0,0.208,0,4,301
2025-06-27,SOUTH-01,standard,6535,0.281,0.154,0,4,456
2025-06-27,SOUTH-01,priority,6182,0.358,0.19,0,4,188
2025-06-27,SOUTH-01,economy,6742,0.072,0.158,0,4,291
2025-06-27,SOUTH-02,standard,7695,0.102,0.232,0,4,616
2025-06-27,SOUTH-02,priority,7379,0.162,0.243,0,4,486
2025-06-27,SOUTH-02,economy,6649,0.159,0.141,0,4,475
2025-06-27,WEST-01,standard,8010,0.243,0.009,0,4,341
2025-06-27,WEST-01,priority,8333,0.114,0.187,0,4,402
2025-06-27,WEST-01,economy,7090,0.417,0.062,0,4,444
2025-06-28,NORTH-01,standard,5835,0.205,0.261,0,5,508
2025-06-28,NORTH-01,priority,4768,0.155,0.099,0,5,513
2025-06-28,NORTH-01,economy,4805,0.317,0.112,0,5,339
2025-06-28,NORTH-02,standard,6289,0.138,0.227,0,5,105
2025-06-28,NORTH-02,priority,5526,0.211,0.155,0,5,238
2025-06-28,NORTH-02,economy,4935,0.0,0.121,0,5,443
2025-06-28,CENTRAL-01,standard,6962,0.242,0.111,0,5,375
2025-06-28,CENTRAL-01,priority,6994,0.148,0.146,0,5,467
2025-06-28,CENTRAL-01,economy,6089,0.144,0.222,0,5,393
2025-06-28,SOUTH-01,standard,6821,0.141,0.118,0,5,406
2025-06-28,SOUTH-01,priority,6941,0.107,0.115,0,5,590
2025-06-28,SOUTH-01,economy,5978,0.225,0.142,0,5,495
2025-06-28,SOUTH-02,standard,7795,0.227,0.165,0,5,242
2025-06-28,SOUTH-02,priority,7123,0.227,0.08,0,5,305
2025-06-28,SOUTH-02,economy,5906,0.251,0.138,0,5,322
2025-06-28,WEST-01,standard,7781,0.445,0.0,0,5,292
2025-06-28,WEST-01,priority,7528,0.345,0.215,0,5,515
2025-06-28,WEST-01,economy,6619,0.209,0.15,0,5,335
2025-06-29,NORTH-01,standard,5244,0.124,0.151,0,6,460
2025-06-29,NORTH-01,priority,5608,0.414,0.115,0,6,332
2025-06-29,NORTH-01,economy,4811,0.108,0.119,0,6,237
2025-06-29,NORTH-02,standard,5850,0.253,0.108,0,6,353
2025-06-29,NORTH-02,priority,5817,0.097,0.124,0,6,193
2025-06-29,NORTH-02,economy,4837,0.355,0.215,0,6,322
2025-06-29,CENTRAL-01,standard,7590,0.256,0.167,0,6,379
2025-06-29,CENTRAL-01,priority,5470,0.323,0.043,0,6,546
2025-06-29,CENTRAL-01,economy,5518,0.128,0.057,0,6,497
2025-06-29,SOUTH-01,standard,6577,0.088,0.147,0,6,321
2025-06-29,SOUTH-01,priority,5938,0.3,0.087,0,6,265
2025-06-29,SOUTH-01,economy,6340,0.107,0.211,0,6,438
2025-06-29,SOUTH-02,standard,7317,0.183,0.1,0,6,451
2025-06-29,SOUTH-02,priority,6395,0.371,0.075,0,6,235
2025-06-29,SOUTH-02,economy,6607,0.28,0.147,0,6,317
2025-06-29,WEST-01,standard,7394,0.254,0.127,0,6,512
2025-06-29,WEST-01,priority,7609,0.176,0.125,0,6,234
2025-06-29,WEST-01,economy,6726,0.232,0.102,0,6,518
2025-06-30,NORTH-01,standard,6760,0.257,0.136,0,0,75
2025-06-30,NORTH-01,priority,6054,0.081,0.163,0,0,202
2025-06-30,NORTH-01,economy,5425,0.238,0.255,0,0,447
2025-06-30,NORTH-02,standard,6838,0.267,0.072,0,0,601
2025-06-30,NORTH-02,priority,7585,0.046,0.101,0,0,339
2025-06-30,NORTH-02,economy,5889,0.342,0.068,0,0,486
2025-06-30,CENTRAL-01,standard,8123,0.124,0.158,0,0,315
2025-06-30,CENTRAL-01,priority,6841,0.449,0.233,0,0,357
2025-06-30,CENTRAL-01,economy,6069,0.409,0.122,0,0,499
2025-06-30,SOUTH-01,standard,8358,0.012,0.144,0,0,346
2025-06-30,SOUTH-01,priority,8017,0.0,0.156,0,0,339
2025-06-30,SOUTH-01,economy,7414,0.038,0.25,0,0,359
2025-06-30,SOUTH-02,standard,9286,0.291,0.169,0,0,538
2025-06-30,SOUTH-02,priority,7817,0.013,0.097,0,0,451
2025-06-30,SOUTH-02,economy,7537,0.144,0.06,0,0,526
2025-06-30,WEST-01,standard,8665,0.168,0.167,0,0,377
2025-06-30,WEST-01,priority,8635,0.122,0.195,0,0,399
2025-06-30,WEST-01,economy,8326,0.136,0.0,0,0,179
2025-07-01,NORTH-01,standard,6737,0.231,0.153,0,1,381
2025-07-01,NORTH-01,priority,5856,0.1,0.202,0,1,395
2025-07-01,NORTH-01,economy,5513,0.099,0.116,0,1,325
2025-07-01,NORTH-02,standard,7655,0.24,0.147,0,1,535
2025-07-01,NORTH-02,priority,7586,0.217,0.205,0,1,237
2025-07-01,NORTH-02,economy,6301,0.309,0.274,0,1,597
2025-07-01,CENTRAL-01,standard,7416,0.393,0.123,0,1,466
2025-07-01,CENTRAL-01,priority,7801,0.105,0.367,0,1,419
2025-07-01,CENTRAL-01,economy,6190,0.011,0.17,0,1,456
2025-07-01,SOUTH-01,standard,8303,0.0,0.261,0,1,226
2025-07-01,SOUTH-01,priority,7537,0.178,0.151,0,1,571
2025-07-01,SOUTH-01,economy,6875,0.226,0.214,0,1,437
2025-07-01,SOUTH-02,standard,8459,0.023,0.171,0,1,592
2025-07-01,SOUTH-02,priority,8159,0.189,0.203,0,1,641
2025-07-01,SOUTH-02,economy,7118,0.0,0.141,0,1,147
2025-07-01,WEST-01,standard,9256,0.057,0.244,0,1,431
2025-07-01,WEST-01,priority,8606,0.273,0.159,0,1,476
2025-07-01,WEST-01,economy,8137,0.245,0.114,0,1,278
2025-07-02,NORTH-01,standard,6046,0.17,0.238,0,2,309
2025-07-02,NORTH-01,priority,5326,0.455,0.263,0,2,223
2025-07-02,NORTH-01,economy,5517,0.0,0.207,0,2,393
2025-07-02,NORTH-02,standard,6396,0.0,0.163,0,2,391
2025-07-02,NORTH-02,priority,5913,0.413,0.213,0,2,351
2025-07-02,NORTH-02,economy,5298,0.23,0.092,0,2,315
2025-07-02,CENTRAL-01,standard,6085,0.081,0.215,0,2,297
2025-07-02,CENTRAL-01,priority,6487,0.254,0.248,0,2,293
2025-07-02,CENTRAL-01,economy,6302,0.174,0.173,0,2,479
2025-07-02,SOUTH-01,standard,6739,0.291,0.155,0,2,213
2025-07-02,SOUTH-01,priority,6554,0.144,0.206,0,2,445
2025-07-02,SOUTH-01,economy,6655,0.085,0.099,0,2,471
2025-07-02,SOUTH-02,standard,8061,0.143,0.084,0,2,527
2025-07-02,SOUTH-02,priority,6546,0.257,0.136,0,2,374
2025-07-02,SOUTH-02,economy,6249,0.349,0.077,0,2,563
2025-07-02,WEST-01,standard,7595,0.143,0.14,0,2,482
2025-07-02,WEST-01,priority,7046,0.091,0.026,0,2,416
2025-07-02,WEST-01,economy,7161,0.0,0.039,0,2,386
2025-07-03,NORTH-01,standard,6790,0.07,0.124,0,3,537
2025-07-03,NORTH-01,priority,5518,0.167,0.215,0,3,132
2025-07-03,NORTH-01,economy,4163,0.0,0.077,0,3,337
2025-07-03,NORTH-02,standard,6711,0.114,0.184,0,3,464
2025-07-03,NORTH-02,priority,5554,0.068,0.191,0,3,431
2025-07-03,NORTH-02,economy,5049,0.327,0.208,0,3,399
2025-07-03,CENTRAL-01,standard,7036,0.0,0.009,0,3,548
2025-07-03,CENTRAL-01,priority,6552,0.032,0.151,0,3,302
2025-07-03,CENTRAL-01,economy,5757,0.139,0.199,0,3,366
2025-07-03,SOUTH-01,standard,7219,0.062,0.148,0,3,355
2025-07-03,SOUTH-01,priority,6355,0.115,0.148,0,3,372
2025-07-03,SOUTH-01,economy,5171,0.136,0.075,0,3,448
2025-07-03,SOUTH-02,standard,7839,0.27,0.086,0,3,292
2025-07-03,SOUTH-02,priority,6957,0.143,0.108,0,3,466
2025-07-03,SOUTH-02,economy,6795,0.132,0.123,0,3,391
2025-07-03,WEST-01,standard,8648,0.109,0.169,0,3,566
2025-07-03,WEST-01,priority,7959,0.021,0.048,0,3,384
2025-07-03,WEST-01,economy,6808,0.0,0.092,0,3,346
2025-07-04,NORTH-01,standard,7812,0.272,0.076,1,4,448
2025-07-04,NORTH-01,priority,7290,0.026,0.124,1,4,403
2025-07-04,NORTH-01,economy,6488,0.225,0.103,1,4,326
2025-07-04,NORTH-02,standard,8751,0.486,0.044,1,4,328
2025-07-04,NORTH-02,priority,6968,0.333,0.216,1,4,460
2025-07-04,NORTH-02,economy,6928,0.121,0.172,1,4,345
2025-07-04,CENTRAL-01,standard,8156,0.128,0.177,1,4,320
2025-07-04,CENTRAL-01,priority,7226,0.295,0.184,1,4,276
2025-07-04,CENTRAL-01,economy,7757,0.0,0.223,1,4,282
2025-07-04,SOUTH-01,standard,8367,0.258,0.309,1,4,357
2025-07-04,SOUTH-01,priority,8482,0.0,0.226,1,4,386
2025-07-04,SOUTH-01,economy,7396,0.207,0.105,1,4,434
2025-07-04,SOUTH-02,standard,9268,0.107,0.112,1,4,469
2025-07-04,SOUTH-02,priority,8059,0.252,0.197,1,4,590
2025-07-04,SOUTH-02,economy,7656,0.187,0.123,1,4,648
2025-07-04,WEST-01,standard,9728,0.463,0.299,1,4,513
2025-07-04,WEST-01,priority,9167,0.359,0.131,1,4,482
2025-07-04,WEST-01,economy,8383,0.41,0.265,1,4,614
2025-07-05,NORTH-01,standard,5822,0.18,0.106,0,5,372
2025-07-05,NORTH-01,priority,4803,0.086,0.109,0,5,225
2025-07-05,NORTH-01,economy,5219,0.208,0.233,0,5,388
2025-07-05,NORTH-02,standard,6419,0.0,0.081,0,5,488
2025-07-05,NORTH-02,priority,6353,0.113,0.052,0,5,282
2025-07-05,NORTH-02,economy,5310,0.045,0.168,0,5,279
2025-07-05,CENTRAL-01,standard,6549,0.18,0.076,0,5,372
2025-07-05,CENTRAL-01,priority,5917,0.0,0.226,0,5,244
2025-07-05,CENTRAL-01,economy,5602,0.3,0.196,0,5,143
2025-07-05,SOUTH-01,standard,7270,0.107,0.133,0,5,535
2025-07-05,SOUTH-01,priority,6288,0.419,0.199,0,5,514
2025-07-05,SOUTH-01,economy,5398,0.109,0.0,0,5,57
2025-07-05,SOUTH-02,standard,7071,0.134,0.136,0,5,289
2025-07-05,SOUTH-02,priority,6879,0.009,0.14,0,5,507
2025-07-05,SOUTH-02,economy,6428,0.2,0.278,0,5,630
2025-07-05,WEST-01,standard,9105,0.18,0.108,0,5,233
2025-07-05,WEST-01,priority,6648,0.114,0.017,0,5,131
2025-07-05,WEST-01,economy,6600,0.254,0.044,0,5,485
2025-07-06,NORTH-01,standard,6499,0.236,0.183,0,6,568
2025-07-06,NORTH-01,priority,5447,0.03,0.189,0,6,325
2025-07-06,NORTH-01,economy,4689,0.0,0.107,0,6,492
2025-07-06,NORTH-02,standard,6363,0.041,0.0,0,6,220
2025-07-06,NORTH-02,priority,5847,0.163,0.203,0,6,303
2025-07-06,NORTH-02,economy,4804,0.161,0.218,0,6,411
2025-07-06,CENTRAL-01,standard,6378,0.059,0.198,0,6,436
2025-07-06,CENTRAL-01,priority,6661,0.168,0.158,0,6,281
2025-07-06,CENTRAL-01,economy,5525,0.177,0.174,0,6,431
2025-07-06,SOUTH-01,standard,7724,0.22,0.104,0,6,479
2025-07-06,SOUTH-01,priority,6581,0.079,0.082,0,6,431
2025-07-06,SOUTH-01,economy,5887,0.0,0.086,0,6,184
2025-07-06,SOUTH-02,standard,7637,0.057,0.161,0,6,359
2025-07-06,SOUTH-02,priority,6594,0.015,0.133,0,6,552
2025-07-06,SOUTH-02,economy,5771,0.389,0.112,0,6,455
2025-07-06,WEST-01,standard,9171,0.251,0.3,0,6,211
2025-07-06,WEST-01,priority,7611,0.319,0.132,0,6,501
2025-07-06,WEST-01,economy,6693,0.268,0.23,0,6,266
2025-07-07,NORTH-01,standard,7466,0.322,0.08,0,0,312
2025-07-07,NORTH-01,priority,5654,0.134,0.135,0,0,165
2025-07-07,NORTH-01,economy,6447,0.289,0.012,0,0,362
2025-07-07,NORTH-02,standard,6448,0.056,0.184,0,0,333
2025-07-07,NORTH-02,priority,6339,0.155,0.049,0,0,553
2025-07-07,NORTH-02,economy,5779,0.202,0.182,0,0,194
2025-07-07,CENTRAL-01,standard,7137,0.151,0.0,0,0,243
2025-07-07,CENTRAL-01,priority,7311,0.0,0.202,0,0,324
2025-07-07,CENTRAL-01,economy,5718,0.261,0.018,0,0,485
2025-07-07,SOUTH-01,standard,8209,0.454,0.205,0,0,356
2025-07-07,SOUTH-01,priority,8229,0.113,0.168,0,0,478
2025-07-07,SOUTH-01,economy,7013,0.295,0.077,0,0,309
2025-07-07,SOUTH-02,standard,8443,0.197,0.199,0,0,311
2025-07-07,SOUTH-02,priority,8004,0.224,0.139,0,0,498
2025-07-07,SOUTH-02,economy,7528,0.337,0.203,0,0,345
2025-07-07,WEST-01,standard,8980,0.138,0.186,0,0,503
2025-07-07,WEST-01,priority,8792,0.082,0.304,0,0,459
2025-07-07,WEST-01,economy,7526,0.122,0.303,0,0,321
2025-07-08,NORTH-01,standard,6590,0.282,0.169,0,1,311
2025-07-08,NORTH-01,priority,6975,0.145,0.158,0,1,461
2025-07-08,NORTH-01,economy,5723,0.303,0.115,0,1,165
2025-07-08,NORTH-02,standard,8088,0.202,0.159,0,1,609
2025-07-08,NORTH-02,priority,6325,0.149,0.085,0,1,334
2025-07-08,NORTH-02,economy,6209,0.336,0.183,0,1,463
2025-07-08,CENTRAL-01,standard,8016,0.061,0.093,0,1,327
2025-07-08,CENTRAL-01,priority,7637,0.0,0.063,0,1,364
2025-07-08,CENTRAL-01,economy,6552,0.207,0.067,0,1,344
2025-07-08,SOUTH-01,standard,8306,0.234,0.112,0,1,365
2025-07-08,SOUTH-01,priority,7563,0.17,0.128,0,1,440
2025-07-08,SOUTH-01,economy,7070,0.121,0.14,0,1,453
2025-07-08,SOUTH-02,standard,8576,0.171,0.079,0,1,517
2025-07-08,SOUTH-02,priority,7734,0.02,0.044,0,1,388
2025-07-08,SOUTH-02,economy,7523,0.0,0.196,0,1,123
2025-07-08,WEST-01,standard,8396,0.046,0.126,0,1,548
2025-07-08,WEST-01,priority,8046,0.202,0.204,0,1,470
2025-07-08,WEST-01,economy,8011,0.101,0.135,0,1,411
2025-07-09,NORTH-01,standard,5734,0.277,0.161,0,2,453
2025-07-09,NORTH-01,priority,5838,0.306,0.157,0,2,326
2025-07-09,NORTH-01,economy,4722,0.165,0.15,0,2,284
2025-07-09,NORTH-02,standard,6456,0.094,0.07,0,2,517
2025-07-09,NORTH-02,priority,6288,0.278,0.181,0,2,370
2025-07-09,NORTH-02,economy,5238,0.061,0.122,0,2,275
2025-07-09,CENTRAL-01,standard,6162,0.253,0.225,0,2,347
2025-07-09,CENTRAL-01,priority,6352,0.0,0.143,0,2,583
2025-07-09,CENTRAL-01,economy,5153,0.357,0.225,0,2,212
2025-07-09,SOUTH-01,standard,7181,0.048,0.272,0,2,349
2025-07-09,SOUTH-01,priority,6783,0.072,0.049,0,2,401
2025-07-09,SOUTH-01,economy,6191,0.0,0.046,0,2,357
2025-07-09,SOUTH-02,standard,7220,0.132,0.198,0,2,325
2025-07-09,SOUTH-02,priority,7112,0.242,0.098,0,2,255
2025-07-09,SOUTH-02,economy,5529,0.081,0.007,0,2,288
2025-07-09,WEST-01,standard,8579,0.234,0.141,0,2,390
2025-07-09,WEST-01,priority,7275,0.0,0.178,0,2,413
2025-07-09,WEST-01,economy,7342,0.0,0.128,0,2,469
2025-07-10,NORTH-01,standard,5817,0.15,0.146,0,3,318
2025-07-10,NORTH-01,priority,4967,0.255,0.09,0,3,139
2025-07-10,NORTH-01,economy,4131,0.258,0.124,0,3,402
2025-07-10,NORTH-02,standard,6717,0.168,0.086,0,3,333
2025-07-10,NORTH-02,priority,5690,0.0,0.222,0,3,706
2025-07-10,NORTH-02,economy,5774,0.12,0.0,0,3,339
2025-07-10,CENTRAL-01,standard,6280,0.204,0.176,0,3,101
2025-07-10,CENTRAL-01,priority,6542,0.408,0.021,0,3,432
2025-07-10,CENTRAL-01,economy,6505,0.195,0.108,0,3,285
2025-07-10,SOUTH-01,standard,7128,0.094,0.2,0,3,265
2025-07-10,SOUTH-01,priority,7516,0.167,0.201,0,3,649
2025-07-10,SOUTH-01,economy,5879,0.0,0.229,0,3,237
2025-07-10,SOUTH-02,standard,7250,0.109,0.098,0,3,112
2025-07-10,SOUTH-02,priority,7009,0.347,0.218,0,3,268
2025-07-10,SOUTH-02,economy,6081,0.322,0.141,0,3,158
2025-07-10,WEST-01,standard,8151,0.238,0.119,0,3,438
2025-07-10,WEST-01,priority,7338,0.25,0.163,0,3,460
2025-07-10,WEST-01,economy,6474,0.288,0.27,0,3,501
2025-07-11,NORTH-01,standard,5994,0.0,0.227,0,4,454
2025-07-11,NORTH-01,priority,5227,0.353,0.164,0,4,325
2025-07-11,NORTH-01,economy,4883,0.124,0.24,0,4,65
2025-07-11,NORTH-02,standard,6441,0.286,0.217,0,4,278
2025-07-11,NORTH-02,priority,5945,0.041,0.087,0,4,137
2025-07-11,NORTH-02,economy,5697,0.231,0.156,0,4,435
2025-07-11,CENTRAL-01,standard,6429,0.093,0.015,0,4,538
2025-07-11,CENTRAL-01,priority,6008,0.215,0.198,0,4,418
2025-07-11,CENTRAL-01,economy,5395,0.0,0.225,0,4,104
2025-07-11,SOUTH-01,standard,7109,0.451,0.161,0,4,168
2025-07-11,SOUTH-01,priority,6612,0.255,0.221,0,4,485
2025-07-11,SOUTH-01,economy,5071,0.32,0.192,0,4,193
2025-07-11,SOUTH-02,standard,7587,0.382,0.157,0,4,307
2025-07-11,SOUTH-02,priority,7922,0.104,0.245,0,4,513
2025-07-11,SOUTH-02,economy,6458,0.246,0.2,0,4,229
2025-07-11,WEST-01,standard,8426,0.01,0.255,0,4,490
2025-07-11,WEST-01,priority,7683,0.205,0.171,0,4,494
2025-07-11,WEST-01,economy,6806,0.088,0.245,0,4,412
2025-07-12,NORTH-01,standard,5840,0.038,0.137,0,5,358
2025-07-12,NORTH-01,priority,6138,0.268,0.156,0,5,459
2025-07-12,NORTH-01,economy,4941,0.153,0.143,0,5,412
2025-07-12,NORTH-02,standard,6126,0.032,0.201,0,5,428
2025-07-12,NORTH-02,priority,4751,0.312,0.174,0,5,108
2025-07-12,NORTH-02,economy,5204,0.248,0.0,0,5,454
2025-07-12,CENTRAL-01,standard,6904,0.316,0.131,0,5,412
2025-07-12,CENTRAL-01,priority,7064,0.003,0.21,0,5,474
2025-07-12,CENTRAL-01,economy,6300,0.12,0.209,0,5,508
2025-07-12,SOUTH-01,standard,7193,0.303,0.023,0,5,473
2025-07-12,SOUTH-01,priority,7267,0.305,0.191,0,5,178
2025-07-12,SOUTH-01,economy,6423,0.247,0.188,0,5,557
2025-07-12,SOUTH-02,standard,8315,0.073,0.271,0,5,406
2025-07-12,SOUTH-02,priority,7344,0.071,0.166,0,5,441
2025-07-12,SOUTH-02,economy,6445,0.105,0.199,0,5,519
2025-07-12,WEST-01,standard,7915,0.385,0.085,0,5,534
2025-07-12,WEST-01,priority,7734,0.213,0.042,0,5,339
2025-07-12,WEST-01,economy,7129,0.204,0.07,0,5,343
2025-07-13,NORTH-01,standard,5687,0.288,0.133,0,6,400
2025-07-13,NORTH-01,priority,5761,0.051,0.294,0,6,284
2025-07-13,NORTH-01,economy,5231,0.132,0.151,0,6,229
2025-07-13,NORTH-02,standard,7120,0.136,0.146,0,6,513
2025-07-13,NORTH-02,priority,6251,0.371,0.152,0,6,519
2025-07-13,NORTH-02,economy,4950,0.264,0.212,0,6,547
2025-07-13,CENTRAL-01,standard,7234,0.151,0.195,0,6,232
2025-07-13,CENTRAL-01,priority,6226,0.174,0.166,0,6,362
2025-07-13,CENTRAL-01,economy,4851,0.359,0.084,0,6,255
2025-07-13,SOUTH-01,standard,7556,0.269,0.217,0,6,516
2025-07-13,SOUTH-01,priority,6201,0.211,0.109,0,6,214
2025-07-13,SOUTH-01,economy,6260,0.153,0.213,0,6,370
2025-07-13,SOUTH-02,standard,7753,0.053,0.356,0,6,427
2025-07-13,SOUTH-02,priority,6665,0.3,0.153,0,6,476
2025-07-13,SOUTH-02,economy,6925,0.019,0.289,0,6,357
2025-07-13,WEST-01,standard,8173,0.01,0.058,0,6,652
2025-07-13,WEST-01,priority,7709,0.208,0.178,0,6,694
2025-07-13,WEST-01,economy,6954,0.127,0.275,0,6,304
2025-07-14,NORTH-01,standard,7145,0.17,0.143,0,0,115
2025-07-14,NORTH-01,priority,5909,0.198,0.102,0,0,201
2025-07-14,NORTH-01,economy,5478,0.136,0.109,0,0,147
2025-07-14,NORTH-02,standard,6563,0.192,0.087,0,0,311
2025-07-14,NORTH-02,priority,6571,0.087,0.153,0,0,203
2025-07-14,NORTH-02,economy,6500,0.073,0.012,0,0,530
2025-07-14,CENTRAL-01,standard,8102,0.35,0.103,0,0,471
2025-07-14,CENTRAL-01,priority,7103,0.081,0.1,0,0,405
2025-07-14,CENTRAL-01,economy,6343,0.224,0.15,0,0,532
2025-07-14,SOUTH-01,standard,8103,0.166,0.136,0,0,409
2025-07-14,SOUTH-01,priority,8653,0.017,0.07,0,0,241
2025-07-14,SOUTH-01,economy,7389,0.213,0.177,0,0,445
2025-07-14,SOUTH-02,standard,9015,0.407,0.169,0,0,575
2025-07-14,SOUTH-02,priority,8012,0.365,0.152,0,0,376
2025-07-14,SOUTH-02,economy,6521,0.199,0.167,0,0,358
2025-07-14,WEST-01,standard,8414,0.287,0.042,0,0,571
2025-07-14,WEST-01,priority,8305,0.341,0.1,0,0,419
2025-07-14,WEST-01,economy,7480,0.321,0.107,0,0,565
2025-07-15,NORTH-01,standard,7025,0.06,0.11,0,1,573
2025-07-15,NORTH-01,priority,6597,0.037,0.093,0,1,467
2025-07-15,NORTH-01,economy,5690,0.205,0.141,0,1,169
2025-07-15,NORTH-02,standard,6923,0.192,0.269,0,1,293
2025-07-15,NORTH-02,priority,7503,0.132,0.123,0,1,293
2025-07-15,NORTH-02,economy,6028,0.044,0.212,0,1,455
2025-07-15,CENTRAL-01,standard,7179,0.156,0.187,0,1,450
2025-07-15,CENTRAL-01,priority,6584,0.206,0.13,0,1,403
2025-07-15,CENTRAL-01,economy,6184,0.267,0.108,0,1,460
2025-07-15,SOUTH-01,standard,8206,0.385,0.225,0,1,396
2025-07-15,SOUTH-01,priority,7386,0.177,0.044,0,1,535
2025-07-15,SOUTH-01,economy,6592,0.185,0.1,0,1,373
2025-07-15,SOUTH-02,standard,9317,0.032,0.077,0,1,335
2025-07-15,SOUTH-02,priority,7941,0.084,0.173,0,1,428
2025-07-15,SOUTH-02,economy,7459,0.284,0.026,0,1,333
2025-07-15,WEST-01,standard,8694,0.146,0.304,0,1,511
2025-07-15,WEST-01,priority,7970,0.315,0.095,0,1,374
2025-07-15,WEST-01,economy,8276,0.097,0.155,0,1,384
2025-07-16,NORTH-01,standard,6233,0.291,0.262,0,2,430
2025-07-16,NORTH-01,priority,5514,0.109,0.0,0,2,440
2025-07-16,NORTH-01,economy,4606,0.209,0.223,0,2,380
2025-07-16,NORTH-02,standard,6913,0.357,0.203,0,2,549
2025-07-16,NORTH-02,priority,5760,0.033,0.208,0,2,219
2025-07-16,NORTH-02,economy,5180,0.146,0.29,0,2,124
2025-07-16,CENTRAL-01,standard,6757,0.007,0.188,0,2,137
2025-07-16,CENTRAL-01,priority,6748,0.011,0.163,0,2,328
2025-07-16,CENTRAL-01,economy,5324,0.258,0.223,0,2,325
2025-07-16,SOUTH-01,standard,7163,0.108,0.193,0,2,249
2025-07-16,SOUTH-01,priority,7002,0.186,0.239,0,2,510
2025-07-16,SOUTH-01,economy,5716,0.29,0.153,0,2,247
2025-07-16,SOUTH-02,standard,7874,0.0,0.245,0,2,211
2025-07-16,SOUTH-02,priority,7394,0.328,0.158,0,2,370
2025-07-16,SOUTH-02,economy,6844,0.085,0.186,0,2,351
2025-07-16,WEST-01,standard,8352,0.338,0.226,0,2,297
2025-07-16,WEST-01,priority,6878,0.03,0.246,0,2,375
2025-07-16,WEST-01,economy,6842,0.198,0.111,0,2,435
2025-07-17,NORTH-01,standard,6409,0.11,0.221,0,3,350
2025-07-17,NORTH-01,priority,6360,0.081,0.143,0,3,279
2025-07-17,NORTH-01,economy,4071,0.364,0.01,0,3,237
2025-07-17,NORTH-02,standard,6896,0.294,0.154,0,3,346
2025-07-17,NORTH-02,priority,6647,0.174,0.124,0,3,244
2025-07-17,NORTH-02,economy,5401,0.119,0.072,0,3,205
2025-07-17,CENTRAL-01,standard,6858,0.399,0.156,0,3,441
2025-07-17,CENTRAL-01,priority,6303,0.178,0.16,0,3,431
2025-07-17,CENTRAL-01,economy,5968,0.081,0.071,0,3,358
2025-07-17,SOUTH-01,standard,8060,0.0,0.112,0,3,402
2025-07-17,SOUTH-01,priority,6353,0.116,0.03,0,3,230
2025-07-17,SOUTH-01,economy,5869,0.232,0.154,0,3,264
2025-07-17,SOUTH-02,standard,7203,0.363,0.094,0,3,366
2025-07-17,SOUTH-02,priority,7563,0.168,0.189,0,3,509
2025-07-17,SOUTH-02,economy,6158,0.472,0.015,0,3,302
2025-07-17,WEST-01,standard,7111,0.421,0.164,0,3,445
2025-07-17,WEST-01,priority,7286,0.212,0.211,0,3,437
2025-07-17,WEST-01,economy,7029,0.148,0.096,0,3,409
2025-07-18,NORTH-01,standard,6158,0.306,0.152,0,4,219
2025-07-18,NORTH-01,priority,5546,0.347,0.088,0,4,377
2025-07-18,NORTH-01,economy,3937,0.196,0.211,0,4,229
2025-07-18,NORTH-02,standard,6546,0.27,0.304,0,4,83
2025-07-18,NORTH-02,priority,6319,0.142,0.145,0,4,375
2025-07-18,NORTH-02,economy,5678,0.027,0.227,0,4,266
2025-07-18,CENTRAL-01,standard,6617,0.266,0.106,0,4,314
2025-07-18,CENTRAL-01,priority,5629,0.143,0.223,0,4,481
2025-07-18,CENTRAL-01,economy,5585,0.201,0.119,0,4,238
2025-07-18,SOUTH-01,standard,6582,0.0,0.08,0,4,215
2025-07-18,SOUTH-01,priority,6430,0.0,0.248,0,4,367
2025-07-18,SOUTH-01,economy,5905,0.314,0.218,0,4,322
2025-07-18,SOUTH-02,standard,8100,0.202,0.319,0,4,503
2025-07-18,SOUTH-02,priority,7380,0.452,0.172,0,4,458
2025-07-18,SOUTH-02,economy,5874,0.236,0.073,0,4,294
2025-07-18,WEST-01,standard,8713,0.286,0.217,0,4,440
2025-07-18,WEST-01,priority,7496,0.245,0.193,0,4,366
2025-07-18,WEST-01,economy,7026,0.002,0.138,0,4,526
2025-07-19,NORTH-01,standard,6764,0.328,0.162,0,5,405
2025-07-19,NORTH-01,priority,4796,0.304,0.142,0,5,272
2025-07-19,NORTH-01,economy,4394,0.357,0.129,0,5,311
2025-07-19,NORTH-02,standard,7399,0.133,0.246,0,5,402
2025-07-19,NORTH-02,priority,5910,0.245,0.228,0,5,251
2025-07-19,NORTH-02,economy,5457,0.131,0.183,0,5,128
2025-07-19,CENTRAL-01,standard,7220,0.128,0.091,0,5,312
2025-07-19,CENTRAL-01,priority,6589,0.125,0.11,0,5,493
2025-07-19,CENTRAL-01,economy,6212,0.239,0.239,0,5,149
2025-07-19,SOUTH-01,standard,6677,0.251,0.12,0,5,341
2025-07-19,SOUTH-01,priority,6188,0.268,0.266,0,5,439
2025-07-19,SOUTH-01,economy,4586,0.416,0.296,0,5,579
2025-07-19,SOUTH-02,standard,7123,0.295,0.0,0,5,544
2025-07-19,SOUTH-02,priority,7048,0.223,0.104,0,5,456
2025-07-19,SOUTH-02,economy,6923,0.11,0.14,0,5,303
2025-07-19,WEST-01,standard,7875,0.017,0.099,0,5,343
2025-07-19,WEST-01,priority,8096,0.0,0.169,0,5,325
2025-07-19,WEST-01,economy,6595,0.102,0.135,0,5,495
2025-07-20,NORTH-01,standard,5740,0.073,0.108,0,6,473
2025-07-20,NORTH-01,priority,5770,0.152,0.309,0,6,492
2025-07-20,NORTH-01,economy,4704,0.141,0.075,0,6,239
2025-07-20,NORTH-02,standard,6725,0.0,0.231,0,6,297
2025-07-20,NORTH-02,priority,6384,0.225,0.154,0,6,423
2025-07-20,NORTH-02,economy,5279,0.161,0.205,0,6,360
2025-07-20,CENTRAL-01,standard,6266,0.327,0.057,0,6,317
2025-07-20,CENTRAL-01,priority,5808,0.147,0.243,0,6,350
2025-07-20,CENTRAL-01,economy,6238,0.114,0.286,0,6,395
2025-07-20,SOUTH-01,standard,7922,0.296,0.044,0,6,316
2025-07-20,SOUTH-01,priority,6718,0.331,0.194,0,6,527
2025-07-20,SOUTH-01,economy,5793,0.3,0.159,0,6,368
2025-07-20,SOUTH-02,standard,8213,0.168,0.178,0,6,482
2025-07-20,SOUTH-02,priority,7168,0.202,0.098,0,6,191
2025-07-20,SOUTH-02,economy,7016,0.084,0.198,0,6,388
2025-07-20,WEST-01,standard,8469,0.204,0.18,0,6,409
2025-07-20,WEST-01,priority,8515,0.062,0.181,0,6,324
2025-07-20,WEST-01,economy,7916,0.165,0.119,0,6,302
2025-07-21,NORTH-01,standard,6373,0.161,0.121,0,0,214
2025-07-21,NORTH-01,priority,6073,0.248,0.207,0,0,531
2025-07-21,NORTH-01,economy,5369,0.0,0.049,0,0,339
2025-07-21,NORTH-02,standard,7581,0.126,0.134,0,0,582
2025-07-21,NORTH-02,priority,6614,0.276,0.154,0,0,510
2025-07-21,NORTH-02,economy,5763,0.406,0.201,0,0,383
2025-07-21,CENTRAL-01,standard,8024,0.25,0.106,0,0,452
2025-07-21,CENTRAL-01,priority,6204,0.32,0.072,0,0,318
2025-07-21,CENTRAL-01,economy,6101,0.183,0.006,0,0,517
2025-07-21,SOUTH-01,standard,7722,0.244,0.161,0,0,561
2025-07-21,SOUTH-01,priority,7814,0.13,0.158,0,0,434
2025-07-21,SOUTH-01,economy,7007,0.359,0.196,0,0,379
2025-07-21,SOUTH-02,standard,8651,0.232,0.133,0,0,398
2025-07-21,SOUTH-02,priority,7867,0.12,0.077,0,0,375
2025-07-21,SOUTH-02,economy,7244,0.4,0.229,0,0,346
2025-07-21,WEST-01,standard,9531,0.254,0.305,0,0,259
2025-07-21,WEST-01,priority,9383,0.284,0.233,0,0,431
2025-07-21,WEST-01,economy,7538,0.197,0.186,0,0,303
2025-07-22,NORTH-01,standard,6170,0.228,0.027,0,1,462
2025-07-22,NORTH-01,priority,6566,0.24,0.25,0,1,378
2025-07-22,NORTH-01,economy,5359,0.335,0.116,0,1,333
2025-07-22,NORTH-02,standard,6671,0.234,0.145,0,1,348
2025-07-22,NORTH-02,priority,6556,0.176,0.159,0,1,437
2025-07-22,NORTH-02,economy,7067,0.0,0.183,0,1,319
2025-07-22,CENTRAL-01,standard,7653,0.187,0.13,0,1,286
2025-07-22,CENTRAL-01,priority,6702,0.419,0.181,0,1,286
2025-07-22,CENTRAL-01,economy,6788,0.187,0.0,0,1,321
2025-07-22,SOUTH-01,standard,8617,0.227,0.185,0,1,497
2025-07-22,SOUTH-01,priority,7473,0.269,0.232,0,1,662
2025-07-22,SOUTH-01,economy,6576,0.222,0.148,0,1,352
2025-07-22,SOUTH-02,standard,9374,0.228,0.158,0,1,414
2025-07-22,SOUTH-02,priority,8751,0.262,0.06,0,1,299
2025-07-22,SOUTH-02,economy,6224,0.429,0.139,0,1,528
2025-07-22,WEST-01,standard,9285,0.19,0.114,0,1,538
2025-07-22,WEST-01,priority,8625,0.23,0.241,0,1,516
2025-07-22,WEST-01,economy,7746,0.117,0.211,0,1,277
2025-07-23,NORTH-01,standard,6406,0.155,0.128,0,2,197
2025-07-23,NORTH-01,priority,4186,0.311,0.1,0,2,160
2025-07-23,NORTH-01,economy,4803,0.143,0.186,0,2,178
2025-07-23,NORTH-02,standard,6525,0.087,0.055,0,2,364
2025-07-23,NORTH-02,priority,5364,0.254,0.008,0,2,584
2025-07-23,NORTH-02,economy,4698,0.257,0.126,0,2,453
2025-07-23,CENTRAL-01,standard,6158,0.364,0.058,0,2,398
2025-07-23,CENTRAL-01,priority,7044,0.225,0.189,0,2,274
2025-07-23,CENTRAL-01,economy,6008,0.185,0.208,0,2,282
2025-07-23,SOUTH-01,standard,8047,0.107,0.113,0,2,303
2025-07-23,SOUTH-01,priority,6347,0.141,0.212,0,2,401
2025-07-23,SOUTH-01,economy,6275,0.0,0.165,0,2,387
2025-07-23,SOUTH-02,standard,7842,0.076,0.168,0,2,571
2025-07-23,SOUTH-02,priority,6558,0.257,0.034,0,2,302
2025-07-23,SOUTH-02,economy,6392,0.202,0.136,0,2,709
2025-07-23,WEST-01,standard,8304,0.118,0.261,0,2,167
2025-07-23,WEST-01,priority,7909,0.203,0.24,0,2,448
2025-07-23,WEST-01,economy,7256,0.183,0.11,0,2,345
2025-07-24,NORTH-01,standard,6007,0.103,0.183,0,3,513
2025-07-24,NORTH-01,priority,4794,0.236,0.088,0,3,254
2025-07-24,NORTH-01,economy,4825,0.461,0.131,0,3,168
2025-07-24,NORTH-02,standard,7266,0.05,0.135,0,3,243
2025-07-24,NORTH-02,priority,6660,0.104,0.222,0,3,432
2025-07-24,NORTH-02,economy,4495,0.261,0.078,0,3,177
2025-07-24,CENTRAL-01,standard,6488,0.075,0.168,0,3,404
2025-07-24,CENTRAL-01,priority,6613,0.142,0.105,0,3,263
2025-07-24,CENTRAL-01,economy,5155,0.352,0.216,0,3,478
2025-07-24,SOUTH-01,standard,7702,0.047,0.253,0,3,221
2025-07-24,SOUTH-01,priority,7157,0.025,0.118,0,3,374
2025-07-24,SOUTH-01,economy,5260,0.157,0.153,0,3,436
2025-07-24,SOUTH-02,standard,7499,0.341,0.213,0,3,298
2025-07-24,SOUTH-02,priority,8078,0.05,0.059,0,3,412
2025-07-24,SOUTH-02,economy,6550,0.289,0.218,0,3,264
2025-07-24,WEST-01,standard,8262,0.242,0.063,0,3,303
2025-07-24,WEST-01,priority,8144,0.128,0.115,0,3,132
2025-07-24,WEST-01,economy,6549,0.46,0.086,0,3,426
2025-07-25,NORTH-01,standard,6330,0.219,0.217,0,4,614
2025-07-25,NORTH-01,priority,5081,0.268,0.141,0,4,262
2025-07-25,NORTH-01,economy,5242,0.335,0.29,0,4,0
2025-07-25,NORTH-02,standard,6546,0.0,0.149,0,4,378
2025-07-25,NORTH-02,priority,5893,0.33,0.246,0,4,173
2025-07-25,NORTH-02,economy,5529,0.032,0.155,0,4,199
2025-07-25,CENTRAL-01,standard,5519,0.259,0.01,0,4,240
2025-07-25,CENTRAL-01,priority,5598,0.345,0.272,0,4,165
2025-07-25,CENTRAL-01,economy,6092,0.271,0.115,0,4,452
2025-07-25,SOUTH-01,standard,7320,0.29,0.084,0,4,641
2025-07-25,SOUTH-01,priority,6492,0.197,0.146,0,4,182
2025-07-25,SOUTH-01,economy,5413,0.048,0.079,0,4,157
2025-07-25,SOUTH-02,standard,8112,0.0,0.087,0,4,385
2025-07-25,SOUTH-02,priority,7944,0.143,0.211,0,4,691
2025-07-25,SOUTH-02,economy,6287,0.197,0.127,0,4,439
2025-07-25,WEST-01,standard,8140,0.161,0.138,0,4,311
2025-07-25,WEST-01,priority,8262,0.0,0.096,0,4,597
2025-07-25,WEST-01,economy,6452,0.293,0.111,0,4,568
2025-07-26,NORTH-01,standard,6856,0.05,0.153,0,5,400
2025-07-26,NORTH-01,priority,5584,0.145,0.243,0,5,371
2025-07-26,NORTH-01,economy,4585,0.362,0.0,0,5,225
2025-07-26,NORTH-02,standard,6206,0.155,0.159,0,5,393
2025-07-26,NORTH-02,priority,5861,0.226,0.166,0,5,341
2025-07-26,NORTH-02,economy,4839,0.168,0.156,0,5,477
2025-07-26,CENTRAL-01,standard,7022,0.169,0.118,0,5,376
2025-07-26,CENTRAL-01,priority,6260,0.329,0.222,0,5,480
2025-07-26,CENTRAL-01,economy,5879,0.208,0.058,0,5,128
2025-07-26,SOUTH-01,standard,7734,0.0,0.206,0,5,457
2025-07-26,SOUTH-01,priority,6384,0.347,0.148,0,5,467
2025-07-26,SOUTH-01,economy,6235,0.094,0.131,0,5,406
2025-07-26,SOUTH-02,standard,7262,0.14,0.111,0,5,303
2025-07-26,SOUTH-02,priority,6982,0.398,0.129,0,5,210
2025-07-26,SOUTH-02,economy,5649,0.488,0.081,0,5,342
2025-07-26,WEST-01,standard,7674,0.073,0.179,0,5,546
2025-07-26,WEST-01,priority,6747,0.293,0.141,0,5,284
2025-07-26,WEST-01,economy,6368,0.188,0.053,0,5,496
2025-07-27,NORTH-01,standard,6244,0.199,0.16,0,6,347
2025-07-27,NORTH-01,priority,5799,0.173,0.186,0,6,413
2025-07-27,NORTH-01,economy,4066,0.355,0.152,0,6,432
2025-07-27,NORTH-02,standard,6706,0.151,0.089,0,6,425
2025-07-27,NORTH-02,priority,6830,0.027,0.204,0,6,423
2025-07-27,NORTH-02,economy,5939,0.149,0.016,0,6,296
2025-07-27,CENTRAL-01,standard,7474,0.011,0.159,0,6,552
2025-07-27,CENTRAL-01,priority,6330,0.099,0.142,0,6,487
2025-07-27,CENTRAL-01,economy,5994,0.251,0.172,0,6,196
2025-07-27,SOUTH-01,standard,7273,0.231,0.168,0,6,368
2025-07-27,SOUTH-01,priority,7771,0.196,0.104,0,6,576
2025-07-27,SOUTH-01,economy,5504,0.311,0.108,0,6,319
2025-07-27,SOUTH-02,standard,7792,0.194,0.034,0,6,543
2025-07-27,SOUTH-02,priority,7715,0.0,0.078,0,6,456
2025-07-27,SOUTH-02,economy,6425,0.076,0.209,0,6,344
2025-07-27,WEST-01,standard,8730,0.043,0.151,0,6,384
2025-07-27,WEST-01,priority,7936,0.257,0.146,0,6,362
2025-07-27,WEST-01,economy,6940,0.367,0.205,0,6,421
2025-07-28,NORTH-01,standard,7036,0.124,0.108,0,0,247
2025-07-28,NORTH-01,priority,6520,0.108,0.075,0,0,446
2025-07-28,NORTH-01,economy,5179,0.332,0.123,0,0,159
2025-07-28,NORTH-02,standard,7438,0.213,0.262,0,0,406
2025-07-28,NORTH-02,priority,7183,0.179,0.17,0,0,625
2025-07-28,NORTH-02,economy,6021,0.24,0.195,0,0,347
2025-07-28,CENTRAL-01,standard,7819,0.165,0.121,0,0,489
2025-07-28,CENTRAL-01,priority,7187,0.188,0.128,0,0,280
2025-07-28,CENTRAL-01,economy,5935,0.276,0.117,0,0,413
2025-07-28,SOUTH-01,standard,8339,0.241,0.081,0,0,506
2025-07-28,SOUTH-01,priority,7339,0.417,0.131,0,0,327
2025-07-28,SOUTH-01,economy,7340,0.239,0.15,0,0,348
2025-07-28,SOUTH-02,standard,7800,0.237,0.131,0,0,489
2025-07-28,SOUTH-02,priority,8114,0.0,0.137,0,0,422
2025-07-28,SOUTH-02,economy,7560,0.186,0.153,0,0,393
2025-07-28,WEST-01,standard,8248,0.494,0.123,0,0,258
2025-07-28,WEST-01,priority,7720,0.259,0.023,0,0,249
2025-07-28,WEST-01,economy,7526,0.235,0.256,0,0,456
2025-07-29,NORTH-01,standard,7271,0.0,0.09,0,1,360
2025-07-29,NORTH-01,priority,5706,0.299,0.0,0,1,405
2025-07-29,NORTH-01,economy,5781,0.233,0.191,0,1,216
2025-07-29,NORTH-02,standard,7147,0.087,0.335,0,1,224
2025-07-29,NORTH-02,priority,7313,0.262,0.065,0,1,727
2025-07-29,NORTH-02,economy,5411,0.151,0.175,0,1,466
2025-07-29,CENTRAL-01,standard,7868,0.0,0.043,0,1,481
2025-07-29,CENTRAL-01,priority,6578,0.002,0.107,0,1,339
2025-07-29,CENTRAL-01,economy,6846,0.084,0.099,0,1,419
2025-07-29,SOUTH-01,standard,8448,0.247,0.14,0,1,429
2025-07-29,SOUTH-01,priority,7532,0.121,0.196,0,1,366
2025-07-29,SOUTH-01,economy,6837,0.308,0.228,0,1,489
2025-07-29,SOUTH-02,standard,8443,0.027,0.127,0,1,433
2025-07-29,SOUTH-02,priority,8182,0.268,0.194,0,1,441
2025-07-29,SOUTH-02,economy,6898,0.161,0.246,0,1,306
2025-07-29,WEST-01,standard,9043,0.229,0.272,0,1,419
2025-07-29,WEST-01,priority,8843,0.025,0.107,0,1,634
2025-07-29,WEST-01,economy,7821,0.145,0.086,0,1,220
2025-07-30,NORTH-01,standard,5907,0.328,0.052,0,2,393
2025-07-30,NORTH-01,priority,5370,0.255,0.17,0,2,392
2025-07-30,NORTH-01,economy,4418,0.28,0.294,0,2,91
2025-07-30,NORTH-02,standard,5938,0.0,0.005,0,2,198
2025-07-30,NORTH-02,priority,6235,0.13,0.218,0,2,292
2025-07-30,NORTH-02,economy,5730,0.116,0.311,0,2,372
2025-07-30,CENTRAL-01,standard,7691,0.195,0.127,0,2,387
2025-07-30,CENTRAL-01,priority,5823,0.198,0.018,0,2,288
2025-07-30,CENTRAL-01,economy,5542,0.238,0.088,0,2,273
2025-07-30,SOUTH-01,standard,7253,0.048,0.059,0,2,409
2025-07-30,SOUTH-01,priority,6581,0.157,0.083,0,2,338
2025-07-30,SOUTH-01,economy,6963,0.055,0.157,0,2,370
2025-07-30,SOUTH-02,standard,8584,0.005,0.267,0,2,609
2025-07-30,SOUTH-02,priority,6683,0.175,0.087,0,2,517
2025-07-30,SOUTH-02,economy,5187,0.373,0.076,0,2,333
2025-07-30,WEST-01,standard,8108,0.071,0.093,0,2,472
2025-07-30,WEST-01,priority,7606,0.086,0.161,0,2,131
2025-07-30,WEST-01,economy,6307,0.245,0.114,0,2,282
2025-07-31,NORTH-01,standard,6286,0.204,0.154,0,3,420
2025-07-31,NORTH-01,priority,5403,0.039,0.0,0,3,417
2025-07-31,NORTH-01,economy,4460,0.156,0.203,0,3,272
2025-07-31,NORTH-02,standard,6250,0.07,0.206,0,3,614
2025-07-31,NORTH-02,priority,5771,0.12,0.214,0,3,513
2025-07-31,NORTH-02,economy,5165,0.336,0.124,0,3,487
2025-07-31,CENTRAL-01,standard,6797,0.217,0.076,0,3,294
2025-07-31,CENTRAL-01,priority,6334,0.198,0.087,0,3,155
2025-07-31,CENTRAL-01,economy,5627,0.045,0.087,0,3,167
2025-07-31,SOUTH-01,standard,7873,0.074,0.212,0,3,112
2025-07-31,SOUTH-01,priority,7056,0.11,0.252,0,3,440
2025-07-31,SOUTH-01,economy,6016,0.248,0.073,0,3,417
2025-07-31,SOUTH-02,standard,7682,0.193,0.119,0,3,273
2025-07-31,SOUTH-02,priority,6580,0.254,0.035,0,3,459
2025-07-31,SOUTH-02,economy,5714,0.215,0.111,0,3,345
2025-07-31,WEST-01,standard,8082,0.104,0.188,0,3,212
2025-07-31,WEST-01,priority,7715,0.014,0.116,0,3,271
2025-07-31,WEST-01,economy,7570,0.089,0.213,0,3,440
2025-08-01,NORTH-01,standard,6229,0.146,0.1,0,4,328
2025-08-01,NORTH-01,priority,5584,0.29,0.228,0,4,287
2025-08-01,NORTH-01,economy,4653,0.13,0.019,0,4,309
2025-08-01,NORTH-02,standard,7083,0.015,0.339,0,4,291
2025-08-01,NORTH-02,priority,5921,0.427,0.11,0,4,368
2025-08-01,NORTH-02,economy,5844,0.125,0.123,0,4,460
2025-08-01,CENTRAL-01,standard,6848,0.165,0.0,0,4,235
2025-08-01,CENTRAL-01,priority,5889,0.245,0.093,0,4,280
2025-08-01,CENTRAL-01,economy,5677,0.302,0.009,0,4,391
2025-08-01,SOUTH-01,standard,7492,0.171,0.114,0,4,351
2025-08-01,SOUTH-01,priority,7481,0.126,0.155,0,4,222
2025-08-01,SOUTH-01,economy,5923,0.24,0.139,0,4,174
2025-08-01,SOUTH-02,standard,7417,0.0,0.177,0,4,524
2025-08-01,SOUTH-02,priority,7057,0.058,0.194,0,4,316
2025-08-01,SOUTH-02,economy,6957,0.07,0.185,0,4,350
2025-08-01,WEST-01,standard,7561,0.251,0.151,0,4,452
2025-08-01,WEST-01,priority,7245,0.144,0.0,0,4,194
2025-08-01,WEST-01,economy,7021,0.032,0.13,0,4,290
2025-08-02,NORTH-01,standard,5789,0.243,0.141,0,5,358
2025-08-02,NORTH-01,priority,5644,0.325,0.0,0,5,275
2025-08-02,NORTH-01,economy,4467,0.087,0.118,0,5,189
2025-08-02,NORTH-02,standard,5585,0.282,0.163,0,5,428
2025-08-02,NORTH-02,priority,5716,0.243,0.031,0,5,425
2025-08-02,NORTH-02,economy,5133,0.0,0.173,0,5,399
2025-08-02,CENTRAL-01,standard,6998,0.068,0.233,0,5,316
2025-08-02,CENTRAL-01,priority,6137,0.093,0.22,0,5,491
2025-08-02,CENTRAL-01,economy,5505,0.206,0.039,0,5,350
2025-08-02,SOUTH-01,standard,7707,0.01,0.151,0,5,546
2025-08-02,SOUTH-01,priority,6828,0.31,0.341,0,5,451
2025-08-02,SOUTH-01,economy,5965,0.107,0.301,0,5,579
2025-08-02,SOUTH-02,standard,7928,0.385,0.087,0,5,472
2025-08-02,SOUTH-02,priority,7278,0.131,0.139,0,5,441
2025-08-02,SOUTH-02,economy,6088,0.359,0.196,0,5,451
2025-08-02,WEST-01,standard,8187,0.0,0.119,0,5,504
2025-08-02,WEST-01,priority,7244,0.392,0.167,0,5,313
2025-08-02,WEST-01,economy,6625,0.28,0.134,0,5,492
2025-08-03,NORTH-01,standard,5186,0.32,0.073,0,6,323
2025-08-03,NORTH-01,priority,4975,0.043,0.048,0,6,454
2025-08-03,NORTH-01,economy,4703,0.258,0.347,0,6,480
2025-08-03,NORTH-02,standard,6296,0.239,0.105,0,6,301
2025-08-03,NORTH-02,priority,5763,0.211,0.229,0,6,454
2025-08-03,NORTH-02,economy,4746,0.333,0.27,0,6,316
2025-08-03,CENTRAL-01,standard,6162,0.265,0.063,0,6,361
2025-08-03,CENTRAL-01,priority,6106,0.13,0.136,0,6,622
2025-08-03,CENTRAL-01,economy,5983,0.125,0.197,0,6,156
2025-08-03,SOUTH-01,standard,7297,0.356,0.2,0,6,525
2025-08-03,SOUTH-01,priority,6012,0.174,0.221,0,6,458
2025-08-03,SOUTH-01,economy,5733,0.202,0.166,0,6,325
2025-08-03,SOUTH-02,standard,7820,0.15,0.059,0,6,603
2025-08-03,SOUTH-02,priority,7163,0.009,0.189,0,6,330
2025-08-03,SOUTH-02,economy,6595,0.189,0.157,0,6,242
2025-08-03,WEST-01,standard,8327,0.311,0.156,0,6,575
2025-08-03,WEST-01,priority,7723,0.0,0.2,0,6,533
2025-08-03,WEST-01,economy,6684,0.084,0.225,0,6,428
2025-08-04,NORTH-01,standard,6459,0.214,0.138,0,0,329
2025-08-04,NORTH-01,priority,7188,0.291,0.269,0,0,458
2025-08-04,NORTH-01,economy,6526,0.21,0.186,0,0,438
2025-08-04,NORTH-02,standard,7264,0.19,0.128,0,0,444
2025-08-04,NORTH-02,priority,6740,0.09,0.1,0,0,327
2025-08-04,NORTH-02,economy,6242,0.252,0.204,0,0,426
2025-08-04,CENTRAL-01,standard,7230,0.194,0.0,0,0,481
2025-08-04,CENTRAL-01,priority,7737,0.079,0.218,0,0,380
2025-08-04,CENTRAL-01,economy,6605,0.109,0.151,0,0,453
2025-08-04,SOUTH-01,standard,7892,0.0,0.091,0,0,114
2025-08-04,SOUTH-01,priority,7349,0.121,0.03,0,0,341
2025-08-04,SOUTH-01,economy,6204,0.234,0.13,0,0,407
2025-08-04,SOUTH-02,standard,8790,0.47,0.236,0,0,420
2025-08-04,SOUTH-02,priority,8136,0.121,0.105,0,0,287
2025-08-04,SOUTH-02,economy,6608,0.206,0.097,0,0,296
2025-08-04,WEST-01,standard,7475,0.33,0.161,0,0,323
2025-08-04,WEST-01,priority,8561,0.288,0.126,0,0,389
2025-08-04,WEST-01,economy,7561,0.202,0.153,0,0,475
2025-08-05,NORTH-01,standard,6857,0.364,0.181,0,1,284
2025-08-05,NORTH-01,priority,6403,0.293,0.109,0,1,463
2025-08-05,NORTH-01,economy,6101,0.299,0.23,0,1,212
2025-08-05,NORTH-02,standard,6721,0.077,0.04,0,1,564
2025-08-05,NORTH-02,priority,6720,0.062,0.06,0,1,292
2025-08-05,NORTH-02,economy,6045,0.451,0.128,0,1,267
2025-08-05,CENTRAL-01,standard,7587,0.0,0.092,0,1,320
2025-08-05,CENTRAL-01,priority,7214,0.0,0.161,0,1,211
2025-08-05,CENTRAL-01,economy,7128,0.193,0.211,0,1,103
2025-08-05,SOUTH-01,standard,7898,0.092,0.04,0,1,583
2025-08-05,SOUTH-01,priority,7293,0.093,0.112,0,1,593
2025-08-05,SOUTH-01,economy,6733,0.0,0.105,0,1,175
2025-08-05,SOUTH-02,standard,8167,0.312,0.006,0,1,415
2025-08-05,SOUTH-02,priority,7877,0.09,0.011,0,1,324
2025-08-05,SOUTH-02,economy,8201,0.277,0.191,0,1,439
2025-08-05,WEST-01,standard,9709,0.251,0.121,0,1,472
2025-08-05,WEST-01,priority,8264,0.168,0.193,0,1,367
2025-08-05,WEST-01,economy,8115,0.245,0.209,0,1,413
2025-08-06,NORTH-01,standard,5649,0.212,0.227,0,2,349
2025-08-06,NORTH-01,priority,5329,0.0,0.209,0,2,249
2025-08-06,NORTH-01,economy,5881,0.165,0.2,0,2,170
2025-08-06,NORTH-02,standard,6281,0.078,0.168,0,2,468
2025-08-06,NORTH-02,priority,5853,0.16,0.221,0,2,420
2025-08-06,NORTH-02,economy,4814,0.065,0.305,0,2,239
2025-08-06,CENTRAL-01,standard,7361,0.01,0.214,0,2,254
2025-08-06,CENTRAL-01,priority,6266,0.3,0.094,0,2,442
2025-08-06,CENTRAL-01,economy,5718,0.151,0.223,0,2,392
2025-08-06,SOUTH-01,standard,7122,0.147,0.001,0,2,288
2025-08-06,SOUTH-01,priority,6939,0.347,0.041,0,2,366
2025-08-06,SOUTH-01,economy,5780,0.229,0.04,0,2,273
2025-08-06,SOUTH-02,standard,7950,0.432,0.095,0,2,558
2025-08-06,SOUTH-02,priority,7717,0.317,0.102,0,2,652
2025-08-06,SOUTH-02,economy,6074,0.224,0.113,0,2,418
2025-08-06,WEST-01,standard,7636,0.188,0.165,0,2,413
2025-08-06,WEST-01,priority,7355,0.317,0.215,0,2,387
2025-08-06,WEST-01,economy,6900,0.004,0.097,0,2,463
2025-08-07,NORTH-01,standard,6334,0.095,0.067,0,3,319
2025-08-07,NORTH-01,priority,5787,0.079,0.215,0,3,328
2025-08-07,NORTH-01,economy,5105,0.138,0.18,0,3,358
2025-08-07,NORTH-02,standard,6169,0.194,0.101,0,3,344
2025-08-07,NORTH-02,priority,5811,0.065,0.064,0,3,473
2025-08-07,NORTH-02,economy,5470,0.0,0.119,0,3,472
2025-08-07,CENTRAL-01,standard,7511,0.396,0.129,0,3,459
2025-08-07,CENTRAL-01,priority,6279,0.278,0.065,0,3,476
2025-08-07,CENTRAL-01,economy,5612,0.097,0.0,0,3,322
2025-08-07,SOUTH-01,standard,6837,0.341,0.107,0,3,244
2025-08-07,SOUTH-01,priority,6381,0.104,0.363,0,3,211
2025-08-07,SOUTH-01,economy,6607,0.173,0.308,0,3,564
2025-08-07,SOUTH-02,standard,7477,0.134,0.039,0,3,389
2025-08-07,SOUTH-02,priority,7368,0.181,0.133,0,3,315
2025-08-07,SOUTH-02,economy,6588,0.069,0.054,0,3,390
2025-08-07,WEST-01,standard,7722,0.311,0.274,0,3,414
2025-08-07,WEST-01,priority,7219,0.155,0.027,0,3,584
2025-08-07,WEST-01,economy,6919,0.104,0.086,0,3,496
2025-08-08,NORTH-01,standard,5130,0.143,0.16,0,4,402
2025-08-08,NORTH-01,priority,4704,0.207,0.221,0,4,284
2025-08-08,NORTH-01,economy,4666,0.296,0.105,0,4,270
2025-08-08,NORTH-02,standard,6034,0.134,0.243,0,4,354
2025-08-08,NORTH-02,priority,5869,0.21,0.225,0,4,472
2025-08-08,NORTH-02,economy,5286,0.173,0.16,0,4,417
2025-08-08,CENTRAL-01,standard,6825,0.245,0.061,0,4,449
2025-08-08,CENTRAL-01,priority,6251,0.355,0.069,0,4,325
2025-08-08,CENTRAL-01,economy,5530,0.203,0.064,0,4,384
2025-08-08,SOUTH-01,standard,6935,0.064,0.266,0,4,452
2025-08-08,SOUTH-01,priority,7052,0.0,0.13,0,4,477
2025-08-08,SOUTH-01,economy,6320,0.167,0.131,0,4,483
2025-08-08,SOUTH-02,standard,7402,0.346,0.047,0,4,138
2025-08-08,SOUTH-02,priority,7585,0.016,0.094,0,4,349
2025-08-08,SOUTH-02,economy,6304,0.145,0.174,0,4,129
2025-08-08,WEST-01,standard,8459,0.09,0.14,0,4,409
2025-08-08,WEST-01,priority,8088,0.234,0.224,0,4,443
2025-08-08,WEST-01,economy,6469,0.044,0.05,0,4,245
2025-08-09,NORTH-01,standard,6312,0.192,0.301,0,5,359
2025-08-09,NORTH-01,priority,5676,0.295,0.084,0,5,466
2025-08-09,NORTH-01,economy,5477,0.187,0.317,0,5,349
2025-08-09,NORTH-02,standard,6393,0.163,0.115,0,5,359
2025-08-09,NORTH-02,priority,5368,0.142,0.133,0,5,272
2025-08-09,NORTH-02,economy,5472,0.0,0.183,0,5,329
2025-08-09,CENTRAL-01,standard,6425,0.286,0.081,0,5,195
2025-08-09,CENTRAL-01,priority,6794,0.303,0.198,0,5,573
2025-08-09,CENTRAL-01,economy,4886,0.129,0.093,0,5,194
2025-08-09,SOUTH-01,standard,6731,0.141,0.0,0,5,371
2025-08-09,SOUTH-01,priority,6601,0.287,0.093,0,5,601
2025-08-09,SOUTH-01,economy,6526,0.0,0.237,0,5,527
2025-08-09,SOUTH-02,standard,7595,0.296,0.097,0,5,232
2025-08-09,SOUTH-02,priority,7332,0.117,0.152,0,5,494
2025-08-09,SOUTH-02,economy,6792,0.37,0.115,0,5,415
2025-08-09,WEST-01,standard,8370,0.023,0.138,0,5,330
2025-08-09,WEST-01,priority,7352,0.055,0.064,0,5,296
2025-08-09,WEST-01,economy,6682,0.328,0.0,0,5,443
2025-08-10,NORTH-01,standard,5984,0.064,0.131,0,6,350
2025-08-10,NORTH-01,priority,5161,0.26,0.196,0,6,154
2025-08-10,NORTH-01,economy,4502,0.2,0.097,0,6,341
2025-08-10,NORTH-02,standard,7610,0.128,0.175,0,6,490
2025-08-10,NORTH-02,priority,5795,0.341,0.191,0,6,416
2025-08-10,NORTH-02,economy,5296,0.237,0.219,0,6,181
2025-08-10,CENTRAL-01,standard,6638,0.004,0.187,0,6,461
2025-08-10,CENTRAL-01,priority,6629,0.341,0.132,0,6,409
2025-08-10,CENTRAL-01,economy,5322,0.183,0.156,0,6,224
2025-08-10,SOUTH-01,standard,8324,0.0,0.091,0,6,250
2025-08-10,SOUTH-01,priority,6445,0.039,0.086,0,6,405
2025-08-10,SOUTH-01,economy,5786,0.107,0.134,0,6,296
2025-08-10,SOUTH-02,standard,8592,0.173,0.139,0,6,434
2025-08-10,SOUTH-02,priority,7083,0.155,0.0,0,6,155
2025-08-10,SOUTH-02,economy,6817,0.246,0.161,0,6,308
2025-08-10,WEST-01,standard,7871,0.183,0.204,0,6,489
2025-08-10,WEST-01,priority,8165,0.248,0.139,0,6,486
2025-08-10,WEST-01,economy,6941,0.0,0.229,0,6,483
2025-08-11,NORTH-01,standard,6983,0.215,0.0,0,0,362
2025-08-11,NORTH-01,priority,6667,0.125,0.116,0,0,269
2025-08-11,NORTH-01,economy,5560,0.314,0.028,0,0,439
2025-08-11,NORTH-02,standard,7229,0.27,0.165,0,0,330
2025-08-11,NORTH-02,priority,6418,0.033,0.095,0,0,237
2025-08-11,NORTH-02,economy,6244,0.396,0.012,0,0,218
2025-08-11,CENTRAL-01,standard,7348,0.057,0.067,0,0,511
2025-08-11,CENTRAL-01,priority,8238,0.251,0.131,0,0,425
2025-08-11,CENTRAL-01,economy,6155,0.187,0.095,0,0,300
2025-08-11,SOUTH-01,standard,8745,0.282,0.196,0,0,356
2025-08-11,SOUTH-01,priority,7767,0.251,0.174,0,0,309
2025-08-11,SOUTH-01,economy,7531,0.055,0.193,0,0,331
2025-08-11,SOUTH-02,standard,8570,0.253,0.246,0,0,264
2025-08-11,SOUTH-02,priority,7935,0.022,0.096,0,0,413
2025-08-11,SOUTH-02,economy,7688,0.178,0.128,0,0,319
2025-08-11,WEST-01,standard,9420,0.332,0.225,0,0,383
2025-08-11,WEST-01,priority,8479,0.166,0.208,0,0,350
2025-08-11,WEST-01,economy,7381,0.091,0.095,0,0,745
2025-08-12,NORTH-01,standard,7264,0.0,0.072,0,1,316
2025-08-12,NORTH-01,priority,6841,0.138,0.182,0,1,352
2025-08-12,NORTH-01,economy,5186,0.291,0.014,0,1,394
2025-08-12,NORTH-02,standard,6591,0.417,0.073,0,1,418
2025-08-12,NORTH-02,priority,6171,0.186,0.093,0,1,303
2025-08-12,NORTH-02,economy,6542,0.243,0.123,0,1,359
2025-08-12,CENTRAL-01,standard,7603,0.252,0.172,0,1,508
2025-08-12,CENTRAL-01,priority,7092,0.034,0.106,0,1,438
2025-08-12,CENTRAL-01,economy,6018,0.256,0.085,0,1,369
2025-08-12,SOUTH-01,standard,8408,0.0,0.231,0,1,291
2025-08-12,SOUTH-01,priority,7900,0.037,0.175,0,1,324
2025-08-12,SOUTH-01,economy,6790,0.166,0.06,0,1,560
2025-08-12,SOUTH-02,standard,8600,0.436,0.133,0,1,485
2025-08-12,SOUTH-02,priority,7124,0.0,0.058,0,1,447
2025-08-12,SOUTH-02,economy,7345,0.413,0.235,0,1,388
2025-08-12,WEST-01,standard,9334,0.138,0.235,0,1,467
2025-08-12,WEST-01,priority,8596,0.048,0.198,0,1,485
2025-08-12,WEST-01,economy,7464,0.3,0.019,0,1,351
2025-08-13,NORTH-01,standard,5691,0.117,0.061,0,2,218
2025-08-13,NORTH-01,priority,5509,0.279,0.18,0,2,114
2025-08-13,NORTH-01,economy,5292,0.414,0.117,0,2,428
2025-08-13,NORTH-02,standard,6949,0.152,0.313,0,2,361
2025-08-13,NORTH-02,priority,5781,0.133,0.233,0,2,308
2025-08-13,NORTH-02,economy,4938,0.108,0.09,0,2,540
2025-08-13,CENTRAL-01,standard,6596,0.301,0.169,0,2,311
2025-08-13,CENTRAL-01,priority,6632,0.136,0.293,0,2,468
2025-08-13,CENTRAL-01,economy,5604,0.204,0.079,0,2,219
2025-08-13,SOUTH-01,standard,6897,0.323,0.09,0,2,484
2025-08-13,SOUTH-01,priority,5667,0.096,0.132,0,2,311
2025-08-13,SOUTH-01,economy,6209,0.251,0.1,0,2,364
2025-08-13,SOUTH-02,standard,7479,0.311,0.091,0,2,228
2025-08-13,SOUTH-02,priority,7522,0.169,0.116,0,2,330
2025-08-13,SOUTH-02,economy,6521,0.129,0.096,0,2,614
2025-08-13,WEST-01,standard,8851,0.0,0.146,0,2,383
2025-08-13,WEST-01,priority,7526,0.243,0.244,0,2,327
2025-08-13,WEST-01,economy,6883,0.292,0.19,0,2,459
2025-08-14,NORTH-01,standard,6072,0.295,0.146,0,3,424
2025-08-14,NORTH-01,priority,5168,0.125,0.245,0,3,319
2025-08-14,NORTH-01,economy,4990,0.272,0.065,0,3,352
2025-08-14,NORTH-02,standard,6332,0.339,0.199,0,3,397
2025-08-14,NORTH-02,priority,6071,0.212,0.312,0,3,345
2025-08-14,NORTH-02,economy,4806,0.157,0.165,0,3,278
2025-08-14,CENTRAL-01,standard,7271,0.059,0.079,0,3,401
2025-08-14,CENTRAL-01,priority,6254,0.091,0.138,0,3,373
2025-08-14,CENTRAL-01,economy,5120,0.0,0.063,0,3,225
2025-08-14,SOUTH-01,standard,7638,0.093,0.067,0,3,629
2025-08-14,SOUTH-01,priority,6665,0.279,0.105,0,3,371
2025-08-14,SOUTH-01,economy,7144,0.107,0.256,0,3,217
2025-08-14,SOUTH-02,standard,7448,0.353,0.103,0,3,437
2025-08-14,SOUTH-02,priority,7187,0.366,0.172,0,3,498
2025-08-14,SOUTH-02,economy,6902,0.301,0.191,0,3,315
2025-08-14,WEST-01,standard,8111,0.0,0.296,0,3,359
2025-08-14,WEST-01,priority,7263,0.14,0.11,0,3,453
2025-08-14,WEST-01,economy,7207,0.237,0.2,0,3,346
2025-08-15,NORTH-01,standard,5992,0.13,0.24,0,4,294
2025-08-15,NORTH-01,priority,5119,0.292,0.149,0,4,274
2025-08-15,NORTH-01,economy,4850,0.315,0.197,0,4,185
2025-08-15,NORTH-02,standard,6053,0.209,0.133,0,4,289
2025-08-15,NORTH-02,priority,5469,0.264,0.249,0,4,232
2025-08-15,NORTH-02,economy,5360,0.263,0.117,0,4,290
2025-08-15,CENTRAL-01,standard,6945,0.249,0.04,0,4,136
2025-08-15,CENTRAL-01,priority,6376,0.291,0.147,0,4,399
2025-08-15,CENTRAL-01,economy,6113,0.0,0.259,0,4,454
2025-08-15,SOUTH-01,standard,6904,0.084,0.169,0,4,405
2025-08-15,SOUTH-01,priority,7580,0.067,0.551,0,4,567
2025-08-15,SOUTH-01,economy,6551,0.15,0.182,0,4,247
2025-08-15,SOUTH-02,standard,7852,0.099,0.228,0,4,325
2025-08-15,SOUTH-02,priority,6277,0.104,0.052,0,4,164
2025-08-15,SOUTH-02,economy,7654,0.185,0.204,0,4,404
2025-08-15,WEST-01,standard,8634,0.026,0.148,0,4,562
2025-08-15,WEST-01,priority,7580,0.292,0.196,0,4,495
2025-08-15,WEST-01,economy,7783,0.038,0.0,0,4,407
2025-08-16,NORTH-01,standard,6459,0.244,0.0,0,5,512
2025-08-16,NORTH-01,priority,5677,0.0,0.125,0,5,198
2025-08-16,NORTH-01,economy,5003,0.239,0.234,0,5,142
2025-08-16,NORTH-02,standard,6480,0.056,0.14,0,5,346
2025-08-16,NORTH-02,priority,6052,0.148,0.006,0,5,436
2025-08-16,NORTH-02,economy,5112,0.243,0.184,0,5,260
2025-08-16,CENTRAL-01,standard,7171,0.058,0.273,0,5,195
2025-08-16,CENTRAL-01,priority,6215,0.176,0.0,0,5,383
2025-08-16,CENTRAL-01,economy,5876,0.115,0.075,0,5,346
2025-08-16,SOUTH-01,standard,7233,0.0,0.246,0,5,238
2025-08-16,SOUTH-01,priority,6508,0.343,0.235,0,5,224
2025-08-16,SOUTH-01,economy,6671,0.071,0.115,0,5,535
2025-08-16,SOUTH-02,standard,7734,0.2,0.202,0,5,307
2025-08-16,SOUTH-02,priority,7728,0.0,0.176,0,5,350
2025-08-16,SOUTH-02,economy,6404,0.323,0.119,0,5,345
2025-08-16,WEST-01,standard,8096,0.328,0.189,0,5,432
2025-08-16,WEST-01,priority,7303,0.037,0.0,0,5,375
2025-08-16,WEST-01,economy,6694,0.244,0.137,0,5,27
2025-08-17,NORTH-01,standard,6363,0.243,0.167,0,6,374
2025-08-17,NORTH-01,priority,5241,0.318,0.106,0,6,366
2025-08-17,NORTH-01,economy,4988,0.259,0.183,0,6,361
2025-08-17,NORTH-02,standard,5894,0.157,0.222,0,6,281
2025-08-17,NORTH-02,priority,5595,0.371,0.096,0,6,514
2025-08-17,NORTH-02,economy,5680,0.165,0.083,0,6,315
2025-08-17,CENTRAL-01,standard,6699,0.153,0.0,0,6,462
2025-08-17,CENTRAL-01,priority,6013,0.128,0.047,0,6,286
2025-08-17,CENTRAL-01,economy,6351,0.15,0.109,0,6,406
2025-08-17,SOUTH-01,standard,7499,0.0,0.156,0,6,548
2025-08-17,SOUTH-01,priority,7507,0.161,0.135,0,6,276
2025-08-17,SOUTH-01,economy,5816,0.276,0.155,0,6,276
2025-08-17,SOUTH-02,standard,7929,0.343,0.187,0,6,524
2025-08-17,SOUTH-02,priority,6353,0.221,0.065,0,6,555
2025-08-17,SOUTH-02,economy,7280,0.205,0.156,0,6,270
2025-08-17,WEST-01,standard,7964,0.0,0.005,0,6,432
2025-08-17,WEST-01,priority,6445,0.347,0.217,0,6,709
2025-08-17,WEST-01,economy,7363,0.131,0.248,0,6,401
2025-08-18,NORTH-01,standard,6331,0.152,0.061,0,0,349
2025-08-18,NORTH-01,priority,6693,0.013,0.282,0,0,631
2025-08-18,NORTH-01,economy,5954,0.128,0.103,0,0,327
2025-08-18,NORTH-02,standard,7888,0.297,0.265,0,0,580
2025-08-18,NORTH-02,priority,7104,0.278,0.106,0,0,476
2025-08-18,NORTH-02,economy,6127,0.106,0.111,0,0,497
2025-08-18,CENTRAL-01,standard,7738,0.194,0.15,0,0,369
2025-08-18,CENTRAL-01,priority,6976,0.04,0.214,0,0,397
2025-08-18,CENTRAL-01,economy,6555,0.131,0.211,0,0,255
2025-08-18,SOUTH-01,standard,8124,0.299,0.084,0,0,576
2025-08-18,SOUTH-01,priority,7515,0.092,0.142,0,0,421
2025-08-18,SOUTH-01,economy,6847,0.172,0.224,0,0,538
2025-08-18,SOUTH-02,standard,8198,0.373,0.171,0,0,421
2025-08-18,SOUTH-02,priority,8205,0.165,0.292,0,0,592
2025-08-18,SOUTH-02,economy,7282,0.193,0.154,0,0,367
2025-08-18,WEST-01,standard,9342,0.287,0.092,0,0,633
2025-08-18,WEST-01,priority,9113,0.109,0.247,0,0,557
2025-08-18,WEST-01,economy,7874,0.104,0.14,0,0,667
2025-08-19,NORTH-01,standard,6460,0.179,0.135,0,1,257
2025-08-19,NORTH-01,priority,5851,0.098,0.179,0,1,275
2025-08-19,NORTH-01,economy,6066,0.0,0.262,0,1,399
2025-08-19,NORTH-02,standard,8255,0.049,0.243,0,1,435
2025-08-19,NORTH-02,priority,7185,0.123,0.194,0,1,499
2025-08-19,NORTH-02,economy,5883,0.26,0.227,0,1,465
2025-08-19,CENTRAL-01,standard,7486,0.126,0.0,0,1,338
2025-08-19,CENTRAL-01,priority,7338,0.209,0.217,0,1,641
2025-08-19,CENTRAL-01,economy,6565,0.117,0.0,0,1,311
2025-08-19,SOUTH-01,standard,8008,0.05,0.126,0,1,338
2025-08-19,SOUTH-01,priority,7366,0.363,0.16,0,1,592
2025-08-19,SOUTH-01,economy,6361,0.145,0.052,0,1,361
2025-08-19,SOUTH-02,standard,8564,0.0,0.056,0,1,572
2025-08-19,SOUTH-02,priority,7984,0.335,0.203,0,1,351
2025-08-19,SOUTH-02,economy,7635,0.227,0.293,0,1,353
2025-08-19,WEST-01,standard,9330,0.161,0.129,0,1,368
2025-08-19,WEST-01,priority,8647,0.229,0.195,0,1,309
2025-08-19,WEST-01,economy,7802,0.162,0.108,0,1,334
2025-08-20,NORTH-01,standard,5266,0.329,0.165,0,2,178
2025-08-20,NORTH-01,priority,5129,0.325,0.136,0,2,469
2025-08-20,NORTH-01,economy,4244,0.162,0.054,0,2,382
2025-08-20,NORTH-02,standard,6195,0.424,0.217,0,2,338
2025-08-20,NORTH-02,priority,5688,0.186,0.0,0,2,420
2025-08-20,NORTH-02,economy,5979,0.393,0.237,0,2,561
2025-08-20,CENTRAL-01,standard,6918,0.347,0.152,0,2,187
2025-08-20,CENTRAL-01,priority,6224,0.196,0.195,0,2,181
2025-08-20,CENTRAL-01,economy,6273,0.37,0.182,0,2,457
2025-08-20,SOUTH-01,standard,7034,0.344,0.243,0,2,329
2025-08-20,SOUTH-01,priority,7422,0.129,0.073,0,2,407
2025-08-20,SOUTH-01,economy,6272,0.235,0.044,0,2,319
2025-08-20,SOUTH-02,standard,8135,0.331,0.095,0,2,536
2025-08-20,SOUTH-02,priority,7835,0.124,0.263,0,2,473
2025-08-20,SOUTH-02,economy,6756,0.061,0.214,0,2,388
2025-08-20,WEST-01,standard,7836,0.189,0.148,0,2,233
2025-08-20,WEST-01,priority,6765,0.0,0.174,0,2,470
2025-08-20,WEST-01,economy,7317,0.241,0.126,0,2,368
2025-08-21,NORTH-01,standard,4888,0.23,0.0,0,3,298
2025-08-21,NORTH-01,priority,5417,0.231,0.226,0,3,372
2025-08-21,NORTH-01,economy,4971,0.274,0.14,0,3,193
2025-08-21,NORTH-02,standard,6926,0.0,0.107,0,3,302
2025-08-21,NORTH-02,priority,5455,0.258,0.068,0,3,372
2025-08-21,NORTH-02,economy,4179,0.1,0.11,0,3,406
2025-08-21,CENTRAL-01,standard,7610,0.166,0.074,0,3,313
2025-08-21,CENTRAL-01,priority,6725,0.118,0.073,0,3,553
2025-08-21,CENTRAL-01,economy,5420,0.34,0.256,0,3,543
2025-08-21,SOUTH-01,standard,7040,0.157,0.027,0,3,430
2025-08-21,SOUTH-01,priority,7042,0.103,0.162,0,3,440
2025-08-21,SOUTH-01,economy,5718,0.259,0.136,0,3,175
2025-08-21,SOUTH-02,standard,7688,0.169,0.107,0,3,162
2025-08-21,SOUTH-02,priority,6688,0.0,0.191,0,3,357
2025-08-21,SOUTH-02,economy,6578,0.08,0.078,0,3,380
2025-08-21,WEST-01,standard,7672,0.246,0.062,0,3,544
2025-08-21,WEST-01,priority,7444,0.153,0.179,0,3,457
2025-08-21,WEST-01,economy,7058,0.0,0.242,0,3,241
2025-08-22,NORTH-01,standard,6106,0.053,0.129,0,4,380
2025-08-22,NORTH-01,priority,5439,0.037,0.22,0,4,274
2025-08-22,NORTH-01,economy,4900,0.153,0.203,0,4,261
2025-08-22,NORTH-02,standard,7094,0.141,0.248,0,4,436
2025-08-22,NORTH-02,priority,6284,0.198,0.335,0,4,390
2025-08-22,NORTH-02,economy,4032,0.156,0.179,0,4,424
2025-08-22,CENTRAL-01,standard,6401,0.027,0.093,0,4,283
2025-08-22,CENTRAL-01,priority,6971,0.139,0.221,0,4,622
2025-08-22,CENTRAL-01,economy,5978,0.192,0.132,0,4,256
2025-08-22,SOUTH-01,standard,7407,0.064,0.121,0,4,154
2025-08-22,SOUTH-01,priority,6978,0.308,0.169,0,4,200
2025-08-22,SOUTH-01,economy,6029,0.1,0.093,0,4,356
2025-08-22,SOUTH-02,standard,7388,0.284,0.158,0,4,664
2025-08-22,SOUTH-02,priority,6310,0.148,0.077,0,4,380
2025-08-22,SOUTH-02,economy,6617,0.263,0.059,0,4,388
2025-08-22,WEST-01,standard,8327,0.0,0.2,0,4,294
2025-08-22,WEST-01,priority,7102,0.295,0.225,0,4,428
2025-08-22,WEST-01,economy,6728,0.204,0.145,0,4,364
2025-08-23,NORTH-01,standard,5195,0.293,0.183,0,5,78
2025-08-23,NORTH-01,priority,5154,0.0,0.041,0,5,280
2025-08-23,NORTH-01,economy,4808,0.172,0.147,0,5,461
2025-08-23,NORTH-02,standard,6829,0.0,0.177,0,5,233
2025-08-23,NORTH-02,priority,5836,0.244,0.18,0,5,64
2025-08-23,NORTH-02,economy,5343,0.296,0.168,0,5,0
2025-08-23,CENTRAL-01,standard,7382,0.116,0.035,0,5,268
2025-08-23,CENTRAL-01,priority,6333,0.358,0.226,0,5,506
2025-08-23,CENTRAL-01,economy,6098,0.067,0.089,0,5,250
2025-08-23,SOUTH-01,standard,7096,0.021,0.124,0,5,616
2025-08-23,SOUTH-01,priority,6173,0.273,0.104,0,5,405
2025-08-23,SOUTH-01,economy,5616,0.323,0.173,0,5,176
2025-08-23,SOUTH-02,standard,7660,0.135,0.175,0,5,530
2025-08-23,SOUTH-02,priority,7345,0.243,0.169,0,5,233
2025-08-23,SOUTH-02,economy,6656,0.12,0.067,0,5,256
2025-08-23,WEST-01,standard,8442,0.19,0.137,0,5,289
2025-08-23,WEST-01,priority,7034,0.234,0.064,0,5,373
2025-08-23,WEST-01,economy,6015,0.323,0.083,0,5,247
2025-08-24,NORTH-01,standard,6458,0.134,0.3,0,6,283
2025-08-24,NORTH-01,priority,5518,0.163,0.276,0,6,318
2025-08-24,NORTH-01,economy,4719,0.131,0.206,0,6,426
2025-08-24,NORTH-02,standard,6349,0.308,0.199,0,6,202
2025-08-24,NORTH-02,priority,5507,0.153,0.097,0,6,316
2025-08-24,NORTH-02,economy,4565,0.238,0.1,0,6,201
2025-08-24,CENTRAL-01,standard,6396,0.383,0.194,0,6,526
2025-08-24,CENTRAL-01,priority,6670,0.151,0.332,0,6,447
2025-08-24,CENTRAL-01,economy,5560,0.28,0.269,0,6,514
2025-08-24,SOUTH-01,standard,7391,0.105,0.121,0,6,512
2025-08-24,SOUTH-01,priority,7494,0.14,0.282,0,6,409
2025-08-24,SOUTH-01,economy,5441,0.064,0.23,0,6,432
2025-08-24,SOUTH-02,standard,7419,0.081,0.251,0,6,323
2025-08-24,SOUTH-02,priority,6916,0.233,0.198,0,6,347
2025-08-24,SOUTH-02,economy,6396,0.294,0.231,0,6,299
2025-08-24,WEST-01,standard,8731,0.016,0.17,0,6,460
2025-08-24,WEST-01,priority,6992,0.069,0.293,0,6,495
2025-08-24,WEST-01,economy,6669,0.206,0.187,0,6,361
2025-08-25,NORTH-01,standard,6174,0.215,0.143,0,0,570
2025-08-25,NORTH-01,priority,6323,0.258,0.153,0,0,571
2025-08-25,NORTH-01,economy,6068,0.091,0.073,0,0,417
2025-08-25,NORTH-02,standard,7740,0.059,0.237,0,0,304
2025-08-25,NORTH-02,priority,6722,0.239,0.177,0,0,427
2025-08-25,NORTH-02,economy,6227,0.255,0.223,0,0,334
2025-08-25,CENTRAL-01,standard,8186,0.209,0.245,0,0,386
2025-08-25,CENTRAL-01,priority,7683,0.187,0.283,0,0,428
2025-08-25,CENTRAL-01,economy,6548,0.317,0.107,0,0,601
2025-08-25,SOUTH-01,standard,8314,0.258,0.28,0,0,372
2025-08-25,SOUTH-01,priority,7405,0.319,0.004,0,0,525
2025-08-25,SOUTH-01,economy,6204,0.248,0.0,0,0,352
2025-08-25,SOUTH-02,standard,8685,0.237,0.191,0,0,528
2025-08-25,SOUTH-02,priority,8234,0.232,0.14,0,0,349
2025-08-25,SOUTH-02,economy,7499,0.256,0.082,0,0,460
2025-08-25,WEST-01,standard,9862,0.144,0.201,0,0,353
2025-08-25,WEST-01,priority,8416,0.295,0.237,0,0,528
2025-08-25,WEST-01,economy,6881,0.149,0.25,0,0,559
2025-08-26,NORTH-01,standard,6756,0.047,0.157,0,1,562
2025-08-26,NORTH-01,priority,6790,0.153,0.107,0,1,471
2025-08-26,NORTH-01,economy,5193,0.14,0.071,0,1,488
2025-08-26,NORTH-02,standard,7578,0.23,0.164,0,1,173
2025-08-26,NORTH-02,priority,7197,0.141,0.126,0,1,219
2025-08-26,NORTH-02,economy,5503,0.306,0.294,0,1,347
2025-08-26,CENTRAL-01,standard,6953,0.24,0.22,0,1,429
2025-08-26,CENTRAL-01,priority,8073,0.154,0.127,0,1,396
2025-08-26,CENTRAL-01,economy,6630,0.234,0.14,0,1,445
2025-08-26,SOUTH-01,standard,8149,0.287,0.088,0,1,447
2025-08-26,SOUTH-01,priority,8080,0.0,0.074,0,1,367
2025-08-26,SOUTH-01,economy,7023,0.493,0.227,0,1,571
2025-08-26,SOUTH-02,standard,8030,0.273,0.165,0,1,500
2025-08-26,SOUTH-02,priority,7092,0.348,0.103,0,1,264
2025-08-26,SOUTH-02,economy,7880,0.391,0.156,0,1,418
2025-08-26,WEST-01,standard,9230,0.12,0.321,0,1,427
2025-08-26,WEST-01,priority,8747,0.235,0.127,0,1,495
2025-08-26,WEST-01,economy,7067,0.238,0.101,0,1,292
2025-08-27,NORTH-01,standard,5838,0.091,0.173,0,2,179
2025-08-27,NORTH-01,priority,5902,0.042,0.181,0,2,296
2025-08-27,NORTH-01,economy,5005,0.132,0.199,0,2,472
2025-08-27,NORTH-02,standard,6891,0.161,0.083,0,2,349
2025-08-27,NORTH-02,priority,6664,0.085,0.221,0,2,401
2025-08-27,NORTH-02,economy,5681,0.059,0.273,0,2,376
2025-08-27,CENTRAL-01,standard,6622,0.132,0.24,0,2,234
2025-08-27,CENTRAL-01,priority,6423,0.407,0.081,0,2,538
2025-08-27,CENTRAL-01,economy,5844,0.205,0.08,0,2,522
2025-08-27,SOUTH-01,standard,7378,0.221,0.09,0,2,235
2025-08-27,SOUTH-01,priority,6846,0.063,0.129,0,2,241
2025-08-27,SOUTH-01,economy,6056,0.21,0.192,0,2,102
2025-08-27,SOUTH-02,standard,8153,0.193,0.295,0,2,426
2025-08-27,SOUTH-02,priority,7356,0.135,0.196,0,2,485
2025-08-27,SOUTH-02,economy,6487,0.048,0.16,0,2,419
2025-08-27,WEST-01,standard,8571,0.0,0.119,0,2,521
2025-08-27,WEST-01,priority,7686,0.176,0.0,0,2,600
2025-08-27,WEST-01,economy,7367,0.079,0.116,0,2,500
2025-08-28,NORTH-01,standard,5411,0.312,0.231,0,3,284
2025-08-28,NORTH-01,priority,5529,0.255,0.143,0,3,330
2025-08-28,NORTH-01,economy,4384,0.128,0.131,0,3,224
2025-08-28,NORTH-02,standard,6743,0.172,0.146,0,3,348
2025-08-28,NORTH-02,priority,5613,0.381,0.248,0,3,372
2025-08-28,NORTH-02,economy,4753,0.326,0.099,0,3,478
2025-08-28,CENTRAL-01,standard,7097,0.263,0.236,0,3,362
2025-08-28,CENTRAL-01,priority,6988,0.019,0.161,0,3,538
2025-08-28,CENTRAL-01,economy,6584,0.308,0.213,0,3,191
2025-08-28,SOUTH-01,standard,7895,0.208,0.075,0,3,350
2025-08-28,SOUTH-01,priority,6765,0.301,0.114,0,3,369
2025-08-28,SOUTH-01,economy,6543,0.178,0.177,0,3,363
2025-08-28,SOUTH-02,standard,7624,0.287,0.233,0,3,634
2025-08-28,SOUTH-02,priority,7306,0.269,0.115,0,3,523
2025-08-28,SOUTH-02,economy,5059,0.251,0.166,0,3,215
2025-08-28,WEST-01,standard,8266,0.261,0.071,0,3,534
2025-08-28,WEST-01,priority,7128,0.166,0.009,0,3,476
2025-08-28,WEST-01,economy,6693,0.331,0.0,0,3,204
2025-08-29,NORTH-01,standard,7039,0.191,0.137,0,4,326
2025-08-29,NORTH-01,priority,5359,0.306,0.231,0,4,355
2025-08-29,NORTH-01,economy,4410,0.18,0.09,0,4,263
2025-08-29,NORTH-02,standard,6494,0.043,0.11,0,4,394
2025-08-29,NORTH-02,priority,5493,0.233,0.134,0,4,395
2025-08-29,NORTH-02,economy,4717,0.275,0.111,0,4,267
2025-08-29,CENTRAL-01,standard,7359,0.158,0.242,0,4,400
2025-08-29,CENTRAL-01,priority,6698,0.408,0.147,0,4,527
2025-08-29,CENTRAL-01,economy,5650,0.318,0.176,0,4,350
2025-08-29,SOUTH-01,standard,7082,0.282,0.087,0,4,592
2025-08-29,SOUTH-01,priority,6259,0.255,0.226,0,4,315
2025-08-29,SOUTH-01,economy,5569,0.22,0.147,0,4,438
2025-08-29,SOUTH-02,standard,7983,0.309,0.127,0,4,662
2025-08-29,SOUTH-02,priority,6521,0.363,0.131,0,4,403
2025-08-29,SOUTH-02,economy,6431,0.462,0.257,0,4,560
2025-08-29,WEST-01,standard,8356,0.32,0.0,0,4,444
2025-08-29,WEST-01,priority,7880,0.076,0.157,0,4,321
2025-08-29,WEST-01,economy,7297,0.166,0.124,0,4,362
2025-08-30,NORTH-01,standard,5795,0.0,0.114,0,5,198
2025-08-30,NORTH-01,priority,5002,0.322,0.214,0,5,177
2025-08-30,NORTH-01,economy,4612,0.168,0.044,0,5,326
2025-08-30,NORTH-02,standard,6178,0.217,0.177,0,5,373
2025-08-30,NORTH-02,priority,5696,0.334,0.0,0,5,209
2025-08-30,NORTH-02,economy,5525,0.348,0.215,0,5,243
2025-08-30,CENTRAL-01,standard,5948,0.212,0.18,0,5,376
2025-08-30,CENTRAL-01,priority,6360,0.254,0.037,0,5,382
2025-08-30,CENTRAL-01,economy,5579,0.346,0.117,0,5,388
2025-08-30,SOUTH-01,standard,7528,0.0,0.122,0,5,123
2025-08-30,SOUTH-01,priority,6714,0.261,0.157,0,5,467
2025-08-30,SOUTH-01,economy,6537,0.131,0.153,0,5,382
2025-08-30,SOUTH-02,standard,7989,0.0,0.154,0,5,527
2025-08-30,SOUTH-02,priority,6705,0.139,0.072,0,5,554
2025-08-30,SOUTH-02,economy,7308,0.215,0.261,0,5,310
2025-08-30,WEST-01,standard,8559,0.082,0.14,0,5,268
2025-08-30,WEST-01,priority,7123,0.235,0.182,0,5,262
2025-08-30,WEST-01,economy,7020,0.233,0.316,0,5,430
2025-08-31,NORTH-01,standard,5903,0.107,0.169,0,6,326
2025-08-31,NORTH-01,priority,4545,0.474,0.159,0,6,393
2025-08-31,NORTH-01,economy,4708,0.316,0.204,0,6,211
2025-08-31,NORTH-02,standard,6430,0.073,0.135,0,6,305
2025-08-31,NORTH-02,priority,6379,0.326,0.224,0,6,276
2025-08-31,NORTH-02,economy,5548,0.07,0.156,0,6,355
2025-08-31,CENTRAL-01,standard,6966,0.222,0.277,0,6,485
2025-08-31,CENTRAL-01,priority,6589,0.242,0.158,0,6,285
2025-08-31,CENTRAL-01,economy,5156,0.064,0.185,0,6,396
2025-08-31,SOUTH-01,standard,7473,0.045,0.271,0,6,578
2025-08-31,SOUTH-01,priority,7107,0.155,0.13,0,6,428
2025-08-31,SOUTH-01,economy,5927,0.172,0.118,0,6,640
2025-08-31,SOUTH-02,standard,8332,0.0,0.054,0,6,562
2025-08-31,SOUTH-02,priority,7635,0.069,0.01,0,6,283
2025-08-31,SOUTH-02,economy,6168,0.121,0.158,0,6,475
2025-08-31,WEST-01,standard,7802,0.183,0.079,0,6,569
2025-08-31,WEST-01,priority,7694,0.147,0.199,0,6,200
2025-08-31,WEST-01,economy,7787,0.27,0.236,0,6,185
2025-09-01,NORTH-01,standard,6952,0.0,0.201,0,0,216
2025-09-01,NORTH-01,priority,5765,0.193,0.114,0,0,343
2025-09-01,NORTH-01,economy,5771,0.248,0.164,0,0,406
2025-09-01,NORTH-02,standard,7665,0.0,0.146,0,0,364
2025-09-01,NORTH-02,priority,6679,0.08,0.09,0,0,490
2025-09-01,NORTH-02,economy,5479,0.363,0.256,0,0,231
2025-09-01,CENTRAL-01,standard,7491,0.259,0.254,0,0,426
2025-09-01,CENTRAL-01,priority,7097,0.044,0.172,0,0,414
2025-09-01,CENTRAL-01,economy,7866,0.035,0.019,0,0,424
2025-09-01,SOUTH-01,standard,7501,0.436,0.271,0,0,448
2025-09-01,SOUTH-01,priority,6966,0.025,0.126,0,0,200
2025-09-01,SOUTH-01,economy,7082,0.077,0.106,0,0,268
2025-09-01,SOUTH-02,standard,8910,0.198,0.241,0,0,439
2025-09-01,SOUTH-02,priority,8297,0.221,0.035,0,0,285
2025-09-01,SOUTH-02,economy,7601,0.366,0.212,0,0,480
2025-09-01,WEST-01,standard,8654,0.18,0.087,0,0,649
2025-09-01,WEST-01,priority,8602,0.192,0.061,0,0,479
2025-09-01,WEST-01,economy,8142,0.14,0.078,0,0,537
2025-09-02,NORTH-01,standard,6623,0.219,0.156,0,1,436
2025-09-02,NORTH-01,priority,6773,0.104,0.048,0,1,259
2025-09-02,NORTH-01,economy,5299,0.0,0.255,0,1,292
2025-09-02,NORTH-02,standard,8389,0.049,0.092,0,1,419
2025-09-02,NORTH-02,priority,6558,0.223,0.213,0,1,505
2025-09-02,NORTH-02,economy,5899,0.225,0.21,0,1,410
2025-09-02,CENTRAL-01,standard,7726,0.179,0.24,0,1,655
2025-09-02,CENTRAL-01,priority,7068,0.221,0.14,0,1,391
2025-09-02,CENTRAL-01,economy,6729,0.105,0.203,0,1,615
2025-09-02,SOUTH-01,standard,8121,0.128,0.14,0,1,647
2025-09-02,SOUTH-01,priority,7946,0.007,0.157,0,1,283
2025-09-02,SOUTH-01,economy,6665,0.497,0.076,0,1,582
2025-09-02,SOUTH-02,standard,8609,0.135,0.161,0,1,431
2025-09-02,SOUTH-02,priority,6805,0.31,0.116,0,1,380
2025-09-02,SOUTH-02,economy,7395,0.188,0.166,0,1,298
2025-09-02,WEST-01,standard,9314,0.151,0.291,0,1,537
2025-09-02,WEST-01,priority,8171,0.056,0.127,0,1,580
2025-09-02,WEST-01,economy,8231,0.0,0.18,0,1,460
2025-09-03,NORTH-01,standard,6104,0.0,0.0,0,2,252
2025-09-03,NORTH-01,priority,5045,0.103,0.116,0,2,184
2025-09-03,NORTH-01,economy,4440,0.18,0.0,0,2,233
2025-09-03,NORTH-02,standard,6339,0.177,0.341,0,2,418
2025-09-03,NORTH-02,priority,5833,0.206,0.195,0,2,527
2025-09-03,NORTH-02,economy,4673,0.262,0.206,0,2,331
2025-09-03,CENTRAL-01,standard,6646,0.119,0.081,0,2,372
2025-09-03,CENTRAL-01,priority,6762,0.235,0.229,0,2,417
2025-09-03,CENTRAL-01,economy,5558,0.187,0.124,0,2,253
2025-09-03,SOUTH-01,standard,8099,0.129,0.178,0,2,405
2025-09-03,SOUTH-01,priority,6094,0.083,0.228,0,2,487
2025-09-03,SOUTH-01,economy,6151,0.008,0.203,0,2,403
2025-09-03,SOUTH-02,standard,7071,0.43,0.083,0,2,401
2025-09-03,SOUTH-02,priority,7052,0.363,0.164,0,2,411
2025-09-03,SOUTH-02,economy,6522,0.059,0.164,0,2,534
2025-09-03,WEST-01,standard,7893,0.276,0.044,0,2,480
2025-09-03,WEST-01,priority,7414,0.062,0.064,0,2,443
2025-09-03,WEST-01,economy,7936,0.304,0.169,0,2,336
2025-09-04,NORTH-01,standard,6568,0.269,0.061,0,3,540
2025-09-04,NORTH-01,priority,5506,0.265,0.011,0,3,246
2025-09-04,NORTH-01,economy,4761,0.234,0.034,0,3,280
2025-09-04,NORTH-02,standard,6634,0.087,0.197,0,3,354
2025-09-04,NORTH-02,priority,6118,0.268,0.302,0,3,146
2025-09-04,NORTH-02,economy,5872,0.0,0.156,0,3,372
2025-09-04,CENTRAL-01,standard,7285,0.241,0.145,0,3,472
2025-09-04,CENTRAL-01,priority,5829,0.058,0.186,0,3,408
2025-09-04,CENTRAL-01,economy,5884,0.146,0.163,0,3,390
2025-09-04,SOUTH-01,standard,7301,0.35,0.153,0,3,558
2025-09-04,SOUTH-01,priority,6330,0.408,0.149,0,3,314
2025-09-04,SOUTH-01,economy,5328,0.234,0.134,0,3,474
2025-09-04,SOUTH-02,standard,8393,0.278,0.242,0,3,454
2025-09-04,SOUTH-02,priority,6744,0.211,0.231,0,3,340
2025-09-04,SOUTH-02,economy,6434,0.173,0.224,0,3,287
2025-09-04,WEST-01,standard,8297,0.128,0.188,0,3,254
2025-09-04,WEST-01,priority,7832,0.03,0.161,0,3,418
2025-09-04,WEST-01,economy,7276,0.124,0.213,0,3,438
2025-09-05,NORTH-01,standard,5773,0.224,0.278,0,4,302
2025-09-05,NORTH-01,priority,5468,0.14,0.251,0,4,248
2025-09-05,NORTH-01,economy,5368,0.167,0.158,0,4,295
2025-09-05,NORTH-02,standard,6352,0.098,0.077,0,4,678
2025-09-05,NORTH-02,priority,5912,0.226,0.198,0,4,373
2025-09-05,NORTH-02,economy,5391,0.274,0.195,0,4,343
2025-09-05,CENTRAL-01,standard,7059,0.138,0.184,0,4,647
2025-09-05,CENTRAL-01,priority,5651,0.306,0.096,0,4,301
2025-09-05,CENTRAL-01,economy,5367,0.05,0.113,0,4,301
2025-09-05,SOUTH-01,standard,7335,0.142,0.162,0,4,291
2025-09-05,SOUTH-01,priority,6434,0.326,0.182,0,4,266
2025-09-05,SOUTH-01,economy,6578,0.004,0.027,0,4,490
2025-09-05,SOUTH-02,standard,8262,0.11,0.259,0,4,452
2025-09-05,SOUTH-02,priority,7217,0.283,0.199,0,4,367
2025-09-05,SOUTH-02,economy,6078,0.167,0.021,0,4,578
2025-09-05,WEST-01,standard,8517,0.081,0.002,0,4,465
2025-09-05,WEST-01,priority,7947,0.217,0.137,0,4,601
2025-09-05,WEST-01,economy,7583,0.117,0.201,0,4,338
2025-09-06,NORTH-01,standard,5511,0.361,0.239,0,5,536
2025-09-06,NORTH-01,priority,5811,0.037,0.095,0,5,479
2025-09-06,NORTH-01,economy,4662,0.192,0.1,0,5,274
2025-09-06,NORTH-02,standard,6109,0.281,0.118,0,5,186
2025-09-06,NORTH-02,priority,5472,0.109,0.141,0,5,134
2025-09-06,NORTH-02,economy,4519,0.298,0.07,0,5,503
2025-09-06,CENTRAL-01,standard,7168,0.282,0.232,0,5,552
2025-09-06,CENTRAL-01,priority,5747,0.286,0.122,0,5,198
2025-09-06,CENTRAL-01,economy,5275,0.163,0.062,0,5,319
2025-09-06,SOUTH-01,standard,7085,0.348,0.029,0,5,242
2025-09-06,SOUTH-01,priority,6551,0.113,0.224,0,5,344
2025-09-06,SOUTH-01,economy,5959,0.197,0.206,0,5,510
2025-09-06,SOUTH-02,standard,7821,0.127,0.189,0,5,503
2025-09-06,SOUTH-02,priority,6931,0.423,0.128,0,5,336
2025-09-06,SOUTH-02,economy,6550,0.11,0.094,0,5,283
2025-09-06,WEST-01,standard,8709,0.09,0.0,0,5,638
2025-09-06,WEST-01,priority,6926,0.258,0.08,0,5,200
2025-09-06,WEST-01,economy,7122,0.257,0.251,0,5,496
2025-09-07,NORTH-01,standard,6385,0.233,0.088,0,6,485
2025-09-07,NORTH-01,priority,5592,0.061,0.215,0,6,316
2025-09-07,NORTH-01,economy,5213,0.227,0.179,0,6,234
2025-09-07,NORTH-02,standard,6264,0.248,0.057,0,6,354
2025-09-07,NORTH-02,priority,5682,0.296,0.151,0,6,521
2025-09-07,NORTH-02,economy,4487,0.129,0.112,0,6,288
2025-09-07,CENTRAL-01,standard,7123,0.067,0.13,0,6,263
2025-09-07,CENTRAL-01,priority,6041,0.081,0.022,0,6,247
2025-09-07,CENTRAL-01,economy,6188,0.437,0.27,0,6,210
2025-09-07,SOUTH-01,standard,8049,0.159,0.054,0,6,521
2025-09-07,SOUTH-01,priority,6284,0.054,0.18,0,6,352
2025-09-07,SOUTH-01,economy,6644,0.159,0.209,0,6,381
2025-09-07,SOUTH-02,standard,8299,0.153,0.0,0,6,350
2025-09-07,SOUTH-02,priority,6899,0.192,0.331,0,6,389
2025-09-07,SOUTH-02,economy,6622,0.24,0.237,0,6,519
2025-09-07,WEST-01,standard,8509,0.13,0.193,0,6,424
2025-09-07,WEST-01,priority,7368,0.219,0.08,0,6,246
2025-09-07,WEST-01,economy,7334,0.127,0.241,0,6,436
2025-09-08,NORTH-01,standard,7155,0.0,0.176,0,0,459
2025-09-08,NORTH-01,priority,6045,0.346,0.117,0,0,471
2025-09-08,NORTH-01,economy,4983,0.108,0.157,0,0,292
2025-09-08,NORTH-02,standard,7688,0.337,0.177,0,0,525
2025-09-08,NORTH-02,priority,7013,0.342,0.122,0,0,660
2025-09-08,NORTH-02,economy,5798,0.177,0.044,0,0,410
2025-09-08,CENTRAL-01,standard,7795,0.0,0.089,0,0,427
2025-09-08,CENTRAL-01,priority,6634,0.396,0.205,0,0,843
2025-09-08,CENTRAL-01,economy,6005,0.178,0.016,0,0,236
2025-09-08,SOUTH-01,standard,7354,0.018,0.191,0,0,518
2025-09-08,SOUTH-01,priority,7908,0.278,0.113,0,0,286
2025-09-08,SOUTH-01,economy,7095,0.079,0.194,0,0,317
2025-09-08,SOUTH-02,standard,9389,0.166,0.256,0,0,512
2025-09-08,SOUTH-02,priority,7816,0.137,0.192,0,0,554
2025-09-08,SOUTH-02,economy,7221,0.294,0.305,0,0,285
2025-09-08,WEST-01,standard,9470,0.246,0.128,0,0,622
2025-09-08,WEST-01,priority,8709,0.384,0.155,0,0,379
2025-09-08,WEST-01,economy,7824,0.206,0.146,0,0,633
2025-09-09,NORTH-01,standard,7156,0.019,0.15,0,1,471
2025-09-09,NORTH-01,priority,6207,0.048,0.126,0,1,95
2025-09-09,NORTH-01,economy,4803,0.319,0.032,0,1,437
2025-09-09,NORTH-02,standard,7307,0.14,0.126,0,1,528
2025-09-09,NORTH-02,priority,6439,0.114,0.198,0,1,412
2025-09-09,NORTH-02,economy,5571,0.288,0.262,0,1,311
2025-09-09,CENTRAL-01,standard,7685,0.372,0.224,0,1,411
2025-09-09,CENTRAL-01,priority,7389,0.216,0.12,0,1,460
2025-09-09,CENTRAL-01,economy,6490,0.046,0.111,0,1,344
2025-09-09,SOUTH-01,standard,7965,0.212,0.164,0,1,579
2025-09-09,SOUTH-01,priority,8409,0.181,0.267,0,1,305
2025-09-09,SOUTH-01,economy,7182,0.121,0.117,0,1,482
2025-09-09,SOUTH-02,standard,9332,0.198,0.106,0,1,407
2025-09-09,SOUTH-02,priority,7978,0.269,0.147,0,1,500
2025-09-09,SOUTH-02,economy,7127,0.365,0.174,0,1,571
2025-09-09,WEST-01,standard,9534,0.239,0.164,0,1,504
2025-09-09,WEST-01,priority,8736,0.475,0.15,0,1,495
2025-09-09,WEST-01,economy,7665,0.233,0.121,0,1,469
2025-09-10,NORTH-01,standard,6133,0.076,0.104,0,2,512
2025-09-10,NORTH-01,priority,5023,0.19,0.155,0,2,534
2025-09-10,NORTH-01,economy,4242,0.313,0.248,0,2,349
2025-09-10,NORTH-02,standard,6834,0.067,0.212,0,2,447
2025-09-10,NORTH-02,priority,5605,0.094,0.067,0,2,385
2025-09-10,NORTH-02,economy,4902,0.151,0.17,0,2,326
2025-09-10,CENTRAL-01,standard,6999,0.347,0.177,0,2,438
2025-09-10,CENTRAL-01,priority,6699,0.119,0.281,0,2,402
2025-09-10,CENTRAL-01,economy,5207,0.262,0.225,0,2,342
2025-09-10,SOUTH-01,standard,7260,0.448,0.282,0,2,485
2025-09-10,SOUTH-01,priority,6638,0.141,0.178,0,2,322
2025-09-10,SOUTH-01,economy,6171,0.109,0.285,0,2,502
2025-09-10,SOUTH-02,standard,7966,0.128,0.106,0,2,263
2025-09-10,SOUTH-02,priority,6873,0.26,0.139,0,2,294
2025-09-10,SOUTH-02,economy,6322,0.417,0.147,0,2,474
2025-09-10,WEST-01,standard,8430,0.079,0.241,0,2,266
2025-09-10,WEST-01,priority,7602,0.116,0.062,0,2,312
2025-09-10,WEST-01,economy,7145,0.072,0.173,0,2,539
2025-09-11,NORTH-01,standard,6182,0.32,0.155,0,3,196
2025-09-11,NORTH-01,priority,5838,0.264,0.183,0,3,318
2025-09-11,NORTH-01,economy,5457,0.144,0.127,0,3,377
2025-09-11,NORTH-02,standard,6553,0.0,0.202,0,3,506
2025-09-11,NORTH-02,priority,6404,0.245,0.249,0,3,484
2025-09-11,NORTH-02,economy,4949,0.316,0.215,0,3,191
2025-09-11,CENTRAL-01,standard,6181,0.08,0.208,0,3,363
2025-09-11,CENTRAL-01,priority,6433,0.148,0.248,0,3,328
2025-09-11,CENTRAL-01,economy,5454,0.338,0.143,0,3,284
2025-09-11,SOUTH-01,standard,7180,0.214,0.123,0,3,569
2025-09-11,SOUTH-01,priority,6294,0.186,0.114,0,3,392
2025-09-11,SOUTH-01,economy,5808,0.113,0.121,0,3,377
2025-09-11,SOUTH-02,standard,7764,0.024,0.183,0,3,498
2025-09-11,SOUTH-02,priority,7505,0.238,0.158,0,3,591
2025-09-11,SOUTH-02,economy,6049,0.332,0.045,0,3,303
2025-09-11,WEST-01,standard,7885,0.257,0.108,0,3,328
2025-09-11,WEST-01,priority,7144,0.216,0.201,0,3,332
2025-09-11,WEST-01,economy,7180,0.0,0.0,0,3,433
2025-09-12,NORTH-01,standard,5529,0.201,0.277,0,4,96
2025-09-12,NORTH-01,priority,5149,0.045,0.0,0,4,404
2025-09-12,NORTH-01,economy,5079,0.216,0.232,0,4,283
2025-09-12,NORTH-02,standard,5981,0.117,0.185,0,4,0
2025-09-12,NORTH-02,priority,6543,0.227,0.169,0,4,459
2025-09-12,NORTH-02,economy,4878,0.217,0.125,0,4,292
2025-09-12,CENTRAL-01,standard,7289,0.295,0.187,0,4,411
2025-09-12,CENTRAL-01,priority,6996,0.072,0.243,0,4,412
2025-09-12,CENTRAL-01,economy,5506,0.247,0.19,0,4,313
2025-09-12,SOUTH-01,standard,7888,0.071,0.129,0,4,517
2025-09-12,SOUTH-01,priority,6645,0.247,0.227,0,4,238
2025-09-12,SOUTH-01,economy,6436,0.161,0.144,0,4,434
2025-09-12,SOUTH-02,standard,7181,0.301,0.0,0,4,384
2025-09-12,SOUTH-02,priority,6940,0.238,0.318,0,4,303
2025-09-12,SOUTH-02,economy,6171,0.129,0.09,0,4,370
2025-09-12,WEST-01,standard,7788,0.298,0.16,0,4,390
2025-09-12,WEST-01,priority,8451,0.055,0.229,0,4,242
2025-09-12,WEST-01,economy,6927,0.207,0.088,0,4,377
2025-09-13,NORTH-01,standard,6296,0.019,0.247,0,5,312
2025-09-13,NORTH-01,priority,5298,0.194,0.08,0,5,118
2025-09-13,NORTH-01,economy,4696,0.0,0.072,0,5,110
2025-09-13,NORTH-02,standard,6499,0.12,0.107,0,5,448
2025-09-13,NORTH-02,priority,5349,0.385,0.184,0,5,420
2025-09-13,NORTH-02,economy,4574,0.348,0.06,0,5,146
2025-09-13,CENTRAL-01,standard,7676,0.112,0.18,0,5,517
2025-09-13,CENTRAL-01,priority,6462,0.226,0.154,0,5,427
2025-09-13,CENTRAL-01,economy,5682,0.336,0.148,0,5,301
2025-09-13,SOUTH-01,standard,6847,0.194,0.129,0,5,490
2025-09-13,SOUTH-01,priority,6739,0.359,0.147,0,5,485
2025-09-13,SOUTH-01,economy,6088,0.163,0.165,0,5,296
2025-09-13,SOUTH-02,standard,8197,0.243,0.191,0,5,425
2025-09-13,SOUTH-02,priority,7126,0.036,0.239,0,5,303
2025-09-13,SOUTH-02,economy,6366,0.116,0.011,0,5,445
2025-09-13,WEST-01,standard,8961,0.128,0.257,0,5,555
2025-09-13,WEST-01,priority,7830,0.0,0.265,0,5,616
2025-09-13,WEST-01,economy,7093,0.108,0.139,0,5,280
2025-09-14,NORTH-01,standard,7310,0.0,0.0,0,6,199
2025-09-14,NORTH-01,priority,5097,0.0,0.196,0,6,139
2025-09-14,NORTH-01,economy,4598,0.0,0.173,0,6,395
2025-09-14,NORTH-02,standard,6352,0.171,0.157,0,6,337
2025-09-14,NORTH-02,priority,5463,0.073,0.086,0,6,525
2025-09-14,NORTH-02,economy,5250,0.132,0.0,0,6,241
2025-09-14,CENTRAL-01,standard,7560,0.175,0.128,0,6,360
2025-09-14,CENTRAL-01,priority,5745,0.278,0.207,0,6,374
2025-09-14,CENTRAL-01,economy,5171,0.089,0.053,0,6,433
2025-09-14,SOUTH-01,standard,7110,0.497,0.086,0,6,430
2025-09-14,SOUTH-01,priority,7887,0.116,0.263,0,6,344
2025-09-14,SOUTH-01,economy,5496,0.388,0.106,0,6,328
2025-09-14,SOUTH-02,standard,8021,0.284,0.142,0,6,447
2025-09-14,SOUTH-02,priority,7746,0.342,0.192,0,6,309
2025-09-14,SOUTH-02,economy,6239,0.156,0.15,0,6,246
2025-09-14,WEST-01,standard,8318,0.226,0.203,0,6,556
2025-09-14,WEST-01,priority,7210,0.048,0.119,0,6,413
2025-09-14,WEST-01,economy,6593,0.239,0.257,0,6,422
2025-09-15,NORTH-01,standard,6223,0.352,0.07,0,0,189
2025-09-15,NORTH-01,priority,6438,0.255,0.092,0,0,347
2025-09-15,NORTH-01,economy,5304,0.396,0.213,0,0,302
2025-09-15,NORTH-02,standard,7732,0.275,0.065,0,0,381
2025-09-15,NORTH-02,priority,6480,0.277,0.134,0,0,291
2025-09-15,NORTH-02,economy,7264,0.388,0.126,0,0,416
2025-09-15,CENTRAL-01,standard,8308,0.078,0.023,0,0,405
2025-09-15,CENTRAL-01,priority,7661,0.279,0.336,0,0,450
2025-09-15,CENTRAL-01,economy,6035,0.327,0.214,0,0,520
2025-09-15,SOUTH-01,standard,8659,0.174,0.273,0,0,582
2025-09-15,SOUTH-01,priority,7776,0.153,0.029,0,0,530
2025-09-15,SOUTH-01,economy,6157,0.113,0.134,0,0,346
2025-09-15,SOUTH-02,standard,9045,0.03,0.191,0,0,453
2025-09-15,SOUTH-02,priority,8060,0.339,0.169,0,0,460
2025-09-15,SOUTH-02,economy,7254,0.11,0.229,0,0,448
2025-09-15,WEST-01,standard,8349,0.326,0.068,0,0,305
2025-09-15,WEST-01,priority,7766,0.398,0.101,0,0,456
2025-09-15,WEST-01,economy,8568,0.0,0.074,0,0,322
2025-09-16,NORTH-01,standard,7180,0.149,0.174,0,1,331
2025-09-16,NORTH-01,priority,6018,0.246,0.266,0,1,302
2025-09-16,NORTH-01,economy,5854,0.167,0.206,0,1,340
2025-09-16,NORTH-02,standard,7558,0.0,0.059,0,1,345
2025-09-16,NORTH-02,priority,7823,0.139,0.145,0,1,354
2025-09-16,NORTH-02,economy,6508,0.346,0.255,0,1,273
2025-09-16,CENTRAL-01,standard,8651,0.196,0.119,0,1,488
2025-09-16,CENTRAL-01,priority,7292,0.154,0.293,0,1,464
2025-09-16,CENTRAL-01,economy,6533,0.264,0.178,0,1,476
2025-09-16,SOUTH-01,standard,8350,0.104,0.239,0,1,591
2025-09-16,SOUTH-01,priority,7573,0.306,0.194,0,1,539
2025-09-16,SOUTH-01,economy,6456,0.249,0.0,0,1,393
2025-09-16,SOUTH-02,standard,9410,0.214,0.207,0,1,532
2025-09-16,SOUTH-02,priority,8791,0.0,0.166,0,1,457
2025-09-16,SOUTH-02,economy,7806,0.204,0.11,0,1,371
2025-09-16,WEST-01,standard,9150,0.251,0.184,0,1,512
2025-09-16,WEST-01,priority,8919,0.204,0.252,0,1,572
2025-09-16,WEST-01,economy,7935,0.088,0.084,0,1,507
2025-09-17,NORTH-01,standard,6295,0.244,0.09,0,2,293
2025-09-17,NORTH-01,priority,5341,0.261,0.173,0,2,275
2025-09-17,NORTH-01,economy,4414,0.196,0.157,0,2,384
2025-09-17,NORTH-02,standard,6623,0.319,0.219,0,2,324
2025-09-17,NORTH-02,priority,5935,0.195,0.139,0,2,470
2025-09-17,NORTH-02,economy,5454,0.167,0.003,0,2,391
2025-09-17,CENTRAL-01,standard,6477,0.198,0.056,0,2,288
2025-09-17,CENTRAL-01,priority,5858,0.11,0.111,0,2,613
2025-09-17,CENTRAL-01,economy,5571,0.36,0.172,0,2,566
2025-09-17,SOUTH-01,standard,7245,0.375,0.091,0,2,375
2025-09-17,SOUTH-01,priority,6747,0.148,0.137,0,2,407
2025-09-17,SOUTH-01,economy,5932,0.206,0.265,0,2,473
2025-09-17,SOUTH-02,standard,8398,0.051,0.169,0,2,500
2025-09-17,SOUTH-02,priority,7957,0.142,0.173,0,2,347
2025-09-17,SOUTH-02,economy,6452,0.248,0.227,0,2,581
2025-09-17,WEST-01,standard,8596,0.429,0.238,0,2,230
2025-09-17,WEST-01,priority,7488,0.021,0.143,0,2,479
2025-09-17,WEST-01,economy,7160,0.0,0.2,0,2,329
2025-09-18,NORTH-01,standard,5186,0.409,0.125,0,3,390
2025-09-18,NORTH-01,priority,6410,0.226,0.136,0,3,397
2025-09-18,NORTH-01,economy,5318,0.302,0.176,0,3,299
2025-09-18,NORTH-02,standard,6849,0.052,0.211,0,3,480
2025-09-18,NORTH-02,priority,5356,0.106,0.188,0,3,283
2025-09-18,NORTH-02,economy,5214,0.095,0.19,0,3,171
2025-09-18,CENTRAL-01,standard,7138,0.112,0.198,0,3,304
2025-09-18,CENTRAL-01,priority,6789,0.281,0.275,0,3,106
2025-09-18,CENTRAL-01,economy,4827,0.208,0.139,0,3,169
2025-09-18,SOUTH-01,standard,7358,0.276,0.165,0,3,322
2025-09-18,SOUTH-01,priority,6159,0.31,0.052,0,3,326
2025-09-18,SOUTH-01,economy,6671,0.0,0.079,0,3,278
2025-09-18,SOUTH-02,standard,7730,0.274,0.201,0,3,241
2025-09-18,SOUTH-02,priority,6785,0.188,0.0,0,3,412
2025-09-18,SOUTH-02,economy,6217,0.284,0.138,0,3,283
2025-09-18,WEST-01,standard,8511,0.124,0.2,0,3,432
2025-09-18,WEST-01,priority,7003,0.256,0.15,0,3,256
2025-09-18,WEST-01,economy,6649,0.252,0.04,0,3,365
2025-09-19,NORTH-01,standard,5554,0.056,0.017,0,4,129
2025-09-19,NORTH-01,priority,5137,0.253,0.182,0,4,170
2025-09-19,NORTH-01,economy,4520,0.32,0.185,0,4,458
2025-09-19,NORTH-02,standard,6112,0.197,0.175,0,4,181
2025-09-19,NORTH-02,priority,5936,0.0,0.317,0,4,365
2025-09-19,NORTH-02,economy,5176,0.235,0.148,0,4,314
2025-09-19,CENTRAL-01,standard,6622,0.238,0.067,0,4,102
2025-09-19,CENTRAL-01,priority,6734,0.0,0.046,0,4,349
2025-09-19,CENTRAL-01,economy,5795,0.264,0.181,0,4,240
2025-09-19,SOUTH-01,standard,8334,0.189,0.17,0,4,388
2025-09-19,SOUTH-01,priority,6386,0.268,0.14,0,4,475
2025-09-19,SOUTH-01,economy,5688,0.407,0.171,0,4,406
2025-09-19,SOUTH-02,standard,8326,0.214,0.327,0,4,317
2025-09-19,SOUTH-02,priority,7536,0.333,0.212,0,4,459
2025-09-19,SOUTH-02,economy,6411,0.301,0.185,0,4,388
2025-09-19,WEST-01,standard,8333,0.166,0.177,0,4,392
2025-09-19,WEST-01,priority,6904,0.158,0.15,0,4,510
2025-09-19,WEST-01,economy,7162,0.222,0.101,0,4,333
2025-09-20,NORTH-01,standard,6797,0.119,0.18,0,5,417
2025-09-20,NORTH-01,priority,5889,0.087,0.122,0,5,405
2025-09-20,NORTH-01,economy,5124,0.295,0.181,0,5,575
2025-09-20,NORTH-02,standard,7314,0.018,0.343,0,5,714
2025-09-20,NORTH-02,priority,6126,0.062,0.181,0,5,469
2025-09-20,NORTH-02,economy,5606,0.236,0.179,0,5,335
2025-09-20,CENTRAL-01,standard,6848,0.118,0.186,0,5,370
2025-09-20,CENTRAL-01,priority,6115,0.007,0.154,0,5,359
2025-09-20,CENTRAL-01,economy,6217,0.05,0.148,0,5,295
2025-09-20,SOUTH-01,standard,7957,0.068,0.213,0,5,469
2025-09-20,SOUTH-01,priority,6622,0.124,0.1,0,5,371
2025-09-20,SOUTH-01,economy,6743,0.0,0.071,0,5,407
2025-09-20,SOUTH-02,standard,7662,0.327,0.231,0,5,374
2025-09-20,SOUTH-02,priority,7590,0.296,0.211,0,5,406
2025-09-20,SOUTH-02,economy,6521,0.197,0.13,0,5,293
2025-09-20,WEST-01,standard,8054,0.171,0.137,0,5,516
2025-09-20,WEST-01,priority,7433,0.011,0.177,0,5,301
2025-09-20,WEST-01,economy,6195,0.089,0.188,0,5,386
2025-09-21,NORTH-01,standard,6080,0.185,0.072,0,6,216
2025-09-21,NORTH-01,priority,6226,0.175,0.05,0,6,470
2025-09-21,NORTH-01,economy,4628,0.21,0.074,0,6,290
2025-09-21,NORTH-02,standard,6644,0.209,0.182,0,6,420
2025-09-21,NORTH-02,priority,5700,0.16,0.177,0,6,223
2025-09-21,NORTH-02,economy,5896,0.402,0.183,0,6,323
2025-09-21,CENTRAL-01,standard,7195,0.469,0.156,0,6,399
2025-09-21,CENTRAL-01,priority,6109,0.2,0.141,0,6,480
2025-09-21,CENTRAL-01,economy,6189,0.179,0.216,0,6,535
2025-09-21,SOUTH-01,standard,7065,0.231,0.029,0,6,388
2025-09-21,SOUTH-01,priority,7383,0.181,0.255,0,6,384
2025-09-21,SOUTH-01,economy,5746,0.472,0.122,0,6,221
2025-09-21,SOUTH-02,standard,8295,0.0,0.056,0,6,517
2025-09-21,SOUTH-02,priority,7650,0.074,0.158,0,6,165
2025-09-21,SOUTH-02,economy,6840,0.393,0.234,0,6,529
2025-09-21,WEST-01,standard,8924,0.0,0.133,0,6,446
2025-09-21,WEST-01,priority,7996,0.269,0.266,0,6,388
2025-09-21,WEST-01,economy,6992,0.249,0.016,0,6,479
2025-09-22,NORTH-01,standard,7224,0.198,0.243,0,0,414
2025-09-22,NORTH-01,priority,6678,0.4,0.073,0,0,537
2025-09-22,NORTH-01,economy,5779,0.281,0.118,0,0,256
2025-09-22,NORTH-02,standard,7140,0.113,0.161,0,0,366
2025-09-22,NORTH-02,priority,7688,0.048,0.202,0,0,674
2025-09-22,NORTH-02,economy,6202,0.056,0.081,0,0,464
2025-09-22,CENTRAL-01,standard,8256,0.169,0.236,0,0,229
2025-09-22,CENTRAL-01,priority,6927,0.2,0.06,0,0,352
2025-09-22,CENTRAL-01,economy,6395,0.283,0.157,0,0,636
2025-09-22,SOUTH-01,standard,8749,0.086,0.182,0,0,476
2025-09-22,SOUTH-01,priority,7986,0.086,0.083,0,0,558
2025-09-22,SOUTH-01,economy,6981,0.187,0.053,0,0,584
2025-09-22,SOUTH-02,standard,8874,0.073,0.133,0,0,590
2025-09-22,SOUTH-02,priority,8842,0.13,0.198,0,0,280
2025-09-22,SOUTH-02,economy,8077,0.036,0.151,0,0,475
2025-09-22,WEST-01,standard,9062,0.322,0.023,0,0,123
2025-09-22,WEST-01,priority,8420,0.353,0.254,0,0,168
2025-09-22,WEST-01,economy,8271,0.168,0.248,0,0,663
2025-09-23,NORTH-01,standard,6439,0.158,0.321,0,1,295
2025-09-23,NORTH-01,priority,6138,0.038,0.218,0,1,498
2025-09-23,NORTH-01,economy,5710,0.275,0.173,0,1,237
2025-09-23,NORTH-02,standard,7687,0.265,0.118,0,1,602
2025-09-23,NORTH-02,priority,7106,0.155,0.264,0,1,477
2025-09-23,NORTH-02,economy,6021,0.034,0.103,0,1,534
2025-09-23,CENTRAL-01,standard,7979,0.15,0.208,0,1,388
2025-09-23,CENTRAL-01,priority,7116,0.016,0.005,0,1,372
2025-09-23,CENTRAL-01,economy,7604,0.087,0.17,0,1,599
2025-09-23,SOUTH-01,standard,8596,0.19,0.16,0,1,474
2025-09-23,SOUTH-01,priority,7701,0.264,0.177,0,1,339
2025-09-23,SOUTH-01,economy,6958,0.229,0.0,0,1,146
2025-09-23,SOUTH-02,standard,9158,0.218,0.075,0,1,471
2025-09-23,SOUTH-02,priority,7805,0.186,0.186,0,1,554
2025-09-23,SOUTH-02,economy,6933,0.269,0.11,0,1,343
2025-09-23,WEST-01,standard,8870,0.167,0.063,0,1,375
2025-09-23,WEST-01,priority,8746,0.156,0.134,0,1,446
2025-09-23,WEST-01,economy,7818,0.228,0.17,0,1,496
2025-09-24,NORTH-01,standard,5996,0.0,0.121,0,2,374
2025-09-24,NORTH-01,priority,5918,0.104,0.194,0,2,191
2025-09-24,NORTH-01,economy,4919,0.207,0.048,0,2,271
2025-09-24,NORTH-02,standard,6417,0.083,0.013,0,2,233
2025-09-24,NORTH-02,priority,6506,0.002,0.165,0,2,422
2025-09-24,NORTH-02,economy,5727,0.008,0.139,0,2,335
2025-09-24,CENTRAL-01,standard,6729,0.219,0.115,0,2,302
2025-09-24,CENTRAL-01,priority,6118,0.253,0.204,0,2,454
2025-09-24,CENTRAL-01,economy,5298,0.009,0.136,0,2,203
2025-09-24,SOUTH-01,standard,7742,0.016,0.098,0,2,402
2025-09-24,SOUTH-01,priority,5962,0.11,0.136,0,2,427
2025-09-24,SOUTH-01,economy,6218,0.0,0.093,0,2,420
2025-09-24,SOUTH-02,standard,8411,0.209,0.146,0,2,674
2025-09-24,SOUTH-02,priority,7132,0.181,0.142,0,2,320
2025-09-24,SOUTH-02,economy,5630,0.225,0.252,0,2,328
2025-09-24,WEST-01,standard,8312,0.359,0.181,0,2,237
2025-09-24,WEST-01,priority,7749,0.264,0.231,0,2,333
2025-09-24,WEST-01,economy,6377,0.233,0.067,0,2,467
2025-09-25,NORTH-01,standard,5429,0.311,0.091,0,3,237
2025-09-25,NORTH-01,priority,5893,0.204,0.057,0,3,301
2025-09-25,NORTH-01,economy,5003,0.224,0.091,0,3,409
2025-09-25,NORTH-02,standard,6569,0.0,0.096,0,3,314
2025-09-25,NORTH-02,priority,6068,0.285,0.102,0,3,420
2025-09-25,NORTH-02,economy,4743,0.167,0.211,0,3,314
2025-09-25,CENTRAL-01,standard,6847,0.087,0.141,0,3,392
2025-09-25,CENTRAL-01,priority,6439,0.181,0.161,0,3,441
2025-09-25,CENTRAL-01,economy,5283,0.029,0.191,0,3,3
2025-09-25,SOUTH-01,standard,6906,0.417,0.075,0,3,163
2025-09-25,SOUTH-01,priority,6953,0.125,0.167,0,3,243
2025-09-25,SOUTH-01,economy,6346,0.127,0.18,0,3,385
2025-09-25,SOUTH-02,standard,8323,0.271,0.141,0,3,394
2025-09-25,SOUTH-02,priority,6521,0.263,0.208,0,3,428
2025-09-25,SOUTH-02,economy,6381,0.103,0.069,0,3,390
2025-09-25,WEST-01,standard,8335,0.0,0.152,0,3,554
2025-09-25,WEST-01,priority,7991,0.104,0.245,0,3,415
2025-09-25,WEST-01,economy,6987,0.333,0.304,0,3,300
2025-09-26,NORTH-01,standard,5378,0.231,0.036,0,4,498
2025-09-26,NORTH-01,priority,6662,0.249,0.081,0,4,214
2025-09-26,NORTH-01,economy,5474,0.254,0.086,0,4,280
2025-09-26,NORTH-02,standard,7267,0.146,0.005,0,4,323
2025-09-26,NORTH-02,priority,5640,0.238,0.15,0,4,81
2025-09-26,NORTH-02,economy,5434,0.153,0.128,0,4,600
2025-09-26,CENTRAL-01,standard,6861,0.257,0.219,0,4,228
2025-09-26,CENTRAL-01,priority,6288,0.146,0.091,0,4,309
2025-09-26,CENTRAL-01,economy,5962,0.0,0.251,0,4,319
2025-09-26,SOUTH-01,standard,7112,0.047,0.112,0,4,250
2025-09-26,SOUTH-01,priority,7033,0.2,0.112,0,4,347
2025-09-26,SOUTH-01,economy,6320,0.194,0.157,0,4,268
2025-09-26,SOUTH-02,standard,7635,0.288,0.056,0,4,264
2025-09-26,SOUTH-02,priority,7548,0.166,0.221,0,4,533
2025-09-26,SOUTH-02,economy,6426,0.144,0.223,0,4,317
2025-09-26,WEST-01,standard,8104,0.196,0.218,0,4,506
2025-09-26,WEST-01,priority,7292,0.208,0.177,0,4,352
2025-09-26,WEST-01,economy,6727,0.169,0.177,0,4,226
2025-09-27,NORTH-01,standard,6747,0.0,0.21,0,5,141
2025-09-27,NORTH-01,priority,5959,0.189,0.12,0,5,333
2025-09-27,NORTH-01,economy,4484,0.245,0.116,0,5,406
2025-09-27,NORTH-02,standard,6780,0.309,0.048,0,5,266
2025-09-27,NORTH-02,priority,6300,0.0,0.151,0,5,187
2025-09-27,NORTH-02,economy,5153,0.0,0.11,0,5,498
2025-09-27,CENTRAL-01,standard,7134,0.181,0.209,0,5,582
2025-09-27,CENTRAL-01,priority,5782,0.073,0.143,0,5,450
2025-09-27,CENTRAL-01,economy,5649,0.314,0.22,0,5,170
2025-09-27,SOUTH-01,standard,7733,0.17,0.096,0,5,360
2025-09-27,SOUTH-01,priority,7386,0.126,0.324,0,5,530
2025-09-27,SOUTH-01,economy,6557,0.119,0.062,0,5,555
2025-09-27,SOUTH-02,standard,7537,0.026,0.109,0,5,463
2025-09-27,SOUTH-02,priority,6904,0.31,0.121,0,5,152
2025-09-27,SOUTH-02,economy,7055,0.065,0.271,0,5,502
2025-09-27,WEST-01,standard,8284,0.136,0.128,0,5,467
2025-09-27,WEST-01,priority,7370,0.345,0.096,0,5,305
2025-09-27,WEST-01,economy,8012,0.0,0.224,0,5,512
2025-09-28,NORTH-01,standard,6469,0.208,0.298,0,6,470
2025-09-28,NORTH-01,priority,5454,0.197,0.173,0,6,443
2025-09-28,NORTH-01,economy,4677,0.049,0.184,0,6,381
2025-09-28,NORTH-02,standard,6850,0.467,0.206,0,6,493
2025-09-28,NORTH-02,priority,6262,0.0,0.139,0,6,117
2025-09-28,NORTH-02,economy,4811,0.146,0.144,0,6,207
2025-09-28,CENTRAL-01,standard,6757,0.34,0.0,0,6,522
2025-09-28,CENTRAL-01,priority,6320,0.177,0.263,0,6,260
2025-09-28,CENTRAL-01,economy,5458,0.179,0.119,0,6,322
2025-09-28,SOUTH-01,standard,6936,0.085,0.083,0,6,438
2025-09-28,SOUTH-01,priority,6318,0.06,0.051,0,6,394
2025-09-28,SOUTH-01,economy,6258,0.26,0.21,0,6,432
2025-09-28,SOUTH-02,standard,8072,0.173,0.186,0,6,334
2025-09-28,SOUTH-02,priority,7519,0.051,0.258,0,6,531
2025-09-28,SOUTH-02,economy,6095,0.048,0.118,0,6,440
2025-09-28,WEST-01,standard,9098,0.106,0.106,0,6,532
2025-09-28,WEST-01,priority,6674,0.258,0.054,0,6,496
2025-09-28,WEST-01,economy,6796,0.0,0.11,0,6,272
2025-09-29,NORTH-01,standard,6448,0.127,0.066,0,0,404
2025-09-29,NORTH-01,priority,6190,0.308,0.011,0,0,430
2025-09-29,NORTH-01,economy,5456,0.234,0.132,0,0,434
2025-09-29,NORTH-02,standard,7130,0.22,0.0,0,0,400
2025-09-29,NORTH-02,priority,7127,0.049,0.131,0,0,294
2025-09-29,NORTH-02,economy,5563,0.208,0.071,0,0,420
2025-09-29,CENTRAL-01,standard,8032,0.321,0.055,0,0,419
2025-09-29,CENTRAL-01,priority,7531,0.0,0.035,0,0,211
2025-09-29,CENTRAL-01,economy,6884,0.106,0.143,0,0,408
2025-09-29,SOUTH-01,standard,8097,0.368,0.085,0,0,477
2025-09-29,SOUTH-01,priority,7533,0.265,0.234,0,0,484
2025-09-29,SOUTH-01,economy,7370,0.069,0.144,0,0,518
2025-09-29,SOUTH-02,standard,8651,0.248,0.157,0,0,505
2025-09-29,SOUTH-02,priority,8126,0.443,0.218,0,0,259
2025-09-29,SOUTH-02,economy,7938,0.079,0.124,0,0,305
2025-09-29,WEST-01,standard,9258,0.257,0.16,0,0,431
2025-09-29,WEST-01,priority,8771,0.108,0.072,0,0,433
2025-09-29,WEST-01,economy,9503,0.051,0.168,0,0,440
2025-09-30,NORTH-01,standard,6538,0.378,0.0,0,1,490
2025-09-30,NORTH-01,priority,6321,0.182,0.099,0,1,487
2025-09-30,NORTH-01,economy,5441,0.437,0.235,0,1,315
2025-09-30,NORTH-02,standard,7321,0.153,0.081,0,1,366
2025-09-30,NORTH-02,priority,7218,0.036,0.217,0,1,319
2025-09-30,NORTH-02,economy,5864,0.198,0.073,0,1,438
2025-09-30,CENTRAL-01,standard,7907,0.237,0.109,0,1,408
2025-09-30,CENTRAL-01,priority,7531,0.06,0.137,0,1,442
2025-09-30,CENTRAL-01,economy,6827,0.0,0.163,0,1,157
2025-09-30,SOUTH-01,standard,9026,0.083,0.189,0,1,253
2025-09-30,SOUTH-01,priority,7982,0.298,0.0,0,1,390
2025-09-30,SOUTH-01,economy,6777,0.094,0.178,0,1,445
2025-09-30,SOUTH-02,standard,8224,0.165,0.0,0,1,449
2025-09-30,SOUTH-02,priority,8477,0.308,0.177,0,1,327
2025-09-30,SOUTH-02,economy,6809,0.267,0.21,0,1,516
2025-09-30,WEST-01,standard,8979,0.219,0.127,0,1,324
2025-09-30,WEST-01,priority,8755,0.256,0.174,0,1,452
2025-09-30,WEST-01,economy,8329,0.205,0.126,0,1,502
2025-10-01,NORTH-01,standard,5345,0.201,0.139,0,2,102
2025-10-01,NORTH-01,priority,5370,0.136,0.251,0,2,261
2025-10-01,NORTH-01,economy,4472,0.063,0.047,0,2,347
2025-10-01,NORTH-02,standard,6286,0.121,0.107,0,2,397
2025-10-01,NORTH-02,priority,5381,0.227,0.0,0,2,330
2025-10-01,NORTH-02,economy,5621,0.233,0.16,0,2,179
2025-10-01,CENTRAL-01,standard,7160,0.23,0.314,0,2,405
2025-10-01,CENTRAL-01,priority,5851,0.242,0.106,0,2,362
2025-10-01,CENTRAL-01,economy,6178,0.0,0.182,0,2,172
2025-10-01,SOUTH-01,standard,7991,0.2,0.133,0,2,576
2025-10-01,SOUTH-01,priority,6666,0.281,0.247,0,2,411
2025-10-01,SOUTH-01,economy,6132,0.15,0.07,0,2,353
2025-10-01,SOUTH-02,standard,7881,0.156,0.145,0,2,522
2025-10-01,SOUTH-02,priority,7440,0.11,0.048,0,2,505
2025-10-01,SOUTH-02,economy,6392,0.223,0.059,0,2,405
2025-10-01,WEST-01,standard,8247,0.052,0.089,0,2,569
2025-10-01,WEST-01,priority,7483,0.207,0.104,0,2,324
2025-10-01,WEST-01,economy,6340,0.131,0.208,0,2,527
2025-10-02,NORTH-01,standard,5552,0.443,0.163,0,3,486
2025-10-02,NORTH-01,priority,5010,0.213,0.108,0,3,281
2025-10-02,NORTH-01,economy,5069,0.203,0.222,0,3,386
2025-10-02,NORTH-02,standard,6586,0.14,0.218,0,3,598
2025-10-02,NORTH-02,priority,6961,0.102,0.182,0,3,513
2025-10-02,NORTH-02,economy,5282,0.269,0.174,0,3,317
2025-10-02,CENTRAL-01,standard,7157,0.113,0.027,0,3,210
2025-10-02,CENTRAL-01,priority,5858,0.258,0.125,0,3,524
2025-10-02,CENTRAL-01,economy,5590,0.006,0.097,0,3,365
2025-10-02,SOUTH-01,standard,7047,0.106,0.267,0,3,881
2025-10-02,SOUTH-01,priority,7660,0.053,0.386,0,3,396
2025-10-02,SOUTH-01,economy,6254,0.207,0.12,0,3,279
2025-10-02,SOUTH-02,standard,7367,0.265,0.165,0,3,452
2025-10-02,SOUTH-02,priority,6930,0.224,0.093,0,3,449
2025-10-02,SOUTH-02,economy,6860,0.311,0.139,0,3,525
2025-10-02,WEST-01,standard,7793,0.336,0.183,0,3,520
2025-10-02,WEST-01,priority,7458,0.157,0.191,0,3,331
2025-10-02,WEST-01,economy,6728,0.096,0.044,0,3,257
2025-10-03,NORTH-01,standard,5674,0.248,0.065,0,4,350
2025-10-03,NORTH-01,priority,4657,0.397,0.095,0,4,162
2025-10-03,NORTH-01,economy,5878,0.077,0.097,0,4,472
2025-10-03,NORTH-02,standard,6514,0.142,0.298,0,4,326
2025-10-03,NORTH-02,priority,6057,0.123,0.232,0,4,542
2025-10-03,NORTH-02,economy,4594,0.232,0.223,0,4,113
2025-10-03,CENTRAL-01,standard,6455,0.0,0.116,0,4,522
2025-10-03,CENTRAL-01,priority,6239,0.156,0.199,0,4,466
2025-10-03,CENTRAL-01,economy,6110,0.0,0.146,0,4,433
2025-10-03,SOUTH-01,standard,7700,0.142,0.013,0,4,363
2025-10-03,SOUTH-01,priority,7088,0.143,0.328,0,4,330
2025-10-03,SOUTH-01,economy,5955,0.111,0.202,0,4,420
2025-10-03,SOUTH-02,standard,8130,0.312,0.143,0,4,415
2025-10-03,SOUTH-02,priority,7246,0.098,0.017,0,4,432
2025-10-03,SOUTH-02,economy,7453,0.298,0.221,0,4,333
2025-10-03,WEST-01,standard,8556,0.223,0.095,0,4,325
2025-10-03,WEST-01,priority,7802,0.29,0.091,0,4,558
2025-10-03,WEST-01,economy,7158,0.0,0.042,0,4,410
2025-10-04,NORTH-01,standard,5749,0.145,0.112,0,5,392
2025-10-04,NORTH-01,priority,5403,0.064,0.179,0,5,291
2025-10-04,NORTH-01,economy,4429,0.326,0.226,0,5,208
2025-10-04,NORTH-02,standard,6937,0.273,0.035,0,5,404
2025-10-04,NORTH-02,priority,6569,0.111,0.151,0,5,121
2025-10-04,NORTH-02,economy,5188,0.303,0.246,0,5,327
2025-10-04,CENTRAL-01,standard,6736,0.196,0.209,0,5,380
2025-10-04,CENTRAL-01,priority,7566,0.168,0.204,0,5,318
2025-10-04,CENTRAL-01,economy,5454,0.189,0.089,0,5,214
2025-10-04,SOUTH-01,standard,7844,0.0,0.245,0,5,426
2025-10-04,SOUTH-01,priority,6395,0.075,0.144,0,5,368
2025-10-04,SOUTH-01,economy,5766,0.22,0.107,0,5,293
2025-10-04,SOUTH-02,standard,7101,0.278,0.166,0,5,479
2025-10-04,SOUTH-02,priority,7875,0.245,0.165,0,5,419
2025-10-04,SOUTH-02,economy,6973,0.232,0.188,0,5,362
2025-10-04,WEST-01,standard,8828,0.103,0.228,0,5,597
2025-10-04,WEST-01,priority,7513,0.23,0.018,0,5,409
2025-10-04,WEST-01,economy,7264,0.328,0.235,0,5,149
2025-10-05,NORTH-01,standard,6034,0.081,0.121,0,6,381
2025-10-05,NORTH-01,priority,5037,0.358,0.212,0,6,231
2025-10-05,NORTH-01,economy,5311,0.07,0.141,0,6,455
2025-10-05,NORTH-02,standard,7296,0.135,0.148,0,6,220
2025-10-05,NORTH-02,priority,5795,0.257,0.192,0,6,351
2025-10-05,NORTH-02,economy,4973,0.23,0.126,0,6,243
2025-10-05,CENTRAL-01,standard,6825,0.403,0.115,0,6,478
2025-10-05,CENTRAL-01,priority,6603,0.155,0.153,0,6,276
2025-10-05,CENTRAL-01,economy,6560,0.0,0.092,0,6,307
2025-10-05,SOUTH-01,standard,7832,0.196,0.044,0,6,378
2025-10-05,SOUTH-01,priority,7886,0.125,0.139,0,6,469
2025-10-05,SOUTH-01,economy,6573,0.161,0.0,0,6,293
2025-10-05,SOUTH-02,standard,8476,0.078,0.089,0,6,429
2025-10-05,SOUTH-02,priority,7018,0.0,0.134,0,6,433
2025-10-05,SOUTH-02,economy,6455,0.134,0.024,0,6,366
2025-10-05,WEST-01,standard,8342,0.03,0.0,0,6,396
2025-10-05,WEST-01,priority,6939,0.154,0.21,0,6,395
2025-10-05,WEST-01,economy,6351,0.26,0.135,0,6,291
2025-10-06,NORTH-01,standard,7073,0.126,0.024,0,0,392
2025-10-06,NORTH-01,priority,6355,0.103,0.229,0,0,548
2025-10-06,NORTH-01,economy,5332,0.148,0.074,0,0,350
2025-10-06,NORTH-02,standard,7418,0.052,0.162,0,0,351
2025-10-06,NORTH-02,priority,6714,0.175,0.23,0,0,403
2025-10-06,NORTH-02,economy,6267,0.233,0.053,0,0,465
2025-10-06,CENTRAL-01,standard,7235,0.296,0.061,0,0,390
2025-10-06,CENTRAL-01,priority,7131,0.167,0.152,0,0,416
2025-10-06,CENTRAL-01,economy,7493,0.0,0.203,0,0,338
2025-10-06,SOUTH-01,standard,8477,0.204,0.284,0,0,470
2025-10-06,SOUTH-01,priority,7256,0.401,0.313,0,0,348
2025-10-06,SOUTH-01,economy,7326,0.287,0.19,0,0,85
2025-10-06,SOUTH-02,standard,9412,0.0,0.293,0,0,504
2025-10-06,SOUTH-02,priority,8459,0.031,0.117,0,0,267
2025-10-06,SOUTH-02,economy,7868,0.095,0.18,0,0,353
2025-10-06,WEST-01,standard,8413,0.298,0.226,0,0,628
2025-10-06,WEST-01,priority,8394,0.32,0.167,0,0,526
2025-10-06,WEST-01,economy,8526,0.244,0.128,0,0,183
2025-10-07,NORTH-01,standard,7123,0.1,0.186,0,1,477
2025-10-07,NORTH-01,priority,7016,0.013,0.13,0,1,211
2025-10-07,NORTH-01,economy,5914,0.151,0.108,0,1,404
2025-10-07,NORTH-02,standard,7445,0.192,0.127,0,1,383
2025-10-07,NORTH-02,priority,6482,0.176,0.267,0,1,415
2025-10-07,NORTH-02,economy,6553,0.067,0.306,0,1,224
2025-10-07,CENTRAL-01,standard,7501,0.152,0.033,0,1,478
2025-10-07,CENTRAL-01,priority,7185,0.343,0.236,0,1,463
2025-10-07,CENTRAL-01,economy,6532,0.277,0.33,0,1,557
2025-10-07,SOUTH-01,standard,8293,0.049,0.244,0,1,346
2025-10-07,SOUTH-01,priority,7830,0.146,0.088,0,1,562
2025-10-07,SOUTH-01,economy,6766,0.0,0.136,0,1,491
2025-10-07,SOUTH-02,standard,8282,0.35,0.136,0,1,234
2025-10-07,SOUTH-02,priority,7218,0.414,0.256,0,1,475
2025-10-07,SOUTH-02,economy,7053,0.047,0.109,0,1,151
2025-10-07,WEST-01,standard,8984,0.175,0.302,0,1,556
2025-10-07,WEST-01,priority,9355,0.306,0.208,0,1,575
2025-10-07,WEST-01,economy,7941,0.397,0.058,0,1,599
2025-10-08,NORTH-01,standard,5493,0.087,0.0,0,2,257
2025-10-08,NORTH-01,priority,5393,0.247,0.105,0,2,269
2025-10-08,NORTH-01,economy,4631,0.165,0.145,0,2,417
2025-10-08,NORTH-02,standard,6387,0.346,0.058,0,2,200
2025-10-08,NORTH-02,priority,7048,0.0,0.233,0,2,352
2025-10-08,NORTH-02,economy,4958,0.4,0.098,0,2,528
2025-10-08,CENTRAL-01,standard,7033,0.07,0.223,0,2,304
2025-10-08,CENTRAL-01,priority,6767,0.119,0.0,0,2,410
2025-10-08,CENTRAL-01,economy,5827,0.162,0.095,0,2,460
2025-10-08,SOUTH-01,standard,7661,0.147,0.227,0,2,398
2025-10-08,SOUTH-01,priority,6124,0.289,0.109,0,2,357
2025-10-08,SOUTH-01,economy,6653,0.184,0.132,0,2,439
2025-10-08,SOUTH-02,standard,7895,0.166,0.15,0,2,479
2025-10-08,SOUTH-02,priority,6648,0.186,0.138,0,2,294
2025-10-08,SOUTH-02,economy,5974,0.213,0.165,0,2,291
2025-10-08,WEST-01,standard,8622,0.068,0.259,0,2,490
2025-10-08,WEST-01,priority,7417,0.172,0.1,0,2,461
2025-10-08,WEST-01,economy,7178,0.149,0.19,0,2,430
2025-10-09,NORTH-01,standard,5910,0.222,0.108,0,3,466
2025-10-09,NORTH-01,priority,4234,0.399,0.223,0,3,216
2025-10-09,NORTH-01,economy,4288,0.194,0.062,0,3,258
2025-10-09,NORTH-02,standard,6431,0.221,0.199,0,3,319
2025-10-09,NORTH-02,priority,6267,0.079,0.191,0,3,476
2025-10-09,NORTH-02,economy,5029,0.196,0.045,0,3,433
2025-10-09,CENTRAL-01,standard,7264,0.0,0.143,0,3,638
2025-10-09,CENTRAL-01,priority,7132,0.108,0.14,0,3,323
2025-10-09,CENTRAL-01,economy,5581,0.309,0.181,0,3,401
2025-10-09,SOUTH-01,standard,6795,0.162,0.331,0,3,349
2025-10-09,SOUTH-01,priority,7269,0.15,0.139,0,3,344
2025-10-09,SOUTH-01,economy,6503,0.239,0.169,0,3,358
2025-10-09,SOUTH-02,standard,7390,0.219,0.14,0,3,593
2025-10-09,SOUTH-02,priority,6905,0.089,0.112,0,3,435
2025-10-09,SOUTH-02,economy,7038,0.123,0.271,0,3,357
2025-10-09,WEST-01,standard,8586,0.071,0.141,0,3,432
2025-10-09,WEST-01,priority,8516,0.163,0.068,0,3,411
2025-10-09,WEST-01,economy,6937,0.015,0.064,0,3,621
2025-10-10,NORTH-01,standard,6468,0.16,0.12,0,4,484
2025-10-10,NORTH-01,priority,4997,0.259,0.166,0,4,239
2025-10-10,NORTH-01,economy,4853,0.0,0.132,0,4,262
2025-10-10,NORTH-02,standard,6323,0.214,0.097,0,4,311
2025-10-10,NORTH-02,priority,5417,0.176,0.179,0,4,396
2025-10-10,NORTH-02,economy,5391,0.212,0.183,0,4,385
2025-10-10,CENTRAL-01,standard,7562,0.13,0.185,0,4,347
2025-10-10,CENTRAL-01,priority,6252,0.125,0.2,0,4,281
2025-10-10,CENTRAL-01,economy,6177,0.231,0.116,0,4,309
2025-10-10,SOUTH-01,standard,7693,0.082,0.15,0,4,449
2025-10-10,SOUTH-01,priority,7166,0.245,0.106,0,4,196
2025-10-10,SOUTH-01,economy,5978,0.086,0.153,0,4,322
2025-10-10,SOUTH-02,standard,8132,0.062,0.133,0,4,359
2025-10-10,SOUTH-02,priority,7745,0.075,0.113,0,4,543
2025-10-10,SOUTH-02,economy,6707,0.123,0.191,0,4,535
2025-10-10,WEST-01,standard,8913,0.203,0.134,0,4,336
2025-10-10,WEST-01,priority,8044,0.218,0.259,0,4,329
2025-10-10,WEST-01,economy,7612,0.082,0.037,0,4,272
2025-10-11,NORTH-01,standard,6988,0.266,0.036,0,5,227
2025-10-11,NORTH-01,priority,5335,0.185,0.247,0,5,407
2025-10-11,NORTH-01,economy,5417,0.146,0.181,0,5,291
2025-10-11,NORTH-02,standard,7256,0.36,0.178,0,5,297
2025-10-11,NORTH-02,priority,5480,0.103,0.131,0,5,455
2025-10-11,NORTH-02,economy,4872,0.171,0.058,0,5,221
2025-10-11,CENTRAL-01,standard,6884,0.291,0.187,0,5,342
2025-10-11,CENTRAL-01,priority,6479,0.151,0.292,0,5,477
2025-10-11,CENTRAL-01,economy,5445,0.14,0.285,0,5,440
2025-10-11,SOUTH-01,standard,8020,0.089,0.327,0,5,216
2025-10-11,SOUTH-01,priority,7249,0.068,0.205,0,5,467
2025-10-11,SOUTH-01,economy,6591,0.199,0.124,0,5,274
2025-10-11,SOUTH-02,standard,7492,0.186,0.1,0,5,349
2025-10-11,SOUTH-02,priority,6748,0.092,0.194,0,5,434
2025-10-11,SOUTH-02,economy,6615,0.104,0.152,0,5,318
2025-10-11,WEST-01,standard,8411,0.326,0.12,0,5,518
2025-10-11,WEST-01,priority,7197,0.147,0.049,0,5,549
2025-10-11,WEST-01,economy,6766,0.239,0.161,0,5,590
2025-10-12,NORTH-01,standard,6453,0.076,0.161,0,6,216
2025-10-12,NORTH-01,priority,5913,0.089,0.113,0,6,304
2025-10-12,NORTH-01,economy,4575,0.008,0.027,0,6,138
2025-10-12,NORTH-02,standard,6566,0.272,0.215,0,6,345
2025-10-12,NORTH-02,priority,5521,0.269,0.206,0,6,243
2025-10-12,NORTH-02,economy,5531,0.265,0.172,0,6,238
2025-10-12,CENTRAL-01,standard,6836,0.09,0.187,0,6,202
2025-10-12,CENTRAL-01,priority,7141,0.1,0.134,0,6,293
2025-10-12,CENTRAL-01,economy,5507,0.173,0.313,0,6,424
2025-10-12,SOUTH-01,standard,8523,0.095,0.182,0,6,530
2025-10-12,SOUTH-01,priority,6620,0.198,0.074,0,6,310
2025-10-12,SOUTH-01,economy,5805,0.006,0.0,0,6,350
2025-10-12,SOUTH-02,standard,7741,0.314,0.091,0,6,208
2025-10-12,SOUTH-02,priority,8072,0.084,0.0,0,6,445
2025-10-12,SOUTH-02,economy,7714,0.2,0.193,0,6,359
2025-10-12,WEST-01,standard,8074,0.062,0.31,0,6,577
2025-10-12,WEST-01,priority,7113,0.171,0.185,0,6,704
2025-10-12,WEST-01,economy,7246,0.134,0.094,0,6,319
2025-10-13,NORTH-01,standard,6926,0.231,0.049,0,0,315
2025-10-13,NORTH-01,priority,6779,0.086,0.075,0,0,341
2025-10-13,NORTH-01,economy,6338,0.158,0.184,0,0,259
2025-10-13,NORTH-02,standard,7264,0.206,0.077,0,0,525
2025-10-13,NORTH-02,priority,6819,0.0,0.076,0,0,430
2025-10-13,NORTH-02,economy,6519,0.326,0.014,0,0,438
2025-10-13,CENTRAL-01,standard,7535,0.151,0.032,0,0,529
2025-10-13,CENTRAL-01,priority,6847,0.183,0.136,0,0,473
2025-10-13,CENTRAL-01,economy,6609,0.162,0.131,0,0,300
2025-10-13,SOUTH-01,standard,8002,0.082,0.028,0,0,204
2025-10-13,SOUTH-01,priority,7422,0.238,0.097,0,0,398
2025-10-13,SOUTH-01,economy,7149,0.084,0.056,0,0,621
2025-10-13,SOUTH-02,standard,8241,0.289,0.252,0,0,404
2025-10-13,SOUTH-02,priority,8686,0.156,0.264,0,0,420
2025-10-13,SOUTH-02,economy,7828,0.0,0.057,0,0,376
2025-10-13,WEST-01,standard,9735,0.167,0.199,0,0,378
2025-10-13,WEST-01,priority,9263,0.251,0.279,0,0,394
2025-10-13,WEST-01,economy,7998,0.215,0.21,0,0,390
2025-10-14,NORTH-01,standard,6821,0.0,0.081,0,1,233
2025-10-14,NORTH-01,priority,6317,0.193,0.219,0,1,105
2025-10-14,NORTH-01,economy,5925,0.166,0.172,0,1,271
2025-10-14,NORTH-02,standard,7834,0.035,0.221,0,1,333
2025-10-14,NORTH-02,priority,6655,0.0,0.168,0,1,425
2025-10-14,NORTH-02,economy,6386,0.199,0.316,0,1,611
2025-10-14,CENTRAL-01,standard,7379,0.19,0.097,0,1,296
2025-10-14,CENTRAL-01,priority,6472,0.231,0.16,0,1,496
2025-10-14,CENTRAL-01,economy,6738,0.357,0.002,0,1,584
2025-10-14,SOUTH-01,standard,8086,0.0,0.113,0,1,539
2025-10-14,SOUTH-01,priority,7884,0.13,0.114,0,1,603
2025-10-14,SOUTH-01,economy,6928,0.173,0.112,0,1,466
2025-10-14,SOUTH-02,standard,8506,0.02,0.149,0,1,290
2025-10-14,SOUTH-02,priority,8701,0.0,0.109,0,1,203
2025-10-14,SOUTH-02,economy,6948,0.245,0.098,0,1,429
2025-10-14,WEST-01,standard,9315,0.337,0.27,0,1,451
2025-10-14,WEST-01,priority,8650,0.227,0.348,0,1,575
2025-10-14,WEST-01,economy,8672,0.109,0.084,0,1,440
2025-10-15,NORTH-01,standard,5795,0.207,0.194,0,2,301
2025-10-15,NORTH-01,priority,5776,0.103,0.177,0,2,281
2025-10-15,NORTH-01,economy,4721,0.423,0.148,0,2,482
2025-10-15,NORTH-02,standard,6732,0.075,0.108,0,2,204
2025-10-15,NORTH-02,priority,6948,0.152,0.314,0,2,496
2025-10-15,NORTH-02,economy,5070,0.322,0.189,0,2,529
2025-10-15,CENTRAL-01,standard,6985,0.066,0.227,0,2,335
2025-10-15,CENTRAL-01,priority,7124,0.245,0.313,0,2,434
2025-10-15,CENTRAL-01,economy,6404,0.188,0.213,0,2,160
2025-10-15,SOUTH-01,standard,7246,0.165,0.066,0,2,246
2025-10-15,SOUTH-01,priority,6607,0.0,0.044,0,2,448
2025-10-15,SOUTH-01,economy,6357,0.082,0.081,0,2,405
2025-10-15,SOUTH-02,standard,7338,0.384,0.225,0,2,319
2025-10-15,SOUTH-02,priority,6934,0.27,0.079,0,2,182
2025-10-15,SOUTH-02,economy,6956,0.023,0.251,0,2,313
2025-10-15,WEST-01,standard,8238,0.121,0.287,0,2,483
2025-10-15,WEST-01,priority,7362,0.285,0.266,0,2,232
2025-10-15,WEST-01,economy,8078,0.048,0.208,0,2,514
2025-10-16,NORTH-01,standard,6134,0.101,0.245,0,3,264
2025-10-16,NORTH-01,priority,5203,0.14,0.104,0,3,482
2025-10-16,NORTH-01,economy,5044,0.118,0.023,0,3,216
2025-10-16,NORTH-02,standard,6436,0.069,0.206,0,3,318
2025-10-16,NORTH-02,priority,5737,0.185,0.127,0,3,70
2025-10-16,NORTH-02,economy,5775,0.159,0.279,0,3,308
2025-10-16,CENTRAL-01,standard,6659,0.236,0.2,0,3,530
2025-10-16,CENTRAL-01,priority,7000,0.2,0.125,0,3,141
2025-10-16,CENTRAL-01,economy,6235,0.039,0.201,0,3,564
2025-10-16,SOUTH-01,standard,7155,0.0,0.219,0,3,444
2025-10-16,SOUTH-01,priority,6804,0.172,0.218,0,3,505
2025-10-16,SOUTH-01,economy,6353,0.081,0.143,0,3,571
2025-10-16,SOUTH-02,standard,8060,0.28,0.166,0,3,552
2025-10-16,SOUTH-02,priority,7362,0.225,0.068,0,3,397
2025-10-16,SOUTH-02,economy,6824,0.138,0.087,0,3,446
2025-10-16,WEST-01,standard,9078,0.065,0.062,0,3,555
2025-10-16,WEST-01,priority,7525,0.19,0.198,0,3,385
2025-10-16,WEST-01,economy,6551,0.183,0.227,0,3,254
2025-10-17,NORTH-01,standard,6317,0.033,0.218,0,4,259
2025-10-17,NORTH-01,priority,4880,0.153,0.099,0,4,477
2025-10-17,NORTH-01,economy,4438,0.162,0.253,0,4,373
2025-10-17,NORTH-02,standard,6246,0.007,0.346,0,4,582
2025-10-17,NORTH-02,priority,6183,0.178,0.135,0,4,252
2025-10-17,NORTH-02,economy,5338,0.274,0.219,0,4,370
2025-10-17,CENTRAL-01,standard,6530,0.412,0.202,0,4,465
2025-10-17,CENTRAL-01,priority,6582,0.115,0.091,0,4,256
2025-10-17,CENTRAL-01,economy,6626,0.186,0.204,0,4,455
2025-10-17,SOUTH-01,standard,8184,0.004,0.045,0,4,349
2025-10-17,SOUTH-01,priority,7207,0.0,0.07,0,4,409
2025-10-17,SOUTH-01,economy,5656,0.258,0.147,0,4,135
2025-10-17,SOUTH-02,standard,7467,0.08,0.16,0,4,521
2025-10-17,SOUTH-02,priority,7185,0.06,0.018,0,4,486
2025-10-17,SOUTH-02,economy,6898,0.359,0.021,0,4,409
2025-10-17,WEST-01,standard,8996,0.105,0.204,0,4,248
2025-10-17,WEST-01,priority,7927,0.128,0.106,0,4,593
2025-10-17,WEST-01,economy,7202,0.189,0.127,0,4,367
2025-10-18,NORTH-01,standard,6771,0.0,0.191,0,5,511
2025-10-18,NORTH-01,priority,6353,0.041,0.199,0,5,674
2025-10-18,NORTH-01,economy,4533,0.237,0.229,0,5,181
2025-10-18,NORTH-02,standard,6345,0.298,0.0,0,5,542
2025-10-18,NORTH-02,priority,5926,0.266,0.206,0,5,308
2025-10-18,NORTH-02,economy,5579,0.439,0.249,0,5,350
2025-10-18,CENTRAL-01,standard,7046,0.11,0.236,0,5,400
2025-10-18,CENTRAL-01,priority,6989,0.254,0.167,0,5,231
2025-10-18,CENTRAL-01,economy,6347,0.188,0.321,0,5,346
2025-10-18,SOUTH-01,standard,7958,0.276,0.146,0,5,517
2025-10-18,SOUTH-01,priority,7107,0.076,0.169,0,5,449
2025-10-18,SOUTH-01,economy,6391,0.218,0.195,0,5,285
2025-10-18,SOUTH-02,standard,7927,0.125,0.13,0,5,387
2025-10-18,SOUTH-02,priority,6300,0.312,0.073,0,5,605
2025-10-18,SOUTH-02,economy,7077,0.082,0.238,0,5,298
2025-10-18,WEST-01,standard,8429,0.164,0.127,0,5,340
2025-10-18,WEST-01,priority,8152,0.159,0.147,0,5,375
2025-10-18,WEST-01,economy,7258,0.063,0.106,0,5,185
2025-10-19,NORTH-01,standard,6199,0.324,0.152,0,6,392
2025-10-19,NORTH-01,priority,5194,0.1,0.063,0,6,155
2025-10-19,NORTH-01,economy,4206,0.222,0.137,0,6,232
2025-10-19,NORTH-02,standard,6094,0.258,0.253,0,6,622
2025-10-19,NORTH-02,priority,6626,0.065,0.014,0,6,253
2025-10-19,NORTH-02,economy,4981,0.363,0.097,0,6,172
2025-10-19,CENTRAL-01,standard,6703,0.333,0.241,0,6,372
2025-10-19,CENTRAL-01,priority,6839,0.259,0.112,0,6,372
2025-10-19,CENTRAL-01,economy,5119,0.118,0.023,0,6,404
2025-10-19,SOUTH-01,standard,7255,0.208,0.215,0,6,200
2025-10-19,SOUTH-01,priority,6667,0.12,0.313,0,6,375
2025-10-19,SOUTH-01,economy,6131,0.0,0.108,0,6,403
2025-10-19,SOUTH-02,standard,7468,0.142,0.029,0,6,379
2025-10-19,SOUTH-02,priority,7689,0.06,0.082,0,6,335
2025-10-19,SOUTH-02,economy,6043,0.233,0.136,0,6,321
2025-10-19,WEST-01,standard,8113,0.215,0.289,0,6,413
2025-10-19,WEST-01,priority,7430,0.289,0.251,0,6,384
2025-10-19,WEST-01,economy,7420,0.314,0.191,0,6,543
2025-10-20,NORTH-01,standard,6719,0.246,0.161,0,0,352
2025-10-20,NORTH-01,priority,6639,0.159,0.246,0,0,401
2025-10-20,NORTH-01,economy,5712,0.061,0.246,0,0,317
2025-10-20,NORTH-02,standard,7067,0.337,0.221,0,0,262
2025-10-20,NORTH-02,priority,6204,0.156,0.104,0,0,275
2025-10-20,NORTH-02,economy,6842,0.0,0.222,0,0,554
2025-10-20,CENTRAL-01,standard,8253,0.222,0.114,0,0,343
2025-10-20,CENTRAL-01,priority,7587,0.021,0.138,0,0,310
2025-10-20,CENTRAL-01,economy,6911,0.054,0.117,0,0,369
2025-10-20,SOUTH-01,standard,8353,0.496,0.139,0,0,256
2025-10-20,SOUTH-01,priority,7603,0.25,0.113,0,0,610
2025-10-20,SOUTH-01,economy,6522,0.135,0.045,0,0,396
2025-10-20,SOUTH-02,standard,8221,0.194,0.156,0,0,669
2025-10-20,SOUTH-02,priority,7362,0.356,0.16,0,0,590
2025-10-20,SOUTH-02,economy,7917,0.316,0.158,0,0,358
2025-10-20,WEST-01,standard,8663,0.065,0.163,0,0,306
2025-10-20,WEST-01,priority,7961,0.245,0.169,0,0,369
2025-10-20,WEST-01,economy,7801,0.019,0.111,0,0,533
2025-10-21,NORTH-01,standard,6875,0.161,0.131,0,1,179
2025-10-21,NORTH-01,priority,6584,0.168,0.189,0,1,460
2025-10-21,NORTH-01,economy,5473,0.269,0.326,0,1,372
2025-10-21,NORTH-02,standard,7143,0.222,0.124,0,1,454
2025-10-21,NORTH-02,priority,5954,0.228,0.066,0,1,299
2025-10-21,NORTH-02,economy,5983,0.099,0.198,0,1,338
2025-10-21,CENTRAL-01,standard,7591,0.0,0.026,0,1,377
2025-10-21,CENTRAL-01,priority,6676,0.082,0.161,0,1,354
2025-10-21,CENTRAL-01,economy,6641,0.156,0.034,0,1,118
2025-10-21,SOUTH-01,standard,7556,0.098,0.213,0,1,487
2025-10-21,SOUTH-01,priority,8375,0.04,0.103,0,1,356
2025-10-21,SOUTH-01,economy,6857,0.374,0.126,0,1,486
2025-10-21,SOUTH-02,standard,8530,0.245,0.162,0,1,249
2025-10-21,SOUTH-02,priority,9155,0.0,0.255,0,1,470
2025-10-21,SOUTH-02,economy,7267,0.0,0.088,0,1,331
2025-10-21,WEST-01,standard,9449,0.074,0.192,0,1,653
2025-10-21,WEST-01,priority,8951,0.133,0.166,0,1,571
2025-10-21,WEST-01,economy,8193,0.032,0.182,0,1,462
2025-10-22,NORTH-01,standard,5940,0.187,0.287,0,2,244
2025-10-22,NORTH-01,priority,5712,0.081,0.127,0,2,296
2025-10-22,NORTH-01,economy,4759,0.301,0.15,0,2,163
2025-10-22,NORTH-02,standard,7065,0.399,0.146,0,2,317
2025-10-22,NORTH-02,priority,6577,0.28,0.105,0,2,511
2025-10-22,NORTH-02,economy,5976,0.282,0.092,0,2,603
2025-10-22,CENTRAL-01,standard,7455,0.134,0.163,0,2,166
2025-10-22,CENTRAL-01,priority,6131,0.318,0.232,0,2,100
2025-10-22,CENTRAL-01,economy,4953,0.22,0.059,0,2,373
2025-10-22,SOUTH-01,standard,7773,0.338,0.132,0,2,492
2025-10-22,SOUTH-01,priority,7365,0.015,0.106,0,2,333
2025-10-22,SOUTH-01,economy,6372,0.278,0.117,0,2,422
2025-10-22,SOUTH-02,standard,7058,0.15,0.205,0,2,261
2025-10-22,SOUTH-02,priority,6809,0.124,0.244,0,2,380
2025-10-22,SOUTH-02,economy,6578,0.218,0.17,0,2,302
2025-10-22,WEST-01,standard,8134,0.15,0.228,0,2,164
2025-10-22,WEST-01,priority,7337,0.236,0.27,0,2,563
2025-10-22,WEST-01,economy,6592,0.242,0.057,0,2,288
2025-10-23,NORTH-01,standard,6578,0.2,0.135,0,3,479
2025-10-23,NORTH-01,priority,5809,0.0,0.036,0,3,292
2025-10-23,NORTH-01,economy,5345,0.159,0.194,0,3,192
2025-10-23,NORTH-02,standard,6372,0.0,0.141,0,3,379
2025-10-23,NORTH-02,priority,6749,0.169,0.072,0,3,384
2025-10-23,NORTH-02,economy,5635,0.111,0.158,0,3,273
2025-10-23,CENTRAL-01,standard,5997,0.458,0.028,0,3,167
2025-10-23,CENTRAL-01,priority,6298,0.18,0.188,0,3,425
2025-10-23,CENTRAL-01,economy,5865,0.235,0.121,0,3,332
2025-10-23,SOUTH-01,standard,7533,0.131,0.11,0,3,552
2025-10-23,SOUTH-01,priority,6971,0.035,0.112,0,3,599
2025-10-23,SOUTH-01,economy,5684,0.232,0.085,0,3,468
2025-10-23,SOUTH-02,standard,8207,0.142,0.052,0,3,463
2025-10-23,SOUTH-02,priority,6335,0.037,0.043,0,3,295
2025-10-23,SOUTH-02,economy,6872,0.217,0.227,0,3,229
2025-10-23,WEST-01,standard,8259,0.146,0.264,0,3,520
2025-10-23,WEST-01,priority,7868,0.257,0.211,0,3,506
2025-10-23,WEST-01,economy,6613,0.002,0.271,0,3,415
2025-10-24,NORTH-01,standard,5685,0.174,0.1,0,4,416
2025-10-24,NORTH-01,priority,5313,0.276,0.142,0,4,493
2025-10-24,NORTH-01,economy,4868,0.129,0.147,0,4,622
2025-10-24,NORTH-02,standard,6042,0.079,0.217,0,4,246
2025-10-24,NORTH-02,priority,5867,0.143,0.14,0,4,344
2025-10-24,NORTH-02,economy,5125,0.097,0.253,0,4,423
2025-10-24,CENTRAL-01,standard,6690,0.261,0.074,0,4,380
2025-10-24,CENTRAL-01,priority,7696,0.381,0.12,0,4,503
2025-10-24,CENTRAL-01,economy,5101,0.221,0.221,0,4,473
2025-10-24,SOUTH-01,standard,7423,0.021,0.22,0,4,306
2025-10-24,SOUTH-01,priority,5977,0.393,0.142,0,4,476
2025-10-24,SOUTH-01,economy,6463,0.034,0.259,0,4,221
2025-10-24,SOUTH-02,standard,6943,0.279,0.192,0,4,380
2025-10-24,SOUTH-02,priority,7166,0.216,0.169,0,4,484
2025-10-24,SOUTH-02,economy,6474,0.248,0.152,0,4,391
2025-10-24,WEST-01,standard,7793,0.108,0.068,0,4,401
2025-10-24,WEST-01,priority,8317,0.077,0.137,0,4,404
2025-10-24,WEST-01,economy,7573,0.197,0.132,0,4,606
2025-10-25,NORTH-01,standard,7155,0.124,0.208,0,5,255
2025-10-25,NORTH-01,priority,5266,0.298,0.011,0,5,321
2025-10-25,NORTH-01,economy,5246,0.0,0.237,0,5,226
2025-10-25,NORTH-02,standard,5895,0.219,0.222,0,5,0
2025-10-25,NORTH-02,priority,6453,0.175,0.089,0,5,329
2025-10-25,NORTH-02,economy,4642,0.217,0.135,0,5,322
2025-10-25,CENTRAL-01,standard,6558,0.021,0.04,0,5,234
2025-10-25,CENTRAL-01,priority,6496,0.155,0.119,0,5,185
2025-10-25,CENTRAL-01,economy,5837,0.15,0.111,0,5,385
2025-10-25,SOUTH-01,standard,7338,0.199,0.071,0,5,338
2025-10-25,SOUTH-01,priority,6726,0.338,0.159,0,5,228
2025-10-25,SOUTH-01,economy,6260,0.109,0.171,0,5,357
2025-10-25,SOUTH-02,standard,7838,0.0,0.085,0,5,559
2025-10-25,SOUTH-02,priority,6514,0.0,0.066,0,5,414
2025-10-25,SOUTH-02,economy,6784,0.322,0.179,0,5,259
2025-10-25,WEST-01,standard,8211,0.224,0.088,0,5,486
2025-10-25,WEST-01,priority,7728,0.145,0.216,0,5,444
2025-10-25,WEST-01,economy,6594,0.407,0.19,0,5,320
2025-10-26,NORTH-01,standard,6149,0.285,0.233,0,6,181
2025-10-26,NORTH-01,priority,5899,0.066,0.164,0,6,477
2025-10-26,NORTH-01,economy,5763,0.0,0.22,0,6,65
2025-10-26,NORTH-02,standard,6068,0.179,0.211,0,6,302
2025-10-26,NORTH-02,priority,5699,0.247,0.108,0,6,377
2025-10-26,NORTH-02,economy,5561,0.04,0.065,0,6,460
2025-10-26,CENTRAL-01,standard,7284,0.228,0.259,0,6,620
2025-10-26,CENTRAL-01,priority,6582,0.188,0.17,0,6,302
2025-10-26,CENTRAL-01,economy,5535,0.087,0.078,0,6,594
2025-10-26,SOUTH-01,standard,7038,0.399,0.124,0,6,133
2025-10-26,SOUTH-01,priority,6666,0.061,0.085,0,6,311
2025-10-26,SOUTH-01,economy,5953,0.206,0.212,0,6,531
2025-10-26,SOUTH-02,standard,7741,0.221,0.221,0,6,477
2025-10-26,SOUTH-02,priority,7627,0.234,0.267,0,6,511
2025-10-26,SOUTH-02,economy,6275,0.117,0.246,0,6,299
2025-10-26,WEST-01,standard,7771,0.214,0.058,0,6,302
2025-10-26,WEST-01,priority,8033,0.225,0.137,0,6,646
2025-10-26,WEST-01,economy,7139,0.212,0.109,0,6,286
2025-10-27,NORTH-01,standard,7224,0.172,0.347,0,0,433
2025-10-27,NORTH-01,priority,6614,0.161,0.117,0,0,225
2025-10-27,NORTH-01,economy,6347,0.16,0.041,0,0,488
2025-10-27,NORTH-02,standard,7589,0.088,0.002,0,0,402
2025-10-27,NORTH-02,priority,7031,0.449,0.262,0,0,327
2025-10-27,NORTH-02,economy,6454,0.149,0.174,0,0,288
2025-10-27,CENTRAL-01,standard,8270,0.016,0.304,0,0,479
2025-10-27,CENTRAL-01,priority,7962,0.077,0.259,0,0,426
2025-10-27,CENTRAL-01,economy,6723,0.205,0.173,0,0,448
2025-10-27,SOUTH-01,standard,7797,0.225,0.136,0,0,410
2025-10-27,SOUTH-01,priority,8263,0.27,0.204,0,0,598
2025-10-27,SOUTH-01,economy,7193,0.264,0.165,0,0,326
2025-10-27,SOUTH-02,standard,9260,0.276,0.256,0,0,524
2025-10-27,SOUTH-02,priority,8079,0.151,0.122,0,0,334
2025-10-27,SOUTH-02,economy,7093,0.213,0.0,0,0,400
2025-10-27,WEST-01,standard,8954,0.48,0.15,0,0,348
2025-10-27,WEST-01,priority,9173,0.386,0.085,0,0,366
2025-10-27,WEST-01,economy,7622,0.293,0.145,0,0,529
2025-10-28,NORTH-01,standard,6885,0.339,0.135,0,1,337
2025-10-28,NORTH-01,priority,5173,0.207,0.062,0,1,110
2025-10-28,NORTH-01,economy,5685,0.153,0.064,0,1,289
2025-10-28,NORTH-02,standard,7905,0.095,0.098,0,1,445
2025-10-28,NORTH-02,priority,5907,0.368,0.158,0,1,231
2025-10-28,NORTH-02,economy,6013,0.194,0.169,0,1,264
2025-10-28,CENTRAL-01,standard,7948,0.107,0.138,0,1,286
2025-10-28,CENTRAL-01,priority,7248,0.21,0.169,0,1,314
2025-10-28,CENTRAL-01,economy,6549,0.261,0.256,0,1,301
2025-10-28,SOUTH-01,standard,7644,0.236,0.056,0,1,331
2025-10-28,SOUTH-01,priority,7598,0.217,0.08,0,1,166
2025-10-28,SOUTH-01,economy,6803,0.254,0.265,0,1,437
2025-10-28,SOUTH-02,standard,8707,0.155,0.158,0,1,404
2025-10-28,SOUTH-02,priority,8600,0.08,0.063,0,1,236
2025-10-28,SOUTH-02,economy,7513,0.178,0.145,0,1,485
2025-10-28,WEST-01,standard,10147,0.136,0.202,0,1,466
2025-10-28,WEST-01,priority,8634,0.0,0.139,0,1,487
2025-10-28,WEST-01,economy,7985,0.0,0.176,0,1,515
2025-10-29,NORTH-01,standard,5667,0.118,0.219,0,2,352
2025-10-29,NORTH-01,priority,6737,0.063,0.111,0,2,268
2025-10-29,NORTH-01,economy,4716,0.135,0.059,0,2,303
2025-10-29,NORTH-02,standard,7311,0.092,0.276,0,2,285
2025-10-29,NORTH-02,priority,5316,0.278,0.112,0,2,253
2025-10-29,NORTH-02,economy,5210,0.029,0.225,0,2,490
2025-10-29,CENTRAL-01,standard,6752,0.197,0.118,0,2,592
2025-10-29,CENTRAL-01,priority,6706,0.181,0.11,0,2,451
2025-10-29,CENTRAL-01,economy,5126,0.061,0.15,0,2,329
2025-10-29,SOUTH-01,standard,7040,0.218,0.186,0,2,302
2025-10-29,SOUTH-01,priority,6966,0.21,0.25,0,2,322
2025-10-29,SOUTH-01,economy,6192,0.296,0.16,0,2,461
2025-10-29,SOUTH-02,standard,7731,0.168,0.075,0,2,545
2025-10-29,SOUTH-02,priority,7620,0.407,0.053,0,2,364
2025-10-29,SOUTH-02,economy,6635,0.182,0.286,0,2,346
2025-10-29,WEST-01,standard,8513,0.103,0.153,0,2,352
2025-10-29,WEST-01,priority,7667,0.354,0.09,0,2,413
2025-10-29,WEST-01,economy,7095,0.329,0.086,0,2,683
2025-10-30,NORTH-01,standard,7101,0.007,0.078,0,3,376
2025-10-30,NORTH-01,priority,6189,0.194,0.123,0,3,172
2025-10-30,NORTH-01,economy,3981,0.328,0.032,0,3,168
2025-10-30,NORTH-02,standard,6208,0.165,0.093,0,3,254
2025-10-30,NORTH-02,priority,6074,0.071,0.075,0,3,285
2025-10-30,NORTH-02,economy,5823,0.0,0.147,0,3,321
2025-10-30,CENTRAL-01,standard,6654,0.029,0.21,0,3,341
2025-10-30,CENTRAL-01,priority,6753,0.177,0.236,0,3,411
2025-10-30,CENTRAL-01,economy,6227,0.292,0.057,0,3,0
2025-10-30,SOUTH-01,standard,7372,0.351,0.083,0,3,574
2025-10-30,SOUTH-01,priority,7171,0.247,0.18,0,3,217
2025-10-30,SOUTH-01,economy,6298,0.02,0.172,0,3,331
2025-10-30,SOUTH-02,standard,7475,0.329,0.242,0,3,457
2025-10-30,SOUTH-02,priority,6888,0.0,0.023,0,3,380
2025-10-30,SOUTH-02,economy,6749,0.102,0.186,0,3,516
2025-10-30,WEST-01,standard,8526,0.245,0.067,0,3,332
2025-10-30,WEST-01,priority,8153,0.229,0.111,0,3,512
2025-10-30,WEST-01,economy,8480,0.097,0.119,0,3,283
2025-10-31,NORTH-01,standard,5685,0.094,0.096,0,4,224
2025-10-31,NORTH-01,priority,4932,0.167,0.188,0,4,267
2025-10-31,NORTH-01,economy,5310,0.084,0.056,0,4,247
2025-10-31,NORTH-02,standard,7353,0.016,0.22,0,4,429
2025-10-31,NORTH-02,priority,5770,0.067,0.128,0,4,347
2025-10-31,NORTH-02,economy,5270,0.266,0.148,0,4,276
2025-10-31,CENTRAL-01,standard,6215,0.26,0.179,0,4,152
2025-10-31,CENTRAL-01,priority,7024,0.14,0.228,0,4,482
2025-10-31,CENTRAL-01,economy,5641,0.162,0.267,0,4,308
2025-10-31,SOUTH-01,standard,7209,0.009,0.122,0,4,580
2025-10-31,SOUTH-01,priority,6889,0.341,0.155,0,4,314
2025-10-31,SOUTH-01,economy,6611,0.0,0.089,0,4,430
2025-10-31,SOUTH-02,standard,7800,0.133,0.209,0,4,277
2025-10-31,SOUTH-02,priority,7552,0.269,0.101,0,4,166
2025-10-31,SOUTH-02,economy,6970,0.112,0.198,0,4,362
2025-10-31,WEST-01,standard,7669,0.214,0.161,0,4,366
2025-10-31,WEST-01,priority,7690,0.207,0.19,0,4,344
2025-10-31,WEST-01,economy,7561,0.02,0.21,0,4,525
2025-11-01,NORTH-01,standard,8451,0.051,0.36,0,5,439
2025-11-01,NORTH-01,priority,7452,0.529,0.422,0,5,373
2025-11-01,NORTH-01,economy,6784,0.137,0.36,0,5,422
2025-11-01,NORTH-02,standard,9878,0.0,0.216,0,5,433
2025-11-01,NORTH-02,priority,7305,0.351,0.285,0,5,273
2025-11-01,NORTH-02,economy,8118,0.503,0.237,0,5,464
2025-11-01,CENTRAL-01,standard,9007,0.194,0.29,0,5,517
2025-11-01,CENTRAL-01,priority,9041,0.338,0.366,0,5,400
2025-11-01,CENTRAL-01,economy,8876,0.441,0.369,0,5,330
2025-11-01,SOUTH-01,standard,10075,0.175,0.436,0,5,544
2025-11-01,SOUTH-01,priority,8980,0.063,0.318,0,5,439
2025-11-01,SOUTH-01,economy,8896,0.157,0.308,0,5,319
2025-11-01,SOUTH-02,standard,11342,0.0,0.304,0,5,581
2025-11-01,SOUTH-02,priority,9793,0.078,0.386,0,5,520
2025-11-01,SOUTH-02,economy,9068,0.286,0.365,0,5,630
2025-11-01,WEST-01,standard,10742,0.245,0.366,0,5,434
2025-11-01,WEST-01,priority,10881,0.031,0.404,0,5,557
2025-11-01,WEST-01,economy,9123,0.248,0.279,0,5,299
2025-11-02,NORTH-01,standard,8447,0.15,0.429,0,6,424
2025-11-02,NORTH-01,priority,7348,0.264,0.447,0,6,343
2025-11-02,NORTH-01,economy,7206,0.091,0.28,0,6,162
2025-11-02,NORTH-02,standard,8649,0.136,0.353,0,6,381
2025-11-02,NORTH-02,priority,7748,0.182,0.36,0,6,496
2025-11-02,NORTH-02,economy,8357,0.267,0.291,0,6,485
2025-11-02,CENTRAL-01,standard,9075,0.217,0.405,0,6,409
2025-11-02,CENTRAL-01,priority,8560,0.254,0.286,0,6,508
2025-11-02,CENTRAL-01,economy,8229,0.217,0.352,0,6,405
2025-11-02,SOUTH-01,standard,10144,0.282,0.517,0,6,638
2025-11-02,SOUTH-01,priority,8932,0.128,0.295,0,6,337
2025-11-02,SOUTH-01,economy,9206,0.145,0.421,0,6,395
2025-11-02,SOUTH-02,standard,10467,0.141,0.35,0,6,564
2025-11-02,SOUTH-02,priority,10306,0.132,0.334,0,6,455
2025-11-02,SOUTH-02,economy,9181,0.111,0.343,0,6,270
2025-11-02,WEST-01,standard,11696,0.127,0.384,0,6,467
2025-11-02,WEST-01,priority,10567,0.272,0.364,0,6,422
2025-11-02,WEST-01,economy,10152,0.312,0.462,0,6,655
2025-11-03,NORTH-01,standard,9377,0.203,0.397,0,0,194
2025-11-03,NORTH-01,priority,9257,0.211,0.337,0,0,561
2025-11-03,NORTH-01,economy,8787,0.053,0.537,0,0,289
2025-11-03,NORTH-02,standard,10172,0.043,0.176,0,0,421
2025-11-03,NORTH-02,priority,9226,0.079,0.298,0,0,525
2025-11-03,NORTH-02,economy,8956,0.0,0.264,0,0,377
2025-11-03,CENTRAL-01,standard,10925,0.25,0.31,0,0,532
2025-11-03,CENTRAL-01,priority,9918,0.327,0.391,0,0,387
2025-11-03,CENTRAL-01,economy,8631,0.32,0.367,0,0,185
2025-11-03,SOUTH-01,standard,10560,0.197,0.471,0,0,383
2025-11-03,SOUTH-01,priority,9559,0.142,0.438,0,0,388
2025-11-03,SOUTH-01,economy,9671,0.059,0.395,0,0,428
2025-11-03,SOUTH-02,standard,11805,0.158,0.413,0,0,657
2025-11-03,SOUTH-02,priority,10301,0.249,0.461,0,0,535
2025-11-03,SOUTH-02,economy,9334,0.462,0.203,0,0,335
2025-11-03,WEST-01,standard,12004,0.215,0.465,0,0,514
2025-11-03,WEST-01,priority,11040,0.245,0.327,0,0,585
2025-11-03,WEST-01,economy,10373,0.39,0.386,0,0,735
2025-11-04,NORTH-01,standard,9359,0.0,0.343,0,1,432
2025-11-04,NORTH-01,priority,8711,0.252,0.428,0,1,521
2025-11-04,NORTH-01,economy,8276,0.072,0.248,0,1,402
2025-11-04,NORTH-02,standard,9743,0.359,0.52,0,1,254
2025-11-04,NORTH-02,priority,9478,0.016,0.283,0,1,432
2025-11-04,NORTH-02,economy,9300,0.029,0.493,0,1,670
2025-11-04,CENTRAL-01,standard,10604,0.0,0.452,0,1,451
2025-11-04,CENTRAL-01,priority,9625,0.183,0.294,0,1,582
2025-11-04,CENTRAL-01,economy,9614,0.0,0.47,0,1,455
2025-11-04,SOUTH-01,standard,10541,0.292,0.379,0,1,403
2025-11-04,SOUTH-01,priority,9795,0.36,0.232,0,1,304
2025-11-04,SOUTH-01,economy,8980,0.239,0.342,0,1,345
2025-11-04,SOUTH-02,standard,10447,0.185,0.373,0,1,408
2025-11-04,SOUTH-02,priority,11073,0.199,0.447,0,1,457
2025-11-04,SOUTH-02,economy,8546,0.3,0.325,0,1,609
2025-11-04,WEST-01,standard,11640,0.235,0.365,0,1,565
2025-11-04,WEST-01,priority,10743,0.181,0.327,0,1,511
2025-11-04,WEST-01,economy,10521,0.074,0.259,0,1,613
2025-11-05,NORTH-01,standard,7930,0.084,0.3,0,2,259
2025-11-05,NORTH-01,priority,7505,0.027,0.428,0,2,460
2025-11-05,NORTH-01,economy,7958,0.148,0.398,0,2,415
2025-11-05,NORTH-02,standard,9647,0.316,0.474,0,2,388
2025-11-05,NORTH-02,priority,8653,0.0,0.34,0,2,205
2025-11-05,NORTH-02,economy,8194,0.187,0.144,0,2,483
2025-11-05,CENTRAL-01,standard,9685,0.082,0.36,0,2,528
2025-11-05,CENTRAL-01,priority,8413,0.188,0.426,0,2,416
2025-11-05,CENTRAL-01,economy,8112,0.394,0.322,0,2,303
2025-11-05,SOUTH-01,standard,9176,0.439,0.373,0,2,586
2025-11-05,SOUTH-01,priority,9905,0.051,0.405,0,2,720
2025-11-05,SOUTH-01,economy,7798,0.207,0.354,0,2,359
2025-11-05,SOUTH-02,standard,10179,0.094,0.336,0,2,579
2025-11-05,SOUTH-02,priority,9778,0.113,0.388,0,2,398
2025-11-05,SOUTH-02,economy,9775,0.094,0.369,0,2,385
2025-11-05,WEST-01,standard,10804,0.186,0.389,0,2,292
2025-11-05,WEST-01,priority,9319,0.237,0.229,0,2,303
2025-11-05,WEST-01,economy,8847,0.161,0.273,0,2,491
2025-11-06,NORTH-01,standard,8392,0.177,0.411,0,3,424
2025-11-06,NORTH-01,priority,7504,0.276,0.245,0,3,524
2025-11-06,NORTH-01,economy,7347,0.182,0.338,0,3,547
2025-11-06,NORTH-02,standard,9050,0.177,0.354,0,3,257
2025-11-06,NORTH-02,priority,7763,0.24,0.284,0,3,203
2025-11-06,NORTH-02,economy,7315,0.0,0.168,0,3,347
2025-11-06,CENTRAL-01,standard,9478,0.307,0.355,0,3,617
2025-11-06,CENTRAL-01,priority,9193,0.0,0.381,0,3,554
2025-11-06,CENTRAL-01,economy,7954,0.0,0.304,0,3,264
2025-11-06,SOUTH-01,standard,9993,0.458,0.305,0,3,564
2025-11-06,SOUTH-01,priority,9418,0.007,0.308,0,3,509
2025-11-06,SOUTH-01,economy,9192,0.22,0.49,0,3,534
2025-11-06,SOUTH-02,standard,10109,0.296,0.458,0,3,293
2025-11-06,SOUTH-02,priority,9235,0.107,0.24,0,3,469
2025-11-06,SOUTH-02,economy,9352,0.114,0.402,0,3,504
2025-11-06,WEST-01,standard,10017,0.028,0.28,0,3,548
2025-11-06,WEST-01,priority,10073,0.411,0.364,0,3,418
2025-11-06,WEST-01,economy,9719,0.154,0.452,0,3,548
2025-11-07,NORTH-01,standard,8605,0.336,0.438,0,4,450
2025-11-07,NORTH-01,priority,7919,0.134,0.39,0,4,459
2025-11-07,NORTH-01,economy,6321,0.305,0.215,0,4,364
2025-11-07,NORTH-02,standard,8499,0.26,0.373,0,4,542
2025-11-07,NORTH-02,priority,7834,0.409,0.281,0,4,418
2025-11-07,NORTH-02,economy,8064,0.165,0.446,0,4,386
2025-11-07,CENTRAL-01,standard,9968,0.109,0.228,0,4,554
2025-11-07,CENTRAL-01,priority,8837,0.169,0.359,0,4,233
2025-11-07,CENTRAL-01,economy,8282,0.009,0.334,0,4,427
2025-11-07,SOUTH-01,standard,9379,0.384,0.327,0,4,467
2025-11-07,SOUTH-01,priority,9153,0.012,0.362,0,4,481
2025-11-07,SOUTH-01,economy,8940,0.158,0.339,0,4,536
2025-11-07,SOUTH-02,standard,10088,0.424,0.406,0,4,406
2025-11-07,SOUTH-02,priority,10190,0.222,0.467,0,4,400
2025-11-07,SOUTH-02,economy,9515,0.234,0.368,0,4,501
2025-11-07,WEST-01,standard,10957,0.212,0.255,0,4,341
2025-11-07,WEST-01,priority,9831,0.191,0.306,0,4,544
2025-11-07,WEST-01,economy,9209,0.18,0.159,0,4,409
2025-11-08,NORTH-01,standard,9168,0.331,0.251,0,5,557
2025-11-08,NORTH-01,priority,7723,0.147,0.316,0,5,450
2025-11-08,NORTH-01,economy,7000,0.085,0.341,0,5,475
2025-11-08,NORTH-02,standard,8886,0.2,0.313,0,5,363
2025-11-08,NORTH-02,priority,8652,0.218,0.25,0,5,460
2025-11-08,NORTH-02,economy,8083,0.126,0.397,0,5,297
2025-11-08,CENTRAL-01,standard,9550,0.337,0.15,0,5,446
2025-11-08,CENTRAL-01,priority,8720,0.299,0.465,0,5,395
2025-11-08,CENTRAL-01,economy,7956,0.218,0.259,0,5,368
2025-11-08,SOUTH-01,standard,10310,0.038,0.312,0,5,571
2025-11-08,SOUTH-01,priority,9190,0.159,0.355,0,5,244
2025-11-08,SOUTH-01,economy,9381,0.058,0.427,0,5,358
2025-11-08,SOUTH-02,standard,9885,0.314,0.254,0,5,462
2025-11-08,SOUTH-02,priority,9736,0.147,0.295,0,5,565
2025-11-08,SOUTH-02,economy,9678,0.006,0.36,0,5,420
2025-11-08,WEST-01,standard,11587,0.114,0.282,0,5,706
2025-11-08,WEST-01,priority,10082,0.145,0.444,0,5,463
2025-11-08,WEST-01,economy,9219,0.053,0.203,0,5,405
2025-11-09,NORTH-01,standard,8592,0.231,0.402,0,6,318
2025-11-09,NORTH-01,priority,8499,0.101,0.477,0,6,605
2025-11-09,NORTH-01,economy,7471,0.393,0.297,0,6,295
2025-11-09,NORTH-02,standard,8137,0.304,0.416,0,6,472
2025-11-09,NORTH-02,priority,8216,0.077,0.323,0,6,535
2025-11-09,NORTH-02,economy,7421,0.098,0.248,0,6,376
2025-11-09,CENTRAL-01,standard,9775,0.229,0.446,0,6,543
2025-11-09,CENTRAL-01,priority,9300,0.269,0.415,0,6,759
2025-11-09,CENTRAL-01,economy,7991,0.276,0.373,0,6,456
2025-11-09,SOUTH-01,standard,10196,0.318,0.253,0,6,434
2025-11-09,SOUTH-01,priority,9150,0.152,0.392,0,6,509
2025-11-09,SOUTH-01,economy,8969,0.042,0.42,0,6,448
2025-11-09,SOUTH-02,standard,10498,0.213,0.348,0,6,470
2025-11-09,SOUTH-02,priority,10152,0.145,0.209,0,6,344
2025-11-09,SOUTH-02,economy,9417,0.374,0.331,0,6,587
2025-11-09,WEST-01,standard,10173,0.295,0.354,0,6,463
2025-11-09,WEST-01,priority,9662,0.142,0.342,0,6,435
2025-11-09,WEST-01,economy,9719,0.0,0.326,0,6,377
2025-11-10,NORTH-01,standard,9996,0.148,0.363,0,0,606
2025-11-10,NORTH-01,priority,9019,0.217,0.348,0,0,666
2025-11-10,NORTH-01,economy,8708,0.24,0.371,0,0,447
2025-11-10,NORTH-02,standard,10165,0.078,0.387,0,0,458
2025-11-10,NORTH-02,priority,8869,0.245,0.205,0,0,340
2025-11-10,NORTH-02,economy,8402,0.087,0.338,0,0,633
2025-11-10,CENTRAL-01,standard,9526,0.234,0.286,0,0,395
2025-11-10,CENTRAL-01,priority,10806,0.14,0.299,0,0,305
2025-11-10,CENTRAL-01,economy,9022,0.186,0.34,0,0,217
2025-11-10,SOUTH-01,standard,11136,0.175,0.364,0,0,572
2025-11-10,SOUTH-01,priority,9761,0.326,0.186,0,0,773
2025-11-10,SOUTH-01,economy,9353,0.307,0.234,0,0,334
2025-11-10,SOUTH-02,standard,11895,0.128,0.51,0,0,354
2025-11-10,SOUTH-02,priority,10597,0.088,0.35,0,0,535
2025-11-10,SOUTH-02,economy,9722,0.087,0.321,0,0,427
2025-11-10,WEST-01,standard,11335,0.264,0.374,0,0,655
2025-11-10,WEST-01,priority,10832,0.308,0.35,0,0,716
2025-11-10,WEST-01,economy,10612,0.373,0.229,0,0,705
2025-11-11,NORTH-01,standard,9264,0.259,0.313,0,1,663
2025-11-11,NORTH-01,priority,9851,0.28,0.394,0,1,354
2025-11-11,NORTH-01,economy,8227,0.169,0.365,0,1,205
2025-11-11,NORTH-02,standard,9450,0.3,0.29,0,1,420
2025-11-11,NORTH-02,priority,9754,0.152,0.34,0,1,612
2025-11-11,NORTH-02,economy,8631,0.149,0.302,0,1,331
2025-11-11,CENTRAL-01,standard,11189,0.177,0.274,0,1,531
2025-11-11,CENTRAL-01,priority,9378,0.115,0.406,0,1,375
2025-11-11,CENTRAL-01,economy,9555,0.231,0.361,0,1,139
2025-11-11,SOUTH-01,standard,10183,0.278,0.307,0,1,278
2025-11-11,SOUTH-01,priority,10823,0.113,0.477,0,1,700
2025-11-11,SOUTH-01,economy,8937,0.166,0.359,0,1,258
2025-11-11,SOUTH-02,standard,10765,0.162,0.24,0,1,508
2025-11-11,SOUTH-02,priority,9919,0.333,0.351,0,1,258
2025-11-11,SOUTH-02,economy,9980,0.194,0.3,0,1,454
2025-11-11,WEST-01,standard,12247,0.172,0.446,0,1,591
2025-11-11,WEST-01,priority,11419,0.073,0.306,0,1,678
2025-11-11,WEST-01,economy,10400,0.027,0.472,0,1,572
2025-11-12,NORTH-01,standard,8379,0.516,0.223,0,2,393
2025-11-12,NORTH-01,priority,6857,0.234,0.3,0,2,295
2025-11-12,NORTH-01,economy,7656,0.222,0.458,0,2,586
2025-11-12,NORTH-02,standard,9198,0.121,0.304,0,2,410
2025-11-12,NORTH-02,priority,8539,0.315,0.238,0,2,581
2025-11-12,NORTH-02,economy,7598,0.224,0.423,0,2,308
2025-11-12,CENTRAL-01,standard,9504,0.222,0.292,0,2,501
2025-11-12,CENTRAL-01,priority,9170,0.172,0.373,0,2,443
2025-11-12,CENTRAL-01,economy,8497,0.123,0.416,0,2,489
2025-11-12,SOUTH-01,standard,9726,0.25,0.362,0,2,397
2025-11-12,SOUTH-01,priority,9578,0.169,0.389,0,2,484
2025-11-12,SOUTH-01,economy,8335,0.222,0.262,0,2,510
2025-11-12,SOUTH-02,standard,10474,0.08,0.361,0,2,480
2025-11-12,SOUTH-02,priority,9175,0.261,0.368,0,2,517
2025-11-12,SOUTH-02,economy,9339,0.119,0.241,0,2,317
2025-11-12,WEST-01,standard,10815,0.137,0.373,0,2,429
2025-11-12,WEST-01,priority,9737,0.061,0.289,0,2,456
2025-11-12,WEST-01,economy,9338,0.115,0.24,0,2,382
2025-11-13,NORTH-01,standard,9201,0.212,0.379,0,3,533
2025-11-13,NORTH-01,priority,7272,0.049,0.176,0,3,337
2025-11-13,NORTH-01,economy,7504,0.0,0.301,0,3,337
2025-11-13,NORTH-02,standard,8649,0.213,0.301,0,3,644
2025-11-13,NORTH-02,priority,8809,0.176,0.359,0,3,549
2025-11-13,NORTH-02,economy,7775,0.136,0.434,0,3,535
2025-11-13,CENTRAL-01,standard,9686,0.032,0.325,0,3,513
2025-11-13,CENTRAL-01,priority,8989,0.079,0.218,0,3,424
2025-11-13,CENTRAL-01,economy,8334,0.133,0.482,0,3,367
2025-11-13,SOUTH-01,standard,10341,0.0,0.263,0,3,403
2025-11-13,SOUTH-01,priority,8738,0.255,0.247,0,3,334
2025-11-13,SOUTH-01,economy,8141,0.237,0.333,0,3,509
2025-11-13,SOUTH-02,standard,10454,0.239,0.377,0,3,391
2025-11-13,SOUTH-02,priority,9696,0.331,0.342,0,3,516
2025-11-13,SOUTH-02,economy,9390,0.067,0.502,0,3,465
2025-11-13,WEST-01,standard,11440,0.13,0.442,0,3,542
2025-11-13,WEST-01,priority,10274,0.004,0.337,0,3,434
2025-11-13,WEST-01,economy,10108,0.062,0.226,0,3,572
2025-11-14,NORTH-01,standard,8714,0.184,0.298,0,4,465
2025-11-14,NORTH-01,priority,8309,0.132,0.381,0,4,511
2025-11-14,NORTH-01,economy,8025,0.073,0.385,0,4,456
2025-11-14,NORTH-02,standard,8083,0.445,0.336,0,4,320
2025-11-14,NORTH-02,priority,8919,0.1,0.395,0,4,463
2025-11-14,NORTH-02,economy,7632,0.215,0.503,0,4,400
2025-11-14,CENTRAL-01,standard,8572,0.126,0.256,0,4,592
2025-11-14,CENTRAL-01,priority,9110,0.088,0.33,0,4,310
2025-11-14,CENTRAL-01,economy,8155,0.08,0.348,0,4,271
2025-11-14,SOUTH-01,standard,9867,0.253,0.313,0,4,482
2025-11-14,SOUTH-01,priority,8869,0.296,0.378,0,4,585
2025-11-14,SOUTH-01,economy,8247,0.123,0.285,0,4,146
2025-11-14,SOUTH-02,standard,9885,0.107,0.382,0,4,681
2025-11-14,SOUTH-02,priority,9190,0.0,0.287,0,4,565
2025-11-14,SOUTH-02,economy,8417,0.258,0.329,0,4,288
2025-11-14,WEST-01,standard,10451,0.21,0.296,0,4,484
2025-11-14,WEST-01,priority,9472,0.13,0.21,0,4,307
2025-11-14,WEST-01,economy,9649,0.093,0.357,0,4,611
2025-11-15,NORTH-01,standard,8485,0.011,0.375,0,5,671
2025-11-15,NORTH-01,priority,8083,0.167,0.305,0,5,446
2025-11-15,NORTH-01,economy,8127,0.134,0.398,0,5,533
2025-11-15,NORTH-02,standard,9459,0.162,0.492,0,5,332
2025-11-15,NORTH-02,priority,8188,0.187,0.333,0,5,463
2025-11-15,NORTH-02,economy,8402,0.0,0.478,0,5,211
2025-11-15,CENTRAL-01,standard,10088,0.252,0.385,0,5,689
2025-11-15,CENTRAL-01,priority,8868,0.407,0.328,0,5,388
2025-11-15,CENTRAL-01,economy,7395,0.297,0.177,0,5,349
2025-11-15,SOUTH-01,standard,10481,0.173,0.363,0,5,416
2025-11-15,SOUTH-01,priority,9149,0.025,0.319,0,5,520
2025-11-15,SOUTH-01,economy,9119,0.363,0.465,0,5,385
2025-11-15,SOUTH-02,standard,10089,0.161,0.384,0,5,401
2025-11-15,SOUTH-02,priority,10015,0.225,0.241,0,5,432
2025-11-15,SOUTH-02,economy,9602,0.245,0.367,0,5,212
2025-11-15,WEST-01,standard,10888,0.331,0.449,0,5,569
2025-11-15,WEST-01,priority,10031,0.252,0.278,0,5,587
2025-11-15,WEST-01,economy,9788,0.0,0.388,0,5,548
2025-11-16,NORTH-01,standard,8111,0.027,0.291,0,6,254
2025-11-16,NORTH-01,priority,7587,0.28,0.303,0,6,538
2025-11-16,NORTH-01,economy,7087,0.139,0.427,0,6,351
2025-11-16,NORTH-02,standard,9130,0.071,0.394,0,6,541
2025-11-16,NORTH-02,priority,8122,0.198,0.194,0,6,239
2025-11-16,NORTH-02,economy,8119,0.222,0.394,0,6,408
2025-11-16,CENTRAL-01,standard,9848,0.0,0.367,0,6,453
2025-11-16,CENTRAL-01,priority,8704,0.19,0.199,0,6,428
2025-11-16,CENTRAL-01,economy,8230,0.034,0.392,0,6,454
2025-11-16,SOUTH-01,standard,9341,0.239,0.376,0,6,414
2025-11-16,SOUTH-01,priority,9564,0.436,0.462,0,6,499
2025-11-16,SOUTH-01,economy,8597,0.061,0.337,0,6,427
2025-11-16,SOUTH-02,standard,9477,0.006,0.426,0,6,567
2025-11-16,SOUTH-02,priority,9767,0.285,0.536,0,6,410
2025-11-16,SOUTH-02,economy,9119,0.194,0.395,0,6,311
2025-11-16,WEST-01,standard,10300,0.247,0.35,0,6,294
2025-11-16,WEST-01,priority,10216,0.476,0.417,0,6,472
2025-11-16,WEST-01,economy,9448,0.263,0.266,0,6,492
2025-11-17,NORTH-01,standard,9463,0.057,0.342,0,0,372
2025-11-17,NORTH-01,priority,9249,0.115,0.213,0,0,644
2025-11-17,NORTH-01,economy,8493,0.069,0.439,0,0,433
2025-11-17,NORTH-02,standard,10273,0.025,0.305,0,0,371
2025-11-17,NORTH-02,priority,7944,0.091,0.309,0,0,457
2025-11-17,NORTH-02,economy,9089,0.256,0.379,0,0,399
2025-11-17,CENTRAL-01,standard,10021,0.397,0.282,0,0,441
2025-11-17,CENTRAL-01,priority,9688,0.202,0.331,0,0,389
2025-11-17,CENTRAL-01,economy,9316,0.127,0.171,0,0,336
2025-11-17,SOUTH-01,standard,11012,0.121,0.265,0,0,445
2025-11-17,SOUTH-01,priority,10082,0.0,0.372,0,0,479
2025-11-17,SOUTH-01,economy,9375,0.28,0.271,0,0,368
2025-11-17,SOUTH-02,standard,11147,0.298,0.356,0,0,365
2025-11-17,SOUTH-02,priority,10320,0.27,0.42,0,0,508
2025-11-17,SOUTH-02,economy,10338,0.251,0.527,0,0,490
2025-11-17,WEST-01,standard,12015,0.161,0.342,0,0,434
2025-11-17,WEST-01,priority,11090,0.292,0.227,0,0,626
2025-11-17,WEST-01,economy,10551,0.277,0.372,0,0,448
2025-11-18,NORTH-01,standard,9712,0.045,0.37,0,1,582
2025-11-18,NORTH-01,priority,9069,0.163,0.363,0,1,520
2025-11-18,NORTH-01,economy,8394,0.294,0.274,0,1,410
2025-11-18,NORTH-02,standard,9160,0.257,0.468,0,1,600
2025-11-18,NORTH-02,priority,9090,0.166,0.282,0,1,328
2025-11-18,NORTH-02,economy,9074,0.241,0.267,0,1,535
2025-11-18,CENTRAL-01,standard,9613,0.207,0.187,0,1,458
2025-11-18,CENTRAL-01,priority,8650,0.177,0.425,0,1,348
2025-11-18,CENTRAL-01,economy,8836,0.28,0.323,0,1,251
2025-11-18,SOUTH-01,standard,11123,0.307,0.311,0,1,689
2025-11-18,SOUTH-01,priority,9858,0.338,0.347,0,1,409
2025-11-18,SOUTH-01,economy,9795,0.416,0.333,0,1,531
2025-11-18,SOUTH-02,standard,11773,0.131,0.33,0,1,536
2025-11-18,SOUTH-02,priority,10740,0.126,0.285,0,1,440
2025-11-18,SOUTH-02,economy,10425,0.251,0.554,0,1,709
2025-11-18,WEST-01,standard,12360,0.094,0.405,0,1,716
2025-11-18,WEST-01,priority,11304,0.334,0.351,0,1,397
2025-11-18,WEST-01,economy,10705,0.373,0.274,0,1,626
2025-11-19,NORTH-01,standard,9175,0.304,0.515,0,2,296
2025-11-19,NORTH-01,priority,7727,0.251,0.199,0,2,361
2025-11-19,NORTH-01,economy,6914,0.257,0.284,0,2,447
2025-11-19,NORTH-02,standard,9917,0.321,0.35,0,2,436
2025-11-19,NORTH-02,priority,8265,0.262,0.377,0,2,585
2025-11-19,NORTH-02,economy,7664,0.073,0.184,0,2,379
2025-11-19,CENTRAL-01,standard,9478,0.308,0.25,0,2,512
2025-11-19,CENTRAL-01,priority,8938,0.219,0.434,0,2,454
2025-11-19,CENTRAL-01,economy,7631,0.234,0.342,0,2,359
2025-11-19,SOUTH-01,standard,9767,0.149,0.305,0,2,494
2025-11-19,SOUTH-01,priority,9788,0.147,0.418,0,2,188
2025-11-19,SOUTH-01,economy,8488,0.008,0.158,0,2,394
2025-11-19,SOUTH-02,standard,10408,0.198,0.417,0,2,419
2025-11-19,SOUTH-02,priority,9069,0.179,0.31,0,2,567
2025-11-19,SOUTH-02,economy,8698,0.231,0.466,0,2,247
2025-11-19,WEST-01,standard,11290,0.068,0.382,0,2,553
2025-11-19,WEST-01,priority,10045,0.197,0.418,0,2,608
2025-11-19,WEST-01,economy,9121,0.418,0.265,0,2,286
2025-11-20,NORTH-01,standard,8075,0.064,0.381,0,3,328
2025-11-20,NORTH-01,priority,8251,0.306,0.368,0,3,272
2025-11-20,NORTH-01,economy,7303,0.188,0.501,0,3,340
2025-11-20,NORTH-02,standard,9218,0.25,0.278,0,3,240
2025-11-20,NORTH-02,priority,8232,0.0,0.375,0,3,359
2025-11-20,NORTH-02,economy,7282,0.285,0.4,0,3,460
2025-11-20,CENTRAL-01,standard,9565,0.144,0.383,0,3,286
2025-11-20,CENTRAL-01,priority,8793,0.094,0.157,0,3,491
2025-11-20,CENTRAL-01,economy,7915,0.095,0.341,0,3,568
2025-11-20,SOUTH-01,standard,9492,0.026,0.325,0,3,492
2025-11-20,SOUTH-01,priority,9265,0.305,0.184,0,3,653
2025-11-20,SOUTH-01,economy,8592,0.195,0.296,0,3,372
2025-11-20,SOUTH-02,standard,10609,0.416,0.417,0,3,756
2025-11-20,SOUTH-02,priority,9593,0.341,0.34,0,3,750
2025-11-20,SOUTH-02,economy,8757,0.091,0.336,0,3,224
2025-11-20,WEST-01,standard,10536,0.074,0.281,0,3,569
2025-11-20,WEST-01,priority,10335,0.179,0.431,0,3,511
2025-11-20,WEST-01,economy,9598,0.145,0.506,0,3,577
2025-11-21,NORTH-01,standard,9588,0.038,0.331,0,4,549
2025-11-21,NORTH-01,priority,8742,0.012,0.267,0,4,452
2025-11-21,NORTH-01,economy,7220,0.147,0.288,0,4,566
2025-11-21,NORTH-02,standard,9338,0.096,0.302,0,4,335
2025-11-21,NORTH-02,priority,8566,0.068,0.351,0,4,339
2025-11-21,NORTH-02,economy,6973,0.237,0.368,0,4,482
2025-11-21,CENTRAL-01,standard,10517,0.112,0.414,0,4,487
2025-11-21,CENTRAL-01,priority,8736,0.103,0.46,0,4,669
2025-11-21,CENTRAL-01,economy,9242,0.124,0.3,0,4,500
2025-11-21,SOUTH-01,standard,9712,0.375,0.348,0,4,120
2025-11-21,SOUTH-01,priority,9193,0.301,0.381,0,4,526
2025-11-21,SOUTH-01,economy,8745,0.185,0.275,0,4,419
2025-11-21,SOUTH-02,standard,10056,0.269,0.328,0,4,416
2025-11-21,SOUTH-02,priority,9966,0.074,0.308,0,4,389
2025-11-21,SOUTH-02,economy,9269,0.039,0.413,0,4,550
2025-11-21,WEST-01,standard,10025,0.154,0.304,0,4,345
2025-11-21,WEST-01,priority,10248,0.075,0.372,0,4,364
2025-11-21,WEST-01,economy,10128,0.0,0.387,0,4,599
2025-11-22,NORTH-01,standard,9087,0.064,0.432,0,5,519
2025-11-22,NORTH-01,priority,8844,0.107,0.339,0,5,646
2025-11-22,NORTH-01,economy,6505,0.174,0.365,0,5,519
2025-11-22,NORTH-02,standard,8773,0.269,0.378,0,5,451
2025-11-22,NORTH-02,priority,9436,0.356,0.379,0,5,560
2025-11-22,NORTH-02,economy,7592,0.07,0.317,0,5,510
2025-11-22,CENTRAL-01,standard,9410,0.318,0.487,0,5,518
2025-11-22,CENTRAL-01,priority,8382,0.334,0.474,0,5,505
2025-11-22,CENTRAL-01,economy,7782,0.037,0.302,0,5,338
2025-11-22,SOUTH-01,standard,9591,0.006,0.255,0,5,504
2025-11-22,SOUTH-01,priority,10296,0.184,0.218,0,5,430
2025-11-22,SOUTH-01,economy,8892,0.02,0.397,0,5,349
2025-11-22,SOUTH-02,standard,10129,0.227,0.296,0,5,659
2025-11-22,SOUTH-02,priority,9571,0.195,0.399,0,5,485
2025-11-22,SOUTH-02,economy,8951,0.088,0.285,0,5,365
2025-11-22,WEST-01,standard,9775,0.305,0.396,0,5,680
2025-11-22,WEST-01,priority,10146,0.257,0.442,0,5,305
2025-11-22,WEST-01,economy,9183,0.021,0.487,0,5,282
2025-11-23,NORTH-01,standard,8776,0.128,0.239,0,6,516
2025-11-23,NORTH-01,priority,8039,0.23,0.301,0,6,635
2025-11-23,NORTH-01,economy,8010,0.008,0.439,0,6,407
2025-11-23,NORTH-02,standard,8681,0.2,0.379,0,6,244
2025-11-23,NORTH-02,priority,7772,0.289,0.25,0,6,351
2025-11-23,NORTH-02,economy,7449,0.214,0.31,0,6,517
2025-11-23,CENTRAL-01,standard,9626,0.14,0.286,0,6,475
2025-11-23,CENTRAL-01,priority,8867,0.183,0.385,0,6,547
2025-11-23,CENTRAL-01,economy,8159,0.009,0.449,0,6,228
2025-11-23,SOUTH-01,standard,9675,0.085,0.322,0,6,354
2025-11-23,SOUTH-01,priority,8169,0.301,0.28,0,6,383
2025-11-23,SOUTH-01,economy,7989,0.425,0.265,0,6,371
2025-11-23,SOUTH-02,standard,9731,0.365,0.321,0,6,515
2025-11-23,SOUTH-02,priority,9315,0.215,0.389,0,6,391
2025-11-23,SOUTH-02,economy,9383,0.315,0.383,0,6,454
2025-11-23,WEST-01,standard,10489,0.307,0.373,0,6,584
2025-11-23,WEST-01,priority,10846,0.075,0.473,0,6,470
2025-11-23,WEST-01,economy,9514,0.158,0.361,0,6,623
2025-11-24,NORTH-01,standard,9344,0.115,0.23,0,0,550
2025-11-24,NORTH-01,priority,8561,0.302,0.359,0,0,431
2025-11-24,NORTH-01,economy,7788,0.101,0.166,0,0,474
2025-11-24,NORTH-02,standard,10438,0.148,0.325,0,0,377
2025-11-24,NORTH-02,priority,9183,0.076,0.376,0,0,369
2025-11-24,NORTH-02,economy,8153,0.366,0.264,0,0,477
2025-11-24,CENTRAL-01,standard,11022,0.174,0.24,0,0,415
2025-11-24,CENTRAL-01,priority,10764,0.151,0.385,0,0,453
2025-11-24,CENTRAL-01,economy,10191,0.07,0.39,0,0,502
2025-11-24,SOUTH-01,standard,10034,0.146,0.381,0,0,407
2025-11-24,SOUTH-01,priority,10126,0.0,0.321,0,0,167
2025-11-24,SOUTH-01,economy,9556,0.202,0.399,0,0,283
2025-11-24,SOUTH-02,standard,11486,0.332,0.502,0,0,482
2025-11-24,SOUTH-02,priority,10763,0.139,0.385,0,0,555
2025-11-24,SOUTH-02,economy,9557,0.234,0.291,0,0,433
2025-11-24,WEST-01,standard,11393,0.236,0.225,0,0,517
2025-11-24,WEST-01,priority,11785,0.122,0.462,0,0,583
2025-11-24,WEST-01,economy,10408,0.392,0.42,0,0,435
2025-11-25,NORTH-01,standard,9471,0.133,0.38,0,1,282
2025-11-25,NORTH-01,priority,7989,0.134,0.432,0,1,588
2025-11-25,NORTH-01,economy,8342,0.249,0.331,0,1,545
2025-11-25,NORTH-02,standard,10425,0.184,0.426,0,1,513
2025-11-25,NORTH-02,priority,8609,0.047,0.342,0,1,491
2025-11-25,NORTH-02,economy,8996,0.13,0.301,0,1,297
2025-11-25,CENTRAL-01,standard,10285,0.193,0.323,0,1,522
2025-11-25,CENTRAL-01,priority,10200,0.399,0.382,0,1,653
2025-11-25,CENTRAL-01,economy,8798,0.272,0.202,0,1,313
2025-11-25,SOUTH-01,standard,9798,0.524,0.27,0,1,141
2025-11-25,SOUTH-01,priority,10797,0.056,0.36,0,1,375
2025-11-25,SOUTH-01,economy,9260,0.321,0.345,0,1,478
2025-11-25,SOUTH-02,standard,10653,0.35,0.354,0,1,550
2025-11-25,SOUTH-02,priority,11013,0.229,0.335,0,1,235
2025-11-25,SOUTH-02,economy,9458,0.223,0.413,0,1,285
2025-11-25,WEST-01,standard,12277,0.3,0.444,0,1,465
2025-11-25,WEST-01,priority,10371,0.204,0.377,0,1,510
2025-11-25,WEST-01,economy,10276,0.197,0.41,0,1,638
2025-11-26,NORTH-01,standard,9124,0.19,0.487,0,2,487
2025-11-26,NORTH-01,priority,8696,0.038,0.244,0,2,546
2025-11-26,NORTH-01,economy,7490,0.146,0.317,0,2,243
2025-11-26,NORTH-02,standard,9503,0.124,0.399,0,2,420
2025-11-26,NORTH-02,priority,8067,0.372,0.434,0,2,268
2025-11-26,NORTH-02,economy,7460,0.251,0.314,0,2,430
2025-11-26,CENTRAL-01,standard,9533,0.266,0.413,0,2,190
2025-11-26,CENTRAL-01,priority,8834,0.295,0.286,0,2,430
2025-11-26,CENTRAL-01,economy,8038,0.449,0.515,0,2,259
2025-11-26,SOUTH-01,standard,9875,0.028,0.372,0,2,342
2025-11-26,SOUTH-01,priority,9387,0.117,0.386,0,2,403
2025-11-26,SOUTH-01,economy,8814,0.137,0.337,0,2,478
2025-11-26,SOUTH-02,standard,10395,0.0,0.363,0,2,370
2025-11-26,SOUTH-02,priority,10243,0.135,0.442,0,2,498
2025-11-26,SOUTH-02,economy,8693,0.072,0.241,0,2,442
2025-11-26,WEST-01,standard,11098,0.184,0.298,0,2,559
2025-11-26,WEST-01,priority,10668,0.0,0.359,0,2,524
2025-11-26,WEST-01,economy,9441,0.25,0.329,0,2,457
2025-11-27,NORTH-01,standard,9030,0.202,0.304,0,3,621
2025-11-27,NORTH-01,priority,7405,0.116,0.257,0,3,450
2025-11-27,NORTH-01,economy,7595,0.251,0.383,0,3,339
2025-11-27,NORTH-02,standard,9886,0.0,0.31,0,3,508
2025-11-27,NORTH-02,priority,8151,0.231,0.422,0,3,451
2025-11-27,NORTH-02,economy,7844,0.241,0.275,0,3,570
2025-11-27,CENTRAL-01,standard,9453,0.132,0.212,0,3,384
2025-11-27,CENTRAL-01,priority,8811,0.202,0.283,0,3,591
2025-11-27,CENTRAL-01,economy,8265,0.177,0.218,0,3,430
2025-11-27,SOUTH-01,standard,9793,0.206,0.428,0,3,439
2025-11-27,SOUTH-01,priority,9520,0.056,0.365,0,3,434
2025-11-27,SOUTH-01,economy,8568,0.27,0.267,0,3,509
2025-11-27,SOUTH-02,standard,9579,0.115,0.24,0,3,486
2025-11-27,SOUTH-02,priority,9695,0.383,0.301,0,3,179
2025-11-27,SOUTH-02,economy,8815,0.225,0.263,0,3,453
2025-11-27,WEST-01,standard,11022,0.0,0.602,0,3,583
2025-11-27,WEST-01,priority,9532,0.359,0.373,0,3,478
2025-11-27,WEST-01,economy,10393,0.0,0.324,0,3,322
2025-11-28,NORTH-01,standard,10452,0.081,0.498,1,4,386
2025-11-28,NORTH-01,priority,8401,0.227,0.312,1,4,268
2025-11-28,NORTH-01,economy,9436,0.427,0.376,1,4,339
2025-11-28,NORTH-02,standard,10440,0.173,0.336,1,4,518
2025-11-28,NORTH-02,priority,10498,0.046,0.447,1,4,474
2025-11-28,NORTH-02,economy,8672,0.196,0.326,1,4,321
2025-11-28,CENTRAL-01,standard,11367,0.158,0.322,1,4,588
2025-11-28,CENTRAL-01,priority,10773,0.113,0.273,1,4,525
2025-11-28,CENTRAL-01,economy,9540,0.105,0.259,1,4,513
2025-11-28,SOUTH-01,standard,10988,0.382,0.333,1,4,768
2025-11-28,SOUTH-01,priority,10710,0.135,0.286,1,4,446
2025-11-28,SOUTH-01,economy,10246,0.332,0.216,1,4,486
2025-11-28,SOUTH-02,standard,11892,0.113,0.323,1,4,547
2025-11-28,SOUTH-02,priority,11067,0.126,0.345,1,4,773
2025-11-28,SOUTH-02,economy,10484,0.301,0.389,1,4,593
2025-11-28,WEST-01,standard,12157,0.216,0.36,1,4,577
2025-11-28,WEST-01,priority,11496,0.382,0.356,1,4,536
2025-11-28,WEST-01,economy,10790,0.185,0.306,1,4,598
2025-11-29,NORTH-01,standard,8941,0.325,0.531,0,5,462
2025-11-29,NORTH-01,priority,8114,0.288,0.277,0,5,548
2025-11-29,NORTH-01,economy,7217,0.303,0.483,0,5,337
2025-11-29,NORTH-02,standard,9220,0.154,0.261,0,5,537
2025-11-29,NORTH-02,priority,8839,0.247,0.362,0,5,514
2025-11-29,NORTH-02,economy,7473,0.108,0.114,0,5,408
2025-11-29,CENTRAL-01,standard,9264,0.186,0.336,0,5,356
2025-11-29,CENTRAL-01,priority,9504,0.056,0.385,0,5,314
2025-11-29,CENTRAL-01,economy,8278,0.173,0.413,0,5,514
2025-11-29,SOUTH-01,standard,9657,0.309,0.382,0,5,627
2025-11-29,SOUTH-01,priority,9541,0.148,0.329,0,5,430
2025-11-29,SOUTH-01,economy,8613,0.153,0.32,0,5,462
2025-11-29,SOUTH-02,standard,9783,0.0,0.342,0,5,424
2025-11-29,SOUTH-02,priority,9978,0.221,0.324,0,5,521
2025-11-29,SOUTH-02,economy,9519,0.0,0.446,0,5,397
2025-11-29,WEST-01,standard,10736,0.124,0.183,0,5,580
2025-11-29,WEST-01,priority,10224,0.098,0.278,0,5,630
2025-11-29,WEST-01,economy,10376,0.311,0.416,0,5,602
2025-11-30,NORTH-01,standard,8392,0.319,0.357,0,6,567
2025-11-30,NORTH-01,priority,7927,0.062,0.384,0,6,458
2025-11-30,NORTH-01,economy,7394,0.212,0.363,0,6,465
2025-11-30,NORTH-02,standard,8850,0.263,0.238,0,6,395
2025-11-30,NORTH-02,priority,8937,0.203,0.317,0,6,439
2025-11-30,NORTH-02,economy,7524,0.298,0.274,0,6,331
2025-11-30,CENTRAL-01,standard,8635,0.227,0.255,0,6,363
2025-11-30,CENTRAL-01,priority,8864,0.247,0.285,0,6,368
2025-11-30,CENTRAL-01,economy,8794,0.0,0.418,0,6,439
2025-11-30,SOUTH-01,standard,9485,0.185,0.333,0,6,621
2025-11-30,SOUTH-01,priority,9161,0.168,0.379,0,6,507
2025-11-30,SOUTH-01,economy,8748,0.317,0.363,0,6,547
2025-11-30,SOUTH-02,standard,10536,0.265,0.434,0,6,534
2025-11-30,SOUTH-02,priority,9633,0.209,0.419,0,6,532
2025-11-30,SOUTH-02,economy,8419,0.456,0.379,0,6,397
2025-11-30,WEST-01,standard,10259,0.254,0.296,0,6,322
2025-11-30,WEST-01,priority,10144,0.155,0.479,0,6,589
2025-11-30,WEST-01,economy,9772,0.147,0.319,0,6,289
2025-12-01,NORTH-01,standard,9870,0.38,0.393,0,0,445
2025-12-01,NORTH-01,priority,8937,0.24,0.425,0,0,343
2025-12-01,NORTH-01,economy,8470,0.067,0.316,0,0,414
2025-12-01,NORTH-02,standard,9912,0.121,0.404,0,0,405
2025-12-01,NORTH-02,priority,8804,0.293,0.394,0,0,284
2025-12-01,NORTH-02,economy,9357,0.047,0.348,0,0,634
2025-12-01,CENTRAL-01,standard,10610,0.27,0.503,0,0,631
2025-12-01,CENTRAL-01,priority,9571,0.111,0.226,0,0,452
2025-12-01,CENTRAL-01,economy,8468,0.49,0.35,0,0,549
2025-12-01,SOUTH-01,standard,11310,0.089,0.361,0,0,407
2025-12-01,SOUTH-01,priority,10322,0.362,0.44,0,0,699
2025-12-01,SOUTH-01,economy,9843,0.134,0.414,0,0,398
2025-12-01,SOUTH-02,standard,11989,0.107,0.512,0,0,646
2025-12-01,SOUTH-02,priority,10639,0.105,0.407,0,0,702
2025-12-01,SOUTH-02,economy,10339,0.326,0.424,0,0,479
2025-12-01,WEST-01,standard,12003,0.238,0.473,0,0,439
2025-12-01,WEST-01,priority,10869,0.331,0.296,0,0,449
2025-12-01,WEST-01,economy,11557,0.0,0.364,0,0,565
2025-12-02,NORTH-01,standard,9314,0.536,0.338,0,1,446
2025-12-02,NORTH-01,priority,9601,0.187,0.38,0,1,367
2025-12-02,NORTH-01,economy,8915,0.181,0.399,0,1,188
2025-12-02,NORTH-02,standard,10612,0.012,0.353,0,1,440
2025-12-02,NORTH-02,priority,9496,0.26,0.508,0,1,437
2025-12-02,NORTH-02,economy,8821,0.237,0.364,0,1,422
2025-12-02,CENTRAL-01,standard,10601,0.149,0.27,0,1,373
2025-12-02,CENTRAL-01,priority,9628,0.082,0.254,0,1,471
2025-12-02,CENTRAL-01,economy,9336,0.048,0.329,0,1,271
2025-12-02,SOUTH-01,standard,10811,0.089,0.494,0,1,589
2025-12-02,SOUTH-01,priority,9966,0.119,0.366,0,1,250
2025-12-02,SOUTH-01,economy,9983,0.127,0.385,0,1,496
2025-12-02,SOUTH-02,standard,11149,0.087,0.424,0,1,435
2025-12-02,SOUTH-02,priority,10596,0.062,0.316,0,1,533
2025-12-02,SOUTH-02,economy,9800,0.018,0.313,0,1,525
2025-12-02,WEST-01,standard,11778,0.216,0.268,0,1,527
2025-12-02,WEST-01,priority,11184,0.275,0.298,0,1,619
2025-12-02,WEST-01,economy,10875,0.188,0.518,0,1,717
2025-12-03,NORTH-01,standard,8702,0.483,0.216,0,2,503
2025-12-03,NORTH-01,priority,7571,0.209,0.297,0,2,280
2025-12-03,NORTH-01,economy,6656,0.447,0.389,0,2,253
2025-12-03,NORTH-02,standard,9388,0.0,0.445,0,2,522
2025-12-03,NORTH-02,priority,8396,0.18,0.426,0,2,467
2025-12-03,NORTH-02,economy,7398,0.213,0.257,0,2,365
2025-12-03,CENTRAL-01,standard,9671,0.219,0.461,0,2,459
2025-12-03,CENTRAL-01,priority,8839,0.217,0.337,0,2,627
2025-12-03,CENTRAL-01,economy,8057,0.153,0.371,0,2,573
2025-12-03,SOUTH-01,standard,10452,0.071,0.344,0,2,389
2025-12-03,SOUTH-01,priority,8571,0.284,0.186,0,2,425
2025-12-03,SOUTH-01,economy,8532,0.469,0.362,0,2,573
2025-12-03,SOUTH-02,standard,10920,0.05,0.107,0,2,580
2025-12-03,SOUTH-02,priority,10254,0.127,0.355,0,2,472
2025-12-03,SOUTH-02,economy,8803,0.197,0.513,0,2,506
2025-12-03,WEST-01,standard,11219,0.033,0.475,0,2,434
2025-12-03,WEST-01,priority,10393,0.0,0.322,0,2,630
2025-12-03,WEST-01,economy,9395,0.049,0.284,0,2,368
2025-12-04,NORTH-01,standard,8795,0.118,0.274,0,3,385
2025-12-04,NORTH-01,priority,7489,0.181,0.374,0,3,475
2025-12-04,NORTH-01,economy,7362,0.205,0.367,0,3,368
2025-12-04,NORTH-02,standard,8597,0.186,0.358,0,3,626
2025-12-04,NORTH-02,priority,9040,0.097,0.355,0,3,410
2025-12-04,NORTH-02,economy,6772,0.208,0.175,0,3,380
2025-12-04,CENTRAL-01,standard,9946,0.203,0.438,0,3,287
2025-12-04,CENTRAL-01,priority,9006,0.332,0.255,0,3,395
2025-12-04,CENTRAL-01,economy,7896,0.506,0.303,0,3,435
2025-12-04,SOUTH-01,standard,10801,0.151,0.27,0,3,430
2025-12-04,SOUTH-01,priority,9469,0.102,0.341,0,3,381
2025-12-04,SOUTH-01,economy,8630,0.294,0.362,0,3,505
2025-12-04,SOUTH-02,standard,10403,0.078,0.303,0,3,603
2025-12-04,SOUTH-02,priority,8868,0.151,0.325,0,3,362
2025-12-04,SOUTH-02,economy,9315,0.0,0.238,0,3,857
2025-12-04,WEST-01,standard,10502,0.203,0.377,0,3,369
2025-12-04,WEST-01,priority,9047,0.427,0.286,0,3,480
2025-12-04,WEST-01,economy,10334,0.128,0.398,0,3,534
2025-12-05,NORTH-01,standard,9838,0.207,0.403,0,4,748
2025-12-05,NORTH-01,priority,8920,0.142,0.426,0,4,530
2025-12-05,NORTH-01,economy,7419,0.172,0.31,0,4,265
2025-12-05,NORTH-02,standard,8966,0.287,0.461,0,4,394
2025-12-05,NORTH-02,priority,8627,0.053,0.387,0,4,265
2025-12-05,NORTH-02,economy,6753,0.53,0.208,0,4,495
2025-12-05,CENTRAL-01,standard,9051,0.259,0.293,0,4,506
2025-12-05,CENTRAL-01,priority,9207,0.225,0.294,0,4,524
2025-12-05,CENTRAL-01,economy,8472,0.34,0.346,0,4,406
2025-12-05,SOUTH-01,standard,10284,0.245,0.379,0,4,550
2025-12-05,SOUTH-01,priority,9465,0.0,0.3,0,4,519
2025-12-05,SOUTH-01,economy,8380,0.279,0.394,0,4,541
2025-12-05,SOUTH-02,standard,11153,0.083,0.451,0,4,513
2025-12-05,SOUTH-02,priority,9302,0.102,0.294,0,4,348
2025-12-05,SOUTH-02,economy,8428,0.158,0.305,0,4,374
2025-12-05,WEST-01,standard,10391,0.191,0.323,0,4,204
2025-12-05,WEST-01,priority,10198,0.317,0.347,0,4,507
2025-12-05,WEST-01,economy,9582,0.24,0.369,0,4,559
2025-12-06,NORTH-01,standard,8345,0.297,0.461,0,5,460
2025-12-06,NORTH-01,priority,8073,0.0,0.311,0,5,511
2025-12-06,NORTH-01,economy,7357,0.166,0.404,0,5,331
2025-12-06,NORTH-02,standard,9089,0.084,0.405,0,5,161
2025-12-06,NORTH-02,priority,8392,0.256,0.276,0,5,296
2025-12-06,NORTH-02,economy,7549,0.182,0.12,0,5,301
2025-12-06,CENTRAL-01,standard,9685,0.028,0.411,0,5,441
2025-12-06,CENTRAL-01,priority,8887,0.093,0.422,0,5,625
2025-12-06,CENTRAL-01,economy,8698,0.328,0.464,0,5,368
2025-12-06,SOUTH-01,standard,10278,0.186,0.334,0,5,487
2025-12-06,SOUTH-01,priority,9387,0.151,0.483,0,5,386
2025-12-06,SOUTH-01,economy,8941,0.132,0.436,0,5,503
2025-12-06,SOUTH-02,standard,9688,0.208,0.175,0,5,437
2025-12-06,SOUTH-02,priority,9203,0.218,0.271,0,5,418
2025-12-06,SOUTH-02,economy,7670,0.339,0.178,0,5,618
2025-12-06,WEST-01,standard,10303,0.0,0.318,0,5,452
2025-12-06,WEST-01,priority,10670,0.164,0.479,0,5,346
2025-12-06,WEST-01,economy,9566,0.0,0.39,0,5,380
2025-12-07,NORTH-01,standard,8206,0.322,0.209,0,6,501
2025-12-07,NORTH-01,priority,7876,0.038,0.454,0,6,407
2025-12-07,NORTH-01,economy,7048,0.097,0.131,0,6,486
2025-12-07,NORTH-02,standard,8925,0.056,0.3,0,6,512
2025-12-07,NORTH-02,priority,8530,0.137,0.352,0,6,373
2025-12-07,NORTH-02,economy,7864,0.383,0.268,0,6,569
2025-12-07,CENTRAL-01,standard,9767,0.163,0.355,0,6,428
2025-12-07,CENTRAL-01,priority,9732,0.0,0.33,0,6,540
2025-12-07,CENTRAL-01,economy,8290,0.189,0.41,0,6,432
2025-12-07,SOUTH-01,standard,9823,0.128,0.388,0,6,436
2025-12-07,SOUTH-01,priority,9456,0.285,0.334,0,6,541
2025-12-07,SOUTH-01,economy,8132,0.171,0.322,0,6,292
2025-12-07,SOUTH-02,standard,9961,0.253,0.397,0,6,526
2025-12-07,SOUTH-02,priority,10743,0.206,0.425,0,6,571
2025-12-07,SOUTH-02,economy,8855,0.097,0.409,0,6,712
2025-12-07,WEST-01,standard,10990,0.033,0.385,0,6,460
2025-12-07,WEST-01,priority,10619,0.123,0.459,0,6,480
2025-12-07,WEST-01,economy,9683,0.388,0.341,0,6,309
2025-12-08,NORTH-01,standard,9904,0.026,0.407,0,0,734
2025-12-08,NORTH-01,priority,8985,0.095,0.404,0,0,551
2025-12-08,NORTH-01,economy,7928,0.272,0.348,0,0,377
2025-12-08,NORTH-02,standard,8972,0.046,0.379,0,0,379
2025-12-08,NORTH-02,priority,8688,0.288,0.42,0,0,510
2025-12-08,NORTH-02,economy,9162,0.043,0.32,0,0,337
2025-12-08,CENTRAL-01,standard,10491,0.351,0.371,0,0,623
2025-12-08,CENTRAL-01,priority,9513,0.287,0.414,0,0,332
2025-12-08,CENTRAL-01,economy,8723,0.146,0.388,0,0,511
2025-12-08,SOUTH-01,standard,10822,0.225,0.335,0,0,512
2025-12-08,SOUTH-01,priority,11468,0.233,0.41,0,0,544
2025-12-08,SOUTH-01,economy,8902,0.103,0.198,0,0,356
2025-12-08,SOUTH-02,standard,11342,0.263,0.318,0,0,432
2025-12-08,SOUTH-02,priority,10534,0.235,0.42,0,0,548
2025-12-08,SOUTH-02,economy,10202,0.127,0.251,0,0,535
2025-12-08,WEST-01,standard,11642,0.251,0.426,0,0,508
2025-12-08,WEST-01,priority,11102,0.146,0.378,0,0,528
2025-12-08,WEST-01,economy,10068,0.094,0.268,0,0,532
2025-12-09,NORTH-01,standard,9800,0.175,0.311,0,1,648
2025-12-09,NORTH-01,priority,9288,0.121,0.263,0,1,460
2025-12-09,NORTH-01,economy,8338,0.158,0.431,0,1,477
2025-12-09,NORTH-02,standard,10247,0.199,0.61,0,1,599
2025-12-09,NORTH-02,priority,9366,0.15,0.386,0,1,556
2025-12-09,NORTH-02,economy,8499,0.169,0.39,0,1,339
2025-12-09,CENTRAL-01,standard,10352,0.0,0.379,0,1,754
2025-12-09,CENTRAL-01,priority,10462,0.123,0.45,0,1,464
2025-12-09,CENTRAL-01,economy,9729,0.092,0.339,0,1,746
2025-12-09,SOUTH-01,standard,10737,0.032,0.351,0,1,458
2025-12-09,SOUTH-01,priority,9300,0.385,0.288,0,1,483
2025-12-09,SOUTH-01,economy,9247,0.226,0.316,0,1,476
2025-12-09,SOUTH-02,standard,11328,0.018,0.384,0,1,686
2025-12-09,SOUTH-02,priority,10520,0.218,0.338,0,1,263
2025-12-09,SOUTH-02,economy,10061,0.165,0.334,0,1,458
2025-12-09,WEST-01,standard,11181,0.351,0.328,0,1,315
2025-12-09,WEST-01,priority,10495,0.126,0.266,0,1,457
2025-12-09,WEST-01,economy,9908,0.317,0.425,0,1,481
2025-12-10,NORTH-01,standard,9354,0.231,0.397,0,2,320
2025-12-10,NORTH-01,priority,8231,0.074,0.297,0,2,100
2025-12-10,NORTH-01,economy,7273,0.153,0.207,0,2,646
2025-12-10,NORTH-02,standard,8702,0.288,0.252,0,2,334
2025-12-10,NORTH-02,priority,7933,0.335,0.174,0,2,334
2025-12-10,NORTH-02,economy,7492,0.039,0.483,0,2,261
2025-12-10,CENTRAL-01,standard,9272,0.371,0.342,0,2,383
2025-12-10,CENTRAL-01,priority,8556,0.18,0.316,0,2,268
2025-12-10,CENTRAL-01,economy,8027,0.185,0.302,0,2,499
2025-12-10,SOUTH-01,standard,10704,0.119,0.341,0,2,547
2025-12-10,SOUTH-01,priority,9230,0.115,0.262,0,2,551
2025-12-10,SOUTH-01,economy,8518,0.109,0.347,0,2,386
2025-12-10,SOUTH-02,standard,10582,0.027,0.367,0,2,667
2025-12-10,SOUTH-02,priority,10268,0.185,0.288,0,2,523
2025-12-10,SOUTH-02,economy,9162,0.195,0.344,0,2,343
2025-12-10,WEST-01,standard,10925,0.162,0.327,0,2,633
2025-12-10,WEST-01,priority,9391,0.287,0.385,0,2,401
2025-12-10,WEST-01,economy,9760,0.0,0.431,0,2,446
2025-12-11,NORTH-01,standard,8883,0.089,0.445,0,3,424
2025-12-11,NORTH-01,priority,7970,0.187,0.36,0,3,562
2025-12-11,NORTH-01,economy,6947,0.322,0.352,0,3,419
2025-12-11,NORTH-02,standard,9937,0.1,0.458,0,3,556
2025-12-11,NORTH-02,priority,8445,0.032,0.307,0,3,324
2025-12-11,NORTH-02,economy,8108,0.135,0.363,0,3,569
2025-12-11,CENTRAL-01,standard,8932,0.169,0.32,0,3,481
2025-12-11,CENTRAL-01,priority,8671,0.117,0.328,0,3,367
2025-12-11,CENTRAL-01,economy,8834,0.258,0.34,0,3,302
2025-12-11,SOUTH-01,standard,9724,0.322,0.305,0,3,522
2025-12-11,SOUTH-01,priority,9747,0.295,0.43,0,3,439
2025-12-11,SOUTH-01,economy,7321,0.389,0.394,0,3,398
2025-12-11,SOUTH-02,standard,10650,0.129,0.322,0,3,531
2025-12-11,SOUTH-02,priority,9436,0.094,0.467,0,3,295
2025-12-11,SOUTH-02,economy,9449,0.045,0.382,0,3,361
2025-12-11,WEST-01,standard,10418,0.104,0.346,0,3,583
2025-12-11,WEST-01,priority,10141,0.363,0.333,0,3,492
2025-12-11,WEST-01,economy,9459,0.339,0.502,0,3,462
2025-12-12,NORTH-01,standard,8213,0.278,0.374,0,4,204
2025-12-12,NORTH-01,priority,7966,0.104,0.373,0,4,287
2025-12-12,NORTH-01,economy,7186,0.106,0.493,0,4,353
2025-12-12,NORTH-02,standard,8717,0.113,0.503,0,4,342
2025-12-12,NORTH-02,priority,8946,0.183,0.36,0,4,565
2025-12-12,NORTH-02,economy,7879,0.091,0.372,0,4,356
2025-12-12,CENTRAL-01,standard,10100,0.297,0.367,0,4,535
2025-12-12,CENTRAL-01,priority,8561,0.287,0.13,0,4,484
2025-12-12,CENTRAL-01,economy,8634,0.239,0.471,0,4,289
2025-12-12,SOUTH-01,standard,9716,0.241,0.414,0,4,418
2025-12-12,SOUTH-01,priority,9703,0.271,0.348,0,4,489
2025-12-12,SOUTH-01,economy,8707,0.0,0.352,0,4,511
2025-12-12,SOUTH-02,standard,10323,0.228,0.273,0,4,550
2025-12-12,SOUTH-02,priority,9380,0.23,0.426,0,4,439
2025-12-12,SOUTH-02,economy,9468,0.0,0.442,0,4,450
2025-12-12,WEST-01,standard,11319,0.165,0.388,0,4,484
2025-12-12,WEST-01,priority,9273,0.229,0.382,0,4,373
2025-12-12,WEST-01,economy,10228,0.232,0.449,0,4,339
2025-12-13,NORTH-01,standard,8841,0.3,0.433,0,5,202
2025-12-13,NORTH-01,priority,8022,0.116,0.359,0,5,160
2025-12-13,NORTH-01,economy,7615,0.149,0.276,0,5,466
2025-12-13,NORTH-02,standard,9017,0.243,0.32,0,5,440
2025-12-13,NORTH-02,priority,8012,0.29,0.307,0,5,535
2025-12-13,NORTH-02,economy,8483,0.279,0.387,0,5,685
2025-12-13,CENTRAL-01,standard,9673,0.328,0.29,0,5,483
2025-12-13,CENTRAL-01,priority,9012,0.113,0.291,0,5,548
2025-12-13,CENTRAL-01,economy,8451,0.346,0.404,0,5,408
2025-12-13,SOUTH-01,standard,10026,0.206,0.23,0,5,532
2025-12-13,SOUTH-01,priority,9631,0.41,0.347,0,5,412
2025-12-13,SOUTH-01,economy,9159,0.384,0.466,0,5,461
2025-12-13,SOUTH-02,standard,9970,0.153,0.32,0,5,535
2025-12-13,SOUTH-02,priority,9908,0.15,0.381,0,5,348
2025-12-13,SOUTH-02,economy,9409,0.307,0.358,0,5,322
2025-12-13,WEST-01,standard,10967,0.088,0.319,0,5,496
2025-12-13,WEST-01,priority,9851,0.344,0.433,0,5,829
2025-12-13,WEST-01,economy,9601,0.17,0.453,0,5,542
2025-12-14,NORTH-01,standard,9154,0.294,0.23,0,6,360
2025-12-14,NORTH-01,priority,7792,0.138,0.302,0,6,351
2025-12-14,NORTH-01,economy,7687,0.037,0.411,0,6,394
2025-12-14,NORTH-02,standard,8515,0.302,0.491,0,6,630
2025-12-14,NORTH-02,priority,8524,0.177,0.242,0,6,421
2025-12-14,NORTH-02,economy,7935,0.283,0.362,0,6,365
2025-12-14,CENTRAL-01,standard,9498,0.057,0.409,0,6,513
2025-12-14,CENTRAL-01,priority,9031,0.358,0.337,0,6,447
2025-12-14,CENTRAL-01,economy,8160,0.136,0.225,0,6,405
2025-12-14,SOUTH-01,standard,9152,0.076,0.187,0,6,668
2025-12-14,SOUTH-01,priority,8943,0.185,0.235,0,6,449
2025-12-14,SOUTH-01,economy,9500,0.234,0.331,0,6,713
2025-12-14,SOUTH-02,standard,10476,0.226,0.321,0,6,334
2025-12-14,SOUTH-02,priority,9175,0.3,0.364,0,6,385
2025-12-14,SOUTH-02,economy,8549,0.249,0.217,0,6,380
2025-12-14,WEST-01,standard,11048,0.297,0.487,0,6,132
2025-12-14,WEST-01,priority,10739,0.046,0.63,0,6,189
2025-12-14,WEST-01,economy,9434,0.465,0.243,0,6,325
2025-12-15,NORTH-01,standard,8949,0.444,0.237,0,0,574
2025-12-15,NORTH-01,priority,9412,0.114,0.389,0,0,483
2025-12-15,NORTH-01,economy,8215,0.047,0.287,0,0,496
2025-12-15,NORTH-02,standard,10232,0.277,0.366,0,0,295
2025-12-15,NORTH-02,priority,9554,0.216,0.345,0,0,556
2025-12-15,NORTH-02,economy,9428,0.054,0.341,0,0,499
2025-12-15,CENTRAL-01,standard,10552,0.168,0.253,0,0,329
2025-12-15,CENTRAL-01,priority,9950,0.159,0.311,0,0,406
2025-12-15,CENTRAL-01,economy,9035,0.141,0.277,0,0,476
2025-12-15,SOUTH-01,standard,10940,0.138,0.325,0,0,628
2025-12-15,SOUTH-01,priority,10357,0.269,0.246,0,0,654
2025-12-15,SOUTH-01,economy,9418,0.265,0.157,0,0,628
2025-12-15,SOUTH-02,standard,10717,0.126,0.582,0,0,519
2025-12-15,SOUTH-02,priority,10678,0.267,0.364,0,0,375
2025-12-15,SOUTH-02,economy,9286,0.111,0.396,0,0,567
2025-12-15,WEST-01,standard,12148,0.166,0.394,0,0,992
2025-12-15,WEST-01,priority,11741,0.348,0.254,0,0,206
2025-12-15,WEST-01,economy,10414,0.127,0.364,0,0,526
2025-12-16,NORTH-01,standard,9520,0.16,0.453,0,1,451
2025-12-16,NORTH-01,priority,8790,0.393,0.427,0,1,500
2025-12-16,NORTH-01,economy,7539,0.405,0.239,0,1,337
2025-12-16,NORTH-02,standard,9758,0.206,0.427,0,1,359
2025-12-16,NORTH-02,priority,9158,0.023,0.275,0,1,195
2025-12-16,NORTH-02,economy,8653,0.113,0.266,0,1,643
2025-12-16,CENTRAL-01,standard,11400,0.0,0.431,0,1,637
2025-12-16,CENTRAL-01,priority,10176,0.221,0.455,0,1,618
2025-12-16,CENTRAL-01,economy,9566,0.194,0.265,0,1,780
2025-12-16,SOUTH-01,standard,10952,0.139,0.352,0,1,332
2025-12-16,SOUTH-01,priority,10329,0.078,0.374,0,1,491
2025-12-16,SOUTH-01,economy,9290,0.183,0.341,0,1,510
2025-12-16,SOUTH-02,standard,11347,0.219,0.28,0,1,445
2025-12-16,SOUTH-02,priority,10767,0.258,0.347,0,1,524
2025-12-16,SOUTH-02,economy,10448,0.173,0.376,0,1,507
2025-12-16,WEST-01,standard,10916,0.193,0.322,0,1,511
2025-12-16,WEST-01,priority,10822,0.028,0.305,0,1,418
2025-12-16,WEST-01,economy,10745,0.101,0.389,0,1,515
2025-12-17,NORTH-01,standard,9066,0.325,0.595,0,2,560
2025-12-17,NORTH-01,priority,7410,0.214,0.402,0,2,77
2025-12-17,NORTH-01,economy,8111,0.0,0.3,0,2,453
2025-12-17,NORTH-02,standard,9355,0.133,0.396,0,2,298
2025-12-17,NORTH-02,priority,9402,0.236,0.417,0,2,452
2025-12-17,NORTH-02,economy,8621,0.383,0.318,0,2,367
2025-12-17,CENTRAL-01,standard,10122,0.257,0.373,0,2,646
2025-12-17,CENTRAL-01,priority,9889,0.055,0.323,0,2,488
2025-12-17,CENTRAL-01,economy,7999,0.278,0.264,0,2,334
2025-12-17,SOUTH-01,standard,10455,0.291,0.409,0,2,363
2025-12-17,SOUTH-01,priority,8263,0.246,0.352,0,2,483
2025-12-17,SOUTH-01,economy,8730,0.335,0.476,0,2,541
2025-12-17,SOUTH-02,standard,9886,0.245,0.289,0,2,470
2025-12-17,SOUTH-02,priority,9636,0.152,0.357,0,2,494
2025-12-17,SOUTH-02,economy,8661,0.052,0.472,0,2,430
2025-12-17,WEST-01,standard,10481,0.156,0.339,0,2,313
2025-12-17,WEST-01,priority,10322,0.209,0.334,0,2,291
2025-12-17,WEST-01,economy,8117,0.386,0.344,0,2,446
2025-12-18,NORTH-01,standard,9134,0.123,0.259,0,3,565
2025-12-18,NORTH-01,priority,8242,0.221,0.356,0,3,237
2025-12-18,NORTH-01,economy,7979,0.203,0.449,0,3,293
2025-12-18,NORTH-02,standard,9042,0.202,0.26,0,3,360
2025-12-18,NORTH-02,priority,8314,0.076,0.379,0,3,334
2025-12-18,NORTH-02,economy,7547,0.222,0.231,0,3,221
2025-12-18,CENTRAL-01,standard,9627,0.017,0.444,0,3,382
2025-12-18,CENTRAL-01,priority,9094,0.282,0.479,0,3,575
2025-12-18,CENTRAL-01,economy,8367,0.114,0.354,0,3,469
2025-12-18,SOUTH-01,standard,9344,0.296,0.232,0,3,402
2025-12-18,SOUTH-01,priority,9568,0.064,0.368,0,3,474
2025-12-18,SOUTH-01,economy,8998,0.132,0.458,0,3,431
2025-12-18,SOUTH-02,standard,10556,0.188,0.41,0,3,392
2025-12-18,SOUTH-02,priority,9151,0.392,0.387,0,3,236
2025-12-18,SOUTH-02,economy,9404,0.263,0.453,0,3,535
2025-12-18,WEST-01,standard,10054,0.257,0.35,0,3,397
2025-12-18,WEST-01,priority,10099,0.275,0.397,0,3,417
2025-12-18,WEST-01,economy,9502,0.201,0.323,0,3,480
2025-12-19,NORTH-01,standard,8775,0.087,0.414,0,4,501
2025-12-19,NORTH-01,priority,8436,0.188,0.473,0,4,481
2025-12-19,NORTH-01,economy,7590,0.225,0.517,0,4,427
2025-12-19,NORTH-02,standard,8941,0.193,0.193,0,4,570
2025-12-19,NORTH-02,priority,8916,0.242,0.471,0,4,507
2025-12-19,NORTH-02,economy,7693,0.287,0.379,0,4,395
2025-12-19,CENTRAL-01,standard,9778,0.0,0.478,0,4,348
2025-12-19,CENTRAL-01,priority,9166,0.136,0.491,0,4,485
2025-12-19,CENTRAL-01,economy,8037,0.43,0.417,0,4,217
2025-12-19,SOUTH-01,standard,10111,0.257,0.296,0,4,477
2025-12-19,SOUTH-01,priority,8669,0.229,0.422,0,4,455
2025-12-19,SOUTH-01,economy,8973,0.178,0.373,0,4,467
2025-12-19,SOUTH-02,standard,9690,0.102,0.26,0,4,485
2025-12-19,SOUTH-02,priority,10038,0.243,0.323,0,4,467
2025-12-19,SOUTH-02,economy,8839,0.17,0.235,0,4,555
2025-12-19,WEST-01,standard,11024,0.348,0.335,0,4,680
2025-12-19,WEST-01,priority,10423,0.068,0.375,0,4,621
2025-12-19,WEST-01,economy,9603,0.08,0.375,0,4,519
2025-12-20,NORTH-01,standard,9214,0.327,0.468,0,5,337
2025-12-20,NORTH-01,priority,8467,0.123,0.431,0,5,402
2025-12-20,NORTH-01,economy,6480,0.07,0.037,0,5,337
2025-12-20,NORTH-02,standard,9437,0.145,0.383,0,5,734
2025-12-20,NORTH-02,priority,7989,0.088,0.194,0,5,620
2025-12-20,NORTH-02,economy,7735,0.182,0.431,0,5,351
2025-12-20,CENTRAL-01,standard,9675,0.0,0.324,0,5,574
2025-12-20,CENTRAL-01,priority,8995,0.247,0.509,0,5,478
2025-12-20,CENTRAL-01,economy,8406,0.178,0.294,0,5,399
2025-12-20,SOUTH-01,standard,9570,0.38,0.287,0,5,317
2025-12-20,SOUTH-01,priority,9179,0.221,0.244,0,5,315
2025-12-20,SOUTH-01,economy,9068,0.062,0.289,0,5,440
2025-12-20,SOUTH-02,standard,10194,0.165,0.395,0,5,249
2025-12-20,SOUTH-02,priority,9851,0.048,0.327,0,5,542
2025-12-20,SOUTH-02,economy,9431,0.163,0.431,0,5,293
2025-12-20,WEST-01,standard,10951,0.0,0.269,0,5,553
2025-12-20,WEST-01,priority,10790,0.167,0.36,0,5,505
2025-12-20,WEST-01,economy,8953,0.222,0.478,0,5,653
2025-12-21,NORTH-01,standard,8528,0.0,0.284,0,6,239
2025-12-21,NORTH-01,priority,8387,0.16,0.346,0,6,516
2025-12-21,NORTH-01,economy,7807,0.201,0.439,0,6,375
2025-12-21,NORTH-02,standard,8522,0.194,0.299,0,6,487
2025-12-21,NORTH-02,priority,7671,0.0,0.335,0,6,418
2025-12-21,NORTH-02,economy,7915,0.093,0.395,0,6,402
2025-12-21,CENTRAL-01,standard,9238,0.186,0.301,0,6,389
2025-12-21,CENTRAL-01,priority,9070,0.165,0.305,0,6,239
2025-12-21,CENTRAL-01,economy,8471,0.0,0.501,0,6,312
2025-12-21,SOUTH-01,standard,10322,0.177,0.411,0,6,399
2025-12-21,SOUTH-01,priority,9506,0.118,0.323,0,6,470
2025-12-21,SOUTH-01,economy,8670,0.07,0.309,0,6,617
2025-12-21,SOUTH-02,standard,10640,0.159,0.615,0,6,297
2025-12-21,SOUTH-02,priority,10049,0.222,0.434,0,6,505
2025-12-21,SOUTH-02,economy,8198,0.134,0.327,0,6,529
2025-12-21,WEST-01,standard,10765,0.135,0.442,0,6,496
2025-12-21,WEST-01,priority,10565,0.33,0.457,0,6,272
2025-12-21,WEST-01,economy,9508,0.027,0.406,0,6,474
2025-12-22,NORTH-01,standard,9144,0.205,0.37,0,0,577
2025-12-22,NORTH-01,priority,8993,0.117,0.397,0,0,680
2025-12-22,NORTH-01,economy,9095,0.354,0.521,0,0,436
2025-12-22,NORTH-02,standard,10070,0.116,0.259,0,0,485
2025-12-22,NORTH-02,priority,9468,0.175,0.284,0,0,418
2025-12-22,NORTH-02,economy,8810,0.122,0.363,0,0,273
2025-12-22,CENTRAL-01,standard,10563,0.085,0.393,0,0,263
2025-12-22,CENTRAL-01,priority,9298,0.264,0.346,0,0,378
2025-12-22,CENTRAL-01,economy,9142,0.2,0.173,0,0,572
2025-12-22,SOUTH-01,standard,10566,0.287,0.442,0,0,621
2025-12-22,SOUTH-01,priority,10338,0.213,0.283,0,0,542
2025-12-22,SOUTH-01,economy,9298,0.365,0.446,0,0,499
2025-12-22,SOUTH-02,standard,11166,0.22,0.37,0,0,725
2025-12-22,SOUTH-02,priority,10320,0.105,0.483,0,0,443
2025-12-22,SOUTH-02,economy,9568,0.272,0.266,0,0,531
2025-12-22,WEST-01,standard,12628,0.0,0.438,0,0,741
2025-12-22,WEST-01,priority,10884,0.219,0.316,0,0,541
2025-12-22,WEST-01,economy,11108,0.196,0.32,0,0,483
2025-12-23,NORTH-01,standard,9456,0.352,0.358,0,1,525
2025-12-23,NORTH-01,priority,9134,0.241,0.338,0,1,536
2025-12-23,NORTH-01,economy,7846,0.378,0.356,0,1,334
2025-12-23,NORTH-02,standard,9072,0.464,0.2,0,1,455
2025-12-23,NORTH-02,priority,9851,0.106,0.416,0,1,411
2025-12-23,NORTH-02,economy,8193,0.36,0.262,0,1,614
2025-12-23,CENTRAL-01,standard,11280,0.023,0.378,0,1,206
2025-12-23,CENTRAL-01,priority,9844,0.139,0.426,0,1,482
2025-12-23,CENTRAL-01,economy,8878,0.203,0.375,0,1,538
2025-12-23,SOUTH-01,standard,10538,0.211,0.258,0,1,326
2025-12-23,SOUTH-01,priority,10371,0.206,0.389,0,1,557
2025-12-23,SOUTH-01,economy,9644,0.196,0.411,0,1,553
2025-12-23,SOUTH-02,standard,11341,0.026,0.238,0,1,602
2025-12-23,SOUTH-02,priority,10910,0.147,0.401,0,1,261
2025-12-23,SOUTH-02,economy,9292,0.459,0.249,0,1,596
2025-12-23,WEST-01,standard,11460,0.182,0.289,0,1,418
2025-12-23,WEST-01,priority,11072,0.084,0.413,0,1,383
2025-12-23,WEST-01,economy,10248,0.089,0.338,0,1,450
2025-12-24,NORTH-01,standard,8240,0.222,0.312,0,2,343
2025-12-24,NORTH-01,priority,8154,0.347,0.524,0,2,511
2025-12-24,NORTH-01,economy,7679,0.067,0.303,0,2,126
2025-12-24,NORTH-02,standard,8525,0.273,0.305,0,2,482
2025-12-24,NORTH-02,priority,8433,0.353,0.325,0,2,487
2025-12-24,NORTH-02,economy,7845,0.209,0.27,0,2,437
2025-12-24,CENTRAL-01,standard,9163,0.0,0.419,0,2,470
2025-12-24,CENTRAL-01,priority,8300,0.362,0.33,0,2,496
2025-12-24,CENTRAL-01,economy,7054,0.348,0.261,0,2,533
2025-12-24,SOUTH-01,standard,9168,0.283,0.381,0,2,526
2025-12-24,SOUTH-01,priority,9343,0.304,0.523,0,2,479
2025-12-24,SOUTH-01,economy,9393,0.0,0.427,0,2,510
2025-12-24,SOUTH-02,standard,10109,0.323,0.287,0,2,461
2025-12-24,SOUTH-02,priority,9914,0.312,0.44,0,2,509
2025-12-24,SOUTH-02,economy,9646,0.246,0.323,0,2,415
2025-12-24,WEST-01,standard,11129,0.232,0.302,0,2,501
2025-12-24,WEST-01,priority,10375,0.428,0.34,0,2,415
2025-12-24,WEST-01,economy,9774,0.143,0.347,0,2,383
2025-12-25,NORTH-01,standard,10527,0.112,0.357,1,3,491
2025-12-25,NORTH-01,priority,9765,0.158,0.244,1,3,574
2025-12-25,NORTH-01,economy,8706,0.295,0.362,1,3,402
2025-12-25,NORTH-02,standard,10345,0.199,0.348,1,3,288
2025-12-25,NORTH-02,priority,10261,0.113,0.328,1,3,438
2025-12-25,NORTH-02,economy,10175,0.15,0.359,1,3,465
2025-12-25,CENTRAL-01,standard,12002,0.0,0.295,1,3,712
2025-12-25,CENTRAL-01,priority,10797,0.293,0.406,1,3,475
2025-12-25,CENTRAL-01,economy,10260,0.284,0.422,1,3,415
2025-12-25,SOUTH-01,standard,11968,0.141,0.299,1,3,575
2025-12-25,SOUTH-01,priority,10381,0.227,0.396,1,3,597
2025-12-25,SOUTH-01,economy,10001,0.115,0.314,1,3,489
2025-12-25,SOUTH-02,standard,11125,0.172,0.239,1,3,489
2025-12-25,SOUTH-02,priority,11793,0.278,0.407,1,3,510
2025-12-25,SOUTH-02,economy,11134,0.138,0.341,1,3,707
2025-12-25,WEST-01,standard,12475,0.125,0.329,1,3,522
2025-12-25,WEST-01,priority,11537,0.11,0.34,1,3,613
2025-12-25,WEST-01,economy,11710,0.357,0.327,1,3,518
2025-12-26,NORTH-01,standard,8446,0.096,0.405,0,4,508
2025-12-26,NORTH-01,priority,7788,0.21,0.318,0,4,308
2025-12-26,NORTH-01,economy,7447,0.304,0.332,0,4,402
2025-12-26,NORTH-02,standard,9391,0.155,0.376,0,4,478
2025-12-26,NORTH-02,priority,8158,0.157,0.263,0,4,388
2025-12-26,NORTH-02,economy,7965,0.182,0.211,0,4,457
2025-12-26,CENTRAL-01,standard,9233,0.11,0.277,0,4,298
2025-12-26,CENTRAL-01,priority,9334,0.139,0.336,0,4,516
2025-12-26,CENTRAL-01,economy,7804,0.33,0.359,0,4,623
2025-12-26,SOUTH-01,standard,9952,0.142,0.226,0,4,287
2025-12-26,SOUTH-01,priority,9542,0.17,0.312,0,4,580
2025-12-26,SOUTH-01,economy,9054,0.141,0.318,0,4,359
2025-12-26,SOUTH-02,standard,10125,0.188,0.393,0,4,447
2025-12-26,SOUTH-02,priority,9404,0.192,0.456,0,4,444
2025-12-26,SOUTH-02,economy,9005,0.342,0.428,0,4,441
2025-12-26,WEST-01,standard,11417,0.235,0.388,0,4,658
2025-12-26,WEST-01,priority,9981,0.014,0.222,0,4,257
2025-12-26,WEST-01,economy,9183,0.337,0.23,0,4,350
2025-12-27,NORTH-01,standard,8729,0.0,0.444,0,5,670
2025-12-27,NORTH-01,priority,7039,0.349,0.35,0,5,350
2025-12-27,NORTH-01,economy,7177,0.454,0.384,0,5,321
2025-12-27,NORTH-02,standard,9182,0.286,0.38,0,5,591
2025-12-27,NORTH-02,priority,7762,0.31,0.385,0,5,294
2025-12-27,NORTH-02,economy,8574,0.106,0.347,0,5,683
2025-12-27,CENTRAL-01,standard,8929,0.227,0.394,0,5,397
2025-12-27,CENTRAL-01,priority,9171,0.114,0.299,0,5,401
2025-12-27,CENTRAL-01,economy,9063,0.0,0.417,0,5,486
2025-12-27,SOUTH-01,standard,9558,0.16,0.278,0,5,595
2025-12-27,SOUTH-01,priority,10042,0.09,0.511,0,5,522
2025-12-27,SOUTH-01,economy,8395,0.506,0.452,0,5,309
2025-12-27,SOUTH-02,standard,10128,0.129,0.342,0,5,348
2025-12-27,SOUTH-02,priority,10635,0.208,0.421,0,5,508
2025-12-27,SOUTH-02,economy,9282,0.252,0.202,0,5,337
2025-12-27,WEST-01,standard,10703,0.217,0.347,0,5,323
2025-12-27,WEST-01,priority,9958,0.089,0.274,0,5,620
2025-12-27,WEST-01,economy,9845,0.138,0.296,0,5,514
2025-12-28,NORTH-01,standard,7739,0.424,0.431,0,6,508
2025-12-28,NORTH-01,priority,8081,0.262,0.483,0,6,553
2025-12-28,NORTH-01,economy,7077,0.137,0.373,0,6,227
2025-12-28,NORTH-02,standard,8491,0.284,0.35,0,6,532
2025-12-28,NORTH-02,priority,7886,0.0,0.285,0,6,560
2025-12-28,NORTH-02,economy,8065,0.128,0.356,0,6,518
2025-12-28,CENTRAL-01,standard,9446,0.263,0.414,0,6,565
2025-12-28,CENTRAL-01,priority,8318,0.101,0.318,0,6,630
2025-12-28,CENTRAL-01,economy,8787,0.061,0.463,0,6,467
2025-12-28,SOUTH-01,standard,10511,0.224,0.265,0,6,451
2025-12-28,SOUTH-01,priority,8598,0.302,0.307,0,6,675
2025-12-28,SOUTH-01,economy,7582,0.108,0.387,0,6,398
2025-12-28,SOUTH-02,standard,10321,0.252,0.361,0,6,464
2025-12-28,SOUTH-02,priority,9470,0.284,0.247,0,6,636
2025-12-28,SOUTH-02,economy,8859,0.002,0.341,0,6,481
2025-12-28,WEST-01,standard,10755,0.184,0.274,0,6,510
2025-12-28,WEST-01,priority,9975,0.107,0.317,0,6,205
2025-12-28,WEST-01,economy,8887,0.291,0.446,0,6,591
2025-12-29,NORTH-01,standard,9353,0.228,0.262,0,0,375
2025-12-29,NORTH-01,priority,9674,0.291,0.277,0,0,609
2025-12-29,NORTH-01,economy,8957,0.033,0.481,0,0,430
2025-12-29,NORTH-02,standard,9725,0.261,0.424,0,0,571
2025-12-29,NORTH-02,priority,9475,0.128,0.415,0,0,343
2025-12-29,NORTH-02,economy,8743,0.256,0.32,0,0,491
2025-12-29,CENTRAL-01,standard,9896,0.356,0.315,0,0,674
2025-12-29,CENTRAL-01,priority,9932,0.18,0.306,0,0,436
2025-12-29,CENTRAL-01,economy,9086,0.148,0.556,0,0,280
2025-12-29,SOUTH-01,standard,10848,0.327,0.32,0,0,582
2025-12-29,SOUTH-01,priority,10304,0.0,0.441,0,0,716
2025-12-29,SOUTH-01,economy,10620,0.084,0.475,0,0,439
2025-12-29,SOUTH-02,standard,11942,0.157,0.325,0,0,559
2025-12-29,SOUTH-02,priority,10821,0.244,0.339,0,0,569
2025-12-29,SOUTH-02,economy,10230,0.108,0.492,0,0,610
2025-12-29,WEST-01,standard,12396,0.029,0.405,0,0,583
2025-12-29,WEST-01,priority,11136,0.309,0.293,0,0,331
2025-12-29,WEST-01,economy,10380,0.198,0.287,0,0,656
2025-12-30,NORTH-01,standard,9803,0.389,0.247,0,1,641
2025-12-30,NORTH-01,priority,8902,0.219,0.459,0,1,385
2025-12-30,NORTH-01,economy,8441,0.119,0.407,0,1,347
2025-12-30,NORTH-02,standard,9741,0.1,0.35,0,1,552
2025-12-30,NORTH-02,priority,10597,0.323,0.428,0,1,547
2025-12-30,NORTH-02,economy,8504,0.383,0.365,0,1,449
2025-12-30,CENTRAL-01,standard,9971,0.2,0.34,0,1,361
2025-12-30,CENTRAL-01,priority,10544,0.316,0.417,0,1,449
2025-12-30,CENTRAL-01,economy,9597,0.122,0.258,0,1,360
2025-12-30,SOUTH-01,standard,10264,0.176,0.375,0,1,581
2025-12-30,SOUTH-01,priority,10148,0.301,0.372,0,1,480
2025-12-30,SOUTH-01,economy,9491,0.348,0.354,0,1,382
2025-12-30,SOUTH-02,standard,11586,0.0,0.438,0,1,422
2025-12-30,SOUTH-02,priority,10425,0.433,0.385,0,1,614
2025-12-30,SOUTH-02,economy,9815,0.224,0.378,0,1,558
2025-12-30,WEST-01,standard,10788,0.293,0.302,0,1,617
2025-12-30,WEST-01,priority,11161,0.255,0.417,0,1,630
2025-12-30,WEST-01,economy,10118,0.102,0.335,0,1,622
